date,sp500,ftse,dax
2015-01-02,6547.7998046875,9764.73046875,2058.199951171875
2015-01-05,6417.2001953125,9473.16015625,2020.5799560546875
2015-01-06,6366.5,9469.66015625,2002.6099853515625
2015-01-07,6419.7998046875,9518.1796875,2025.9000244140625
2015-01-08,6570.0,9837.6103515625,2062.139892578125
2015-01-09,6501.10009765625,9648.5,2044.81005859375
2015-01-12,6501.39990234375,9781.900390625,2028.260009765625
2015-01-13,6542.2001953125,9941.0,2023.030029296875
2015-01-14,6388.5,9817.080078125,2011.27001953125
2015-01-15,6498.7998046875,10032.6103515625,1992.6700439453125
2015-01-16,6550.2998046875,10167.76953125,2019.4200439453125
2015-01-20,6620.10009765625,10257.1298828125,2022.550048828125
2015-01-21,6728.0,10299.23046875,2032.1199951171875
2015-01-22,6796.60009765625,10435.6201171875,2063.14990234375
2015-01-23,6832.7998046875,10649.580078125,2051.820068359375
2015-01-26,6852.39990234375,10798.330078125,2057.090087890625
2015-01-27,6811.60009765625,10628.580078125,2029.550048828125
2015-01-28,6825.89990234375,10710.9697265625,2002.1600341796875
2015-01-29,6810.60009765625,10737.8701171875,2021.25
2015-01-30,6749.39990234375,10694.3203125,1994.989990234375
2015-02-02,6782.60009765625,10828.009765625,2020.8499755859375
2015-02-03,6871.7998046875,10890.9501953125,2050.030029296875
2015-02-04,6860.0,10911.3203125,2041.510009765625
2015-02-05,6865.89990234375,10905.41015625,2062.52001953125
2015-02-06,6853.39990234375,10846.3896484375,2055.469970703125
2015-02-09,6837.2001953125,10663.509765625,2046.739990234375
2015-02-10,6829.10009765625,10753.830078125,2068.590087890625
2015-02-11,6818.2001953125,10752.1103515625,2068.530029296875
2015-02-12,6828.10009765625,10919.650390625,2088.47998046875
2015-02-13,6873.5,10963.400390625,2096.989990234375
2015-02-17,6898.10009765625,10895.6201171875,2100.340087890625
2015-02-18,6898.10009765625,10961.0,2099.679931640625
2015-02-19,6888.89990234375,11001.9404296875,2097.449951171875
2015-02-20,6915.2001953125,11050.6396484375,2110.300048828125
2015-02-23,6912.2001953125,11130.919921875,2109.659912109375
2015-02-24,6949.60009765625,11205.740234375,2115.47998046875
2015-02-25,6935.39990234375,11210.26953125,2113.860107421875
2015-02-26,6949.7001953125,11327.1904296875,2110.739990234375
2015-02-27,6946.7001953125,11401.66015625,2104.5
2015-03-02,6940.60009765625,11410.3603515625,2117.389892578125
2015-03-03,6889.10009765625,11280.3603515625,2107.780029296875
2015-03-04,6919.2001953125,11390.3798828125,2098.530029296875
2015-03-05,6961.10009765625,11504.009765625,2101.0400390625
2015-03-06,6911.7998046875,11550.9697265625,2071.260009765625
2015-03-09,6876.5,11582.1103515625,2079.429931640625
2015-03-10,6702.7998046875,11500.3798828125,2044.1600341796875
2015-03-11,6721.5,11805.990234375,2040.239990234375
2015-03-12,6761.10009765625,11799.3896484375,2065.949951171875
2015-03-13,6740.60009765625,11901.6103515625,2053.39990234375
2015-03-16,6804.10009765625,12167.7197265625,2081.18994140625
2015-03-17,6837.60009765625,11980.849609375,2074.280029296875
2015-03-18,6945.2001953125,11922.76953125,2099.5
2015-03-19,6962.2998046875,11899.400390625,2089.27001953125
2015-03-20,7022.5,12039.3701171875,2108.10009765625
2015-03-23,7037.7001953125,11895.83984375,2104.419921875
2015-03-24,7019.7001953125,12005.6904296875,2091.5
2015-03-25,6991.0,11865.3203125,2061.050048828125
2015-03-26,6895.2998046875,11843.6796875,2056.14990234375
2015-03-27,6855.0,11868.330078125,2061.02001953125
2015-03-30,6891.39990234375,12086.009765625,2086.239990234375
2015-03-31,6773.0,11966.169921875,2067.889892578125
2015-04-01,6809.5,12001.3798828125,2059.68994140625
2015-04-02,6833.5,11967.3896484375,2066.9599609375
2015-04-07,6961.7998046875,12123.51953125,2076.330078125
2015-04-08,6937.39990234375,12035.8603515625,2081.89990234375
2015-04-09,7015.39990234375,12166.4404296875,2091.179931640625
2015-04-10,7089.7998046875,12374.73046875,2102.06005859375
2015-04-13,7064.2998046875,12338.73046875,2092.429931640625
2015-04-14,7075.2998046875,12227.599609375,2095.840087890625
2015-04-15,7096.7998046875,12231.33984375,2106.6298828125
2015-04-16,7060.5,11998.8603515625,2104.989990234375
2015-04-17,6994.60009765625,11688.7001953125,2081.179931640625
2015-04-20,7052.10009765625,11891.91015625,2100.39990234375
2015-04-21,7062.89990234375,11939.580078125,2097.2900390625
2015-04-22,7028.2001953125,11867.3701171875,2107.9599609375
2015-04-23,7053.7001953125,11723.580078125,2112.929931640625
2015-04-24,7070.7001953125,11810.849609375,2117.68994140625
2015-04-27,7104.0,12039.16015625,2108.919921875
2015-04-28,7030.5,11811.66015625,2114.760009765625
2015-04-29,6946.2998046875,11432.7197265625,2106.85009765625
2015-04-30,6960.60009765625,11454.3798828125,2085.510009765625
2015-05-05,6927.60009765625,11327.6796875,2089.4599609375
2015-05-06,6933.7001953125,11350.150390625,2080.14990234375
2015-05-07,6887.0,11407.9697265625,2088.0
2015-05-08,7046.7998046875,11709.73046875,2116.10009765625
2015-05-11,7029.89990234375,11673.349609375,2105.330078125
2015-05-12,6933.7998046875,11472.41015625,2099.1201171875
2015-05-13,6949.60009765625,11351.4599609375,2098.47998046875
2015-05-14,6973.0,11559.8203125,2121.10009765625
2015-05-15,6960.5,11447.0302734375,2122.72998046875
2015-05-18,6968.89990234375,11594.2802734375,2129.199951171875
2015-05-19,6995.10009765625,11853.330078125,2127.830078125
2015-05-20,7007.2998046875,11848.4697265625,2125.85009765625
2015-05-21,7013.5,11864.58984375,2130.820068359375
2015-05-22,7031.7001953125,11815.009765625,2126.06005859375
2015-05-26,6949.0,11625.1298828125,2104.199951171875
2015-05-27,7033.2998046875,11771.1298828125,2123.47998046875
2015-05-28,7040.89990234375,11677.5703125,2120.7900390625
2015-05-29,6984.39990234375,11413.8203125,2107.389892578125
2015-06-01,6953.60009765625,11436.0498046875,2111.72998046875
2015-06-02,6928.2998046875,11328.7998046875,2109.60009765625
2015-06-03,6950.5,11419.6201171875,2114.070068359375
2015-06-04,6859.2001953125,11340.599609375,2095.840087890625
2015-06-05,6804.60009765625,11197.150390625,2092.830078125
2015-06-08,6790.0,11064.919921875,2079.280029296875
2015-06-09,6753.7998046875,11001.2900390625,2080.14990234375
2015-06-10,6830.2998046875,11265.3896484375,2105.199951171875
2015-06-11,6846.7001953125,11332.7802734375,2108.860107421875
2015-06-12,6784.89990234375,11196.490234375,2094.110107421875
2015-06-15,6710.5,10984.9697265625,2084.429931640625
2015-06-16,6710.10009765625,11044.009765625,2096.2900390625
2015-06-17,6680.60009765625,10978.009765625,2100.43994140625
2015-06-18,6707.89990234375,11100.2998046875,2121.239990234375
2015-06-19,6710.5,11040.099609375,2109.989990234375
2015-06-22,6825.7001953125,11460.5,2122.85009765625
2015-06-23,6834.89990234375,11542.5400390625,2124.199951171875
2015-06-24,6844.7998046875,11471.259765625,2108.580078125
2015-06-25,6807.7998046875,11473.1298828125,2102.31005859375
2015-06-26,6753.7001953125,11492.4296875,2101.489990234375
2015-06-29,6620.5,11083.2001953125,2057.639892578125
2015-06-30,6521.0,10944.9697265625,2063.110107421875
2015-07-01,6608.60009765625,11180.5,2077.419921875
2015-07-02,6630.5,11099.349609375,2076.780029296875
2015-07-06,6535.7001953125,10890.6298828125,2068.760009765625
2015-07-07,6432.2001953125,10676.7802734375,2081.340087890625
2015-07-08,6490.7001953125,10747.2998046875,2046.6800537109375
2015-07-09,6581.60009765625,10996.41015625,2051.31005859375
2015-07-10,6673.39990234375,11315.6298828125,2076.6201171875
2015-07-13,6738.0,11484.3798828125,2099.60009765625
2015-07-14,6753.7998046875,11516.900390625,2108.949951171875
2015-07-15,6753.7998046875,11539.66015625,2107.39990234375
2015-07-16,6796.5,11716.759765625,2124.2900390625
2015-07-17,6775.10009765625,11673.419921875,2126.639892578125
2015-07-20,6788.7001953125,11735.7197265625,2128.280029296875
2015-07-21,6769.10009765625,11604.7998046875,2119.2099609375
2015-07-22,6667.2998046875,11520.669921875,2114.14990234375
2015-07-23,6655.0,11512.1103515625,2102.14990234375
2015-07-24,6579.7998046875,11347.4501953125,2079.64990234375
2015-07-27,6505.10009765625,11056.400390625,2067.639892578125
2015-07-28,6555.2998046875,11173.91015625,2093.25
2015-07-29,6631.0,11211.849609375,2108.570068359375
2015-07-30,6668.89990234375,11257.150390625,2108.6298828125
2015-07-31,6696.2998046875,11308.990234375,2103.840087890625
2015-08-03,6688.60009765625,11443.7197265625,2098.0400390625
2015-08-04,6686.60009765625,11456.0703125,2093.320068359375
2015-08-05,6752.39990234375,11636.2998046875,2099.840087890625
2015-08-06,6747.10009765625,11585.099609375,2083.56005859375
2015-08-07,6718.5,11490.830078125,2077.570068359375
2015-08-10,6736.2001953125,11604.7802734375,2104.179931640625
2015-08-11,6664.5,11293.650390625,2084.070068359375
2015-08-12,6571.2001953125,10924.6103515625,2086.050048828125
2015-08-13,6568.2998046875,11014.6298828125,2083.389892578125
2015-08-14,6550.7001953125,10985.1396484375,2091.5400390625
2015-08-17,6550.2998046875,10940.330078125,2102.43994140625
2015-08-18,6526.2998046875,10915.919921875,2096.919921875
2015-08-19,6403.5,10682.150390625,2079.610107421875
2015-08-20,6367.89990234375,10432.1904296875,2035.72998046875
2015-08-21,6187.7001953125,10124.51953125,1970.8900146484375
2015-08-24,5898.89990234375,9648.4296875,1893.2099609375
2015-08-25,6081.2998046875,10128.1201171875,1867.6099853515625
2015-08-26,5979.2001953125,9997.4296875,1940.510009765625
2015-08-27,6192.0,10315.6201171875,1987.6600341796875
2015-08-28,6247.89990234375,10298.5302734375,1988.8699951171875
2015-09-01,6058.5,10015.5703125,1913.8499755859375
2015-09-02,6083.2998046875,10048.0498046875,1948.8599853515625
2015-09-03,6194.10009765625,10317.83984375,1951.1300048828125
2015-09-04,6042.89990234375,10038.0400390625,1921.219970703125
2015-09-08,6146.10009765625,10271.3603515625,1969.4100341796875
2015-09-09,6229.0,10303.1201171875,1942.0400390625
2015-09-10,6155.7998046875,10210.4404296875,1952.2900390625
2015-09-11,6117.7998046875,10123.5595703125,1961.050048828125
2015-09-14,6084.60009765625,10131.740234375,1953.030029296875
2015-09-15,6137.60009765625,10188.1298828125,1978.0899658203125
2015-09-16,6229.2001953125,10227.2099609375,1995.31005859375
2015-09-17,6187.0,10229.580078125,1990.199951171875
2015-09-18,6104.10009765625,9916.16015625,1958.030029296875
2015-09-21,6108.7001953125,9948.509765625,1966.969970703125
2015-09-22,5935.7998046875,9570.66015625,1942.739990234375
2015-09-23,6032.2001953125,9612.6201171875,1938.760009765625
2015-09-24,5961.5,9427.6396484375,1932.239990234375
2015-09-25,6109.0,9688.5302734375,1931.3399658203125
2015-09-28,5958.89990234375,9483.5498046875,1881.77001953125
2015-09-29,5909.2001953125,9450.400390625,1884.0899658203125
2015-09-30,6061.60009765625,9660.4404296875,1920.030029296875
2015-10-01,6072.5,9509.25,1923.8199462890625
2015-10-02,6130.0,9553.0703125,1951.3599853515625
2015-10-05,6298.89990234375,9814.7900390625,1987.050048828125
2015-10-06,6326.2001953125,9902.830078125,1979.9200439453125
2015-10-07,6336.39990234375,9970.400390625,1995.8299560546875
2015-10-08,6374.7998046875,9993.0703125,2013.4300537109375
2015-10-09,6416.2001953125,10096.599609375,2014.8900146484375
2015-10-12,6371.2001953125,10119.830078125,2017.4599609375
2015-10-13,6342.2998046875,10032.8203125,2003.68994140625
2015-10-14,6269.60009765625,9915.849609375,1994.239990234375
2015-10-15,6338.7001953125,10064.7998046875,2023.8599853515625
2015-10-16,6378.0,10104.4296875,2033.1099853515625
2015-10-19,6352.2998046875,10164.3095703125,2033.6600341796875
2015-10-20,6345.10009765625,10147.6796875,2030.77001953125
2015-10-21,6348.39990234375,10238.099609375,2018.93994140625
2015-10-22,6376.2998046875,10491.9697265625,2052.510009765625
2015-10-23,6444.10009765625,10794.5400390625,2075.14990234375
2015-10-26,6417.0,10801.33984375,2071.179931640625
2015-10-27,6365.2998046875,10692.1904296875,2065.889892578125
2015-10-28,6437.7998046875,10831.9599609375,2090.35009765625
2015-10-29,6395.7998046875,10800.83984375,2089.409912109375
2015-10-30,6361.10009765625,10850.1396484375,2079.360107421875
2015-11-02,6361.7998046875,10950.669921875,2104.050048828125
2015-11-03,6383.60009765625,10951.150390625,2109.7900390625
2015-11-04,6412.89990234375,10845.240234375,2102.31005859375
2015-11-05,6364.89990234375,10887.740234375,2099.929931640625
2015-11-06,6353.7998046875,10988.0302734375,2099.199951171875
2015-11-09,6295.2001953125,10815.4501953125,2078.580078125
2015-11-10,6275.2998046875,10832.51953125,2081.719970703125
2015-11-11,6297.2001953125,10907.8701171875,2075.0
2015-11-12,6178.7001953125,10782.6298828125,2045.969970703125
2015-11-13,6118.2998046875,10708.400390625,2023.0400390625
2015-11-16,6146.39990234375,10713.23046875,2053.18994140625
2015-11-17,6268.7998046875,10971.0400390625,2050.43994140625
2015-11-18,6279.0,10959.9501953125,2083.580078125
2015-11-19,6329.89990234375,11085.4404296875,2081.239990234375
2015-11-20,6334.60009765625,11119.830078125,2089.169921875
2015-11-23,6305.5,11092.3095703125,2086.590087890625
2015-11-24,6277.2001953125,10933.990234375,2089.139892578125
2015-11-25,6337.60009765625,11169.5400390625,2088.8701171875
2015-11-27,6375.2001953125,11293.759765625,2090.110107421875
2015-11-30,6356.10009765625,11382.23046875,2080.409912109375
2015-12-01,6395.7001953125,11261.240234375,2102.6298828125
2015-12-02,6420.89990234375,11190.01953125,2079.510009765625
2015-12-03,6275.0,10789.240234375,2049.6201171875
2015-12-04,6238.2998046875,10752.099609375,2091.68994140625
2015-12-07,6223.5,10886.08984375,2077.070068359375
2015-12-08,6135.2001953125,10673.599609375,2063.590087890625
2015-12-09,6126.7001953125,10592.490234375,2047.6199951171875
2015-12-10,6088.10009765625,10598.9296875,2052.22998046875
2015-12-11,5952.7998046875,10340.0595703125,2012.3699951171875
2015-12-14,5874.10009765625,10139.33984375,2021.93994140625
2015-12-15,6017.7998046875,10450.3798828125,2043.4100341796875
2015-12-16,6061.2001953125,10469.259765625,2073.070068359375
2015-12-17,6102.5,10738.1201171875,2041.8900146484375
2015-12-18,6052.39990234375,10608.1904296875,2005.550048828125
2015-12-21,6034.7998046875,10497.76953125,2021.1500244140625
2015-12-22,6083.10009765625,10488.75,2038.969970703125
2015-12-23,6241.0,10727.6396484375,2064.2900390625
2015-12-29,6314.60009765625,10860.1396484375,2078.360107421875
2015-12-30,6274.10009765625,10743.009765625,2063.360107421875
2016-01-04,6093.39990234375,10283.4404296875,2012.6600341796875
2016-01-05,6137.2001953125,10310.099609375,2016.7099609375
2016-01-06,6073.39990234375,10214.01953125,1990.260009765625
2016-01-07,5954.10009765625,9979.849609375,1943.0899658203125
2016-01-08,5912.39990234375,9849.33984375,1922.030029296875
2016-01-11,5871.7998046875,9825.0703125,1923.6700439453125
2016-01-12,5929.2001953125,9985.4296875,1938.6800537109375
2016-01-13,5961.0,9960.9599609375,1890.280029296875
2016-01-14,5918.2001953125,9794.2001953125,1921.8399658203125
2016-01-15,5804.10009765625,9545.26953125,1880.3299560546875
2016-01-19,5876.7998046875,9664.2099609375,1881.3299560546875
2016-01-20,5673.60009765625,9391.6396484375,1859.3299560546875
2016-01-21,5773.7998046875,9574.16015625,1868.989990234375
2016-01-22,5900.0,9764.8798828125,1906.9000244140625
2016-01-25,5877.0,9736.150390625,1877.0799560546875
2016-01-26,5911.5,9822.75,1903.6300048828125
2016-01-27,5990.39990234375,9880.8203125,1882.949951171875
2016-01-28,5931.7998046875,9639.58984375,1893.3599853515625
2016-01-29,6083.7998046875,9798.1103515625,1940.239990234375
2016-02-01,6060.10009765625,9757.8798828125,1939.3800048828125
2016-02-02,5922.0,9581.0400390625,1903.030029296875
2016-02-03,5837.10009765625,9434.8203125,1912.530029296875
2016-02-04,5898.7998046875,9393.3603515625,1915.449951171875
2016-02-05,5848.10009765625,9286.23046875,1880.050048828125
2016-02-08,5689.39990234375,8979.3603515625,1853.43994140625
2016-02-09,5632.2001953125,8879.400390625,1852.2099609375
2016-02-10,5672.2998046875,9017.2900390625,1851.8599853515625
2016-02-11,5537.0,8752.8701171875,1829.0799560546875
2016-02-12,5707.60009765625,8967.509765625,1864.780029296875
2016-02-16,5862.2001953125,9135.1103515625,1895.5799560546875
2016-02-17,6030.2998046875,9377.2099609375,1926.8199462890625
2016-02-18,5972.0,9463.6396484375,1917.8299560546875
2016-02-19,5950.2001953125,9388.0498046875,1917.780029296875
2016-02-22,6037.7001953125,9573.58984375,1945.5
2016-02-23,5962.2998046875,9416.76953125,1921.27001953125
2016-02-24,5867.2001953125,9167.7998046875,1929.800048828125
2016-02-25,6012.7998046875,9331.48046875,1951.699951171875
2016-02-26,6096.0,9513.2998046875,1948.050048828125
2016-02-29,6097.10009765625,9495.400390625,1932.22998046875
2016-03-01,6152.89990234375,9717.16015625,1978.3499755859375
2016-03-02,6147.10009765625,9776.6201171875,1986.449951171875
2016-03-03,6130.5,9751.919921875,1993.4000244140625
2016-03-04,6199.39990234375,9824.169921875,1999.989990234375
2016-03-07,6182.39990234375,9778.9296875,2001.760009765625
2016-03-08,6125.39990234375,9692.8203125,1979.260009765625
2016-03-09,6146.2998046875,9723.08984375,1989.260009765625
2016-03-10,6036.7001953125,9498.150390625,1989.5699462890625
2016-03-11,6139.7998046875,9831.1298828125,2022.18994140625
2016-03-14,6174.60009765625,9990.259765625,2019.6400146484375
2016-03-15,6140.0,9933.849609375,2015.9300537109375
2016-03-16,6175.5,9983.41015625,2027.219970703125
2016-03-17,6201.10009765625,9892.2001953125,2040.5899658203125
2016-03-18,6189.60009765625,9950.7998046875,2049.580078125
2016-03-21,6184.60009765625,9948.6396484375,2051.60009765625
2016-03-22,6192.7001953125,9990.0,2049.800048828125
2016-03-23,6199.10009765625,10022.9296875,2036.7099609375
2016-03-24,6106.5,9851.349609375,2035.93994140625
2016-03-29,6105.89990234375,9887.9404296875,2055.010009765625
2016-03-30,6203.2001953125,10046.6103515625,2063.949951171875
2016-03-31,6174.89990234375,9965.509765625,2059.739990234375
2016-04-01,6146.10009765625,9794.6396484375,2072.780029296875
2016-04-04,6164.7001953125,9822.080078125,2066.1298828125
2016-04-05,6091.2001953125,9563.3603515625,2045.1700439453125
2016-04-06,6161.60009765625,9624.509765625,2066.659912109375
2016-04-07,6136.89990234375,9530.6201171875,2041.9100341796875
2016-04-08,6204.39990234375,9622.259765625,2047.5999755859375
2016-04-11,6200.10009765625,9682.990234375,2041.989990234375
2016-04-12,6242.39990234375,9761.4697265625,2061.719970703125
2016-04-13,6362.89990234375,10026.099609375,2082.419921875
2016-04-14,6365.10009765625,10093.650390625,2082.780029296875
2016-04-15,6343.7998046875,10051.5703125,2080.72998046875
2016-04-18,6353.5,10120.3095703125,2094.340087890625
2016-04-19,6405.39990234375,10349.58984375,2100.800048828125
2016-04-20,6410.2998046875,10421.2900390625,2102.39990234375
2016-04-21,6381.39990234375,10435.73046875,2091.47998046875
2016-04-22,6310.39990234375,10373.490234375,2091.580078125
2016-04-25,6260.89990234375,10294.349609375,2087.7900390625
2016-04-26,6284.5,10259.58984375,2091.699951171875
2016-04-27,6319.89990234375,10299.830078125,2095.14990234375
2016-04-28,6322.39990234375,10321.150390625,2075.81005859375
2016-04-29,6241.89990234375,10038.9697265625,2065.300048828125
2016-05-03,6185.60009765625,9926.76953125,2063.3701171875
2016-05-04,6112.0,9828.25,2051.1201171875
2016-05-05,6117.2998046875,9851.8603515625,2050.6298828125
2016-05-06,6125.7001953125,9869.9501953125,2057.139892578125
2016-05-09,6114.7998046875,9980.490234375,2058.68994140625
2016-05-10,6156.7001953125,10045.4404296875,2084.389892578125
2016-05-11,6162.5,9975.3203125,2064.4599609375
2016-05-12,6104.2001953125,9862.1201171875,2064.110107421875
2016-05-13,6138.5,9952.900390625,2046.6099853515625
2016-05-17,6167.7998046875,9890.1904296875,2047.2099609375
2016-05-18,6165.7998046875,9943.23046875,2047.6300048828125
2016-05-19,6053.39990234375,9795.8896484375,2040.0400390625
2016-05-20,6156.2998046875,9916.01953125,2052.320068359375
2016-05-23,6136.39990234375,9842.2900390625,2048.0400390625
2016-05-24,6219.2998046875,10057.3095703125,2076.06005859375
2016-05-25,6262.89990234375,10205.2099609375,2090.5400390625
2016-05-26,6265.7001953125,10272.7099609375,2090.10009765625
2016-05-27,6270.7998046875,10286.3095703125,2099.06005859375
2016-05-31,6230.7998046875,10262.740234375,2096.949951171875
2016-06-01,6191.89990234375,10204.4404296875,2099.330078125
2016-06-02,6185.60009765625,10208.0,2105.260009765625
2016-06-03,6209.60009765625,10103.259765625,2099.1298828125
2016-06-06,6273.39990234375,10121.080078125,2109.409912109375
2016-06-07,6284.5,10287.6796875,2112.1298828125
2016-06-08,6301.5,10217.0302734375,2119.1201171875
2016-06-09,6231.89990234375,10088.8701171875,2115.47998046875
2016-06-10,6115.7998046875,9834.6201171875,2096.070068359375
2016-06-13,6045.0,9657.4404296875,2079.06005859375
2016-06-14,5923.5,9519.2001953125,2075.320068359375
2016-06-15,5966.7998046875,9606.7099609375,2071.5
2016-06-16,5950.5,9550.4697265625,2077.989990234375
2016-06-17,6021.10009765625,9631.3603515625,2071.219970703125
2016-06-20,6204.0,9962.01953125,2083.25
2016-06-21,6226.60009765625,10015.5400390625,2088.89990234375
2016-06-22,6261.2001953125,10071.0595703125,2085.449951171875
2016-06-23,6338.10009765625,10257.0302734375,2113.320068359375
2016-06-24,6138.7001953125,9557.16015625,2037.4100341796875
2016-06-27,5982.2001953125,9268.66015625,2000.5400390625
2016-06-28,6140.39990234375,9447.2802734375,2036.0899658203125
2016-06-29,6360.10009765625,9612.26953125,2070.77001953125
2016-06-30,6504.2998046875,9680.08984375,2098.860107421875
2016-07-01,6577.7998046875,9776.1201171875,2102.949951171875
2016-07-05,6545.39990234375,9532.6103515625,2088.550048828125
2016-07-06,6463.60009765625,9373.259765625,2099.72998046875
2016-07-07,6533.7998046875,9418.7802734375,2097.89990234375
2016-07-08,6590.60009765625,9629.66015625,2129.89990234375
2016-07-11,6682.89990234375,9833.41015625,2137.159912109375
2016-07-12,6680.7001953125,9964.0703125,2152.139892578125
2016-07-13,6670.39990234375,9930.7099609375,2152.429931640625
2016-07-14,6654.5,10068.2998046875,2163.75
2016-07-15,6669.2001953125,10066.900390625,2161.739990234375
2016-07-18,6695.39990234375,10063.1298828125,2166.889892578125
2016-07-19,6697.39990234375,9981.240234375,2163.780029296875
2016-07-20,6729.0,10142.009765625,2173.02001953125
2016-07-21,6699.89990234375,10156.2099609375,2165.169921875
2016-07-22,6730.5,10147.4599609375,2175.030029296875
2016-07-25,6710.10009765625,10198.240234375,2168.47998046875
2016-07-26,6724.0,10247.759765625,2169.179931640625
2016-07-27,6750.39990234375,10319.5498046875,2166.580078125
2016-07-28,6721.10009765625,10274.9296875,2170.06005859375
2016-07-29,6724.39990234375,10337.5,2173.60009765625
2016-08-01,6694.0,10330.51953125,2170.840087890625
2016-08-02,6645.39990234375,10144.33984375,2157.030029296875
2016-08-03,6634.39990234375,10170.2099609375,2163.7900390625
2016-08-04,6740.2001953125,10227.8603515625,2164.25
2016-08-05,6793.5,10367.2099609375,2182.8701171875
2016-08-08,6809.10009765625,10432.3603515625,2180.889892578125
2016-08-09,6851.2998046875,10692.900390625,2181.739990234375
2016-08-10,6866.39990234375,10650.8896484375,2175.489990234375
2016-08-11,6914.7001953125,10742.83984375,2185.7900390625
2016-08-12,6916.0,10713.4296875,2184.050048828125
2016-08-15,6941.2001953125,10739.2099609375,2190.14990234375
2016-08-16,6893.89990234375,10676.650390625,2178.14990234375
2016-08-17,6859.2001953125,10537.669921875,2182.219970703125
2016-08-18,6869.0,10603.0302734375,2187.02001953125
2016-08-19,6859.0,10544.3603515625,2183.8701171875
2016-08-22,6828.5,10494.349609375,2182.639892578125
2016-08-23,6868.5,10592.8798828125,2186.89990234375
2016-08-24,6835.7998046875,10622.9697265625,2175.43994140625
2016-08-25,6816.89990234375,10529.58984375,2172.469970703125
2016-08-26,6838.10009765625,10587.76953125,2169.0400390625
2016-08-30,6820.7998046875,10657.6396484375,2176.1201171875
2016-08-31,6781.5,10592.6904296875,2170.949951171875
2016-09-01,6746.0,10534.3095703125,2170.860107421875
2016-09-02,6894.60009765625,10683.8203125,2179.97998046875
2016-09-06,6826.10009765625,10687.1396484375,2186.47998046875
2016-09-07,6846.60009765625,10752.98046875,2186.159912109375
2016-09-08,6858.7001953125,10675.2900390625,2181.300048828125
2016-09-09,6777.0,10573.4404296875,2127.81005859375
2016-09-12,6700.89990234375,10431.76953125,2159.0400390625
2016-09-13,6665.60009765625,10386.599609375,2127.02001953125
2016-09-14,6673.2998046875,10378.400390625,2125.77001953125
2016-09-15,6730.2998046875,10431.2001953125,2147.260009765625
2016-09-16,6710.2998046875,10276.169921875,2139.159912109375
2016-09-19,6813.60009765625,10373.8701171875,2139.1201171875
2016-09-20,6830.7998046875,10393.8603515625,2139.760009765625
2016-09-21,6834.7998046875,10436.490234375,2163.1201171875
2016-09-22,6911.39990234375,10674.1796875,2177.179931640625
2016-09-23,6909.39990234375,10626.9697265625,2164.68994140625
2016-09-26,6818.0,10393.7099609375,2146.10009765625
2016-09-27,6807.7001953125,10361.48046875,2159.929931640625
2016-09-28,6849.39990234375,10438.33984375,2171.3701171875
2016-09-29,6919.39990234375,10405.5400390625,2151.1298828125
2016-09-30,6899.2998046875,10511.01953125,2168.27001953125
2016-10-04,7074.2998046875,10619.6103515625,2150.489990234375
2016-10-05,7033.2998046875,10585.7802734375,2159.72998046875
2016-10-06,7000.0,10568.7998046875,2160.77001953125
2016-10-07,7044.39990234375,10490.8603515625,2153.739990234375
2016-10-10,7097.5,10624.080078125,2163.659912109375
2016-10-11,7070.89990234375,10577.16015625,2136.72998046875
2016-10-12,7024.0,10523.0703125,2139.179931640625
2016-10-13,6977.7001953125,10414.0703125,2132.550048828125
2016-10-14,7013.60009765625,10580.3798828125,2132.97998046875
2016-10-17,6947.60009765625,10503.5703125,2126.5
2016-10-18,7000.10009765625,10631.5498046875,2139.60009765625
2016-10-19,7021.89990234375,10645.6796875,2144.2900390625
2016-10-20,7026.89990234375,10701.3896484375,2141.340087890625
2016-10-21,7020.5,10710.73046875,2141.159912109375
2016-10-24,6986.39990234375,10761.169921875,2151.330078125
2016-10-25,7017.60009765625,10757.3095703125,2143.159912109375
2016-10-26,6958.10009765625,10709.6796875,2139.429931640625
2016-10-27,6986.60009765625,10717.080078125,2133.0400390625
2016-10-28,6996.2998046875,10696.1904296875,2126.409912109375
2016-10-31,6954.2001953125,10665.009765625,2126.14990234375
2016-11-01,6917.10009765625,10526.16015625,2111.719970703125
2016-11-02,6845.39990234375,10370.9296875,2097.93994140625
2016-11-03,6790.5,10325.8798828125,2088.659912109375
2016-11-04,6693.2998046875,10259.1298828125,2085.179931640625
2016-11-07,6806.89990234375,10456.9501953125,2131.52001953125
2016-11-08,6843.10009765625,10482.3203125,2139.56005859375
2016-11-09,6911.7998046875,10646.009765625,2163.260009765625
2016-11-10,6828.0,10630.1201171875,2167.47998046875
2016-11-11,6730.39990234375,10667.9501953125,2164.449951171875
2016-11-14,6753.2001953125,10693.6904296875,2164.199951171875
2016-11-15,6792.7001953125,10735.1396484375,2180.389892578125
2016-11-16,6749.7001953125,10663.8701171875,2176.93994140625
2016-11-17,6794.7001953125,10685.5400390625,2187.1201171875
2016-11-18,6775.7998046875,10664.5595703125,2181.89990234375
2016-11-21,6778.0,10685.1298828125,2198.179931640625
2016-11-22,6819.7001953125,10713.849609375,2202.93994140625
2016-11-23,6817.7001953125,10662.4404296875,2204.719970703125
2016-11-25,6840.7998046875,10699.26953125,2213.35009765625
2016-11-28,6799.5,10582.669921875,2201.719970703125
2016-11-29,6772.0,10620.490234375,2204.659912109375
2016-11-30,6783.7998046875,10640.2998046875,2198.81005859375
2016-12-01,6752.89990234375,10534.0498046875,2191.080078125
2016-12-02,6730.7001953125,10513.349609375,2191.949951171875
2016-12-05,6746.7998046875,10684.830078125,2204.7099609375
2016-12-06,6779.7998046875,10775.3203125,2212.22998046875
2016-12-07,6902.2001953125,10986.6904296875,2241.35009765625
2016-12-08,6931.60009765625,11179.419921875,2246.18994140625
2016-12-09,6954.2001953125,11203.6298828125,2259.530029296875
2016-12-12,6890.39990234375,11190.2099609375,2256.9599609375
2016-12-13,6968.60009765625,11284.650390625,2271.719970703125
2016-12-14,6949.2001953125,11244.83984375,2253.280029296875
2016-12-15,6999.0,11366.400390625,2262.030029296875
2016-12-16,7011.60009765625,11404.009765625,2258.070068359375
2016-12-19,7017.2001953125,11426.7001953125,2262.530029296875
2016-12-20,7044.0,11464.740234375,2270.760009765625
2016-12-21,7041.39990234375,11468.6396484375,2265.179931640625
2016-12-22,7063.7001953125,11456.099609375,2260.9599609375
2016-12-23,7068.2001953125,11449.9296875,2263.7900390625
2016-12-28,7106.10009765625,11474.990234375,2249.919921875
2016-12-29,7120.2998046875,11451.0498046875,2249.260009765625
2016-12-30,7142.7998046875,11481.0595703125,2238.830078125
2017-01-03,7177.89990234375,11584.240234375,2257.830078125
2017-01-04,7189.7001953125,11584.3095703125,2270.75
2017-01-05,7195.2998046875,11584.9404296875,2269.0
2017-01-06,7210.10009765625,11599.009765625,2276.97998046875
2017-01-09,7237.7998046875,11563.990234375,2268.89990234375
2017-01-10,7275.5,11583.2998046875,2268.89990234375
2017-01-11,7290.5,11646.169921875,2275.320068359375
2017-01-12,7292.39990234375,11521.0400390625,2270.43994140625
2017-01-13,7337.7998046875,11629.1796875,2274.639892578125
2017-01-17,7220.39990234375,11540.0,2267.889892578125
2017-01-18,7247.60009765625,11599.3896484375,2271.889892578125
2017-01-19,7208.39990234375,11596.8896484375,2263.68994140625
2017-01-20,7198.39990234375,11630.1298828125,2271.31005859375
2017-01-23,7151.2001953125,11545.75,2265.199951171875
2017-01-24,7150.2998046875,11594.9404296875,2280.070068359375
2017-01-25,7164.39990234375,11806.0498046875,2298.3701171875
2017-01-26,7161.5,11848.6298828125,2296.679931640625
2017-01-27,7184.5,11814.26953125,2294.68994140625
2017-01-30,7118.5,11681.8896484375,2280.89990234375
2017-01-31,7099.2001953125,11535.3095703125,2278.8701171875
2017-02-01,7107.7001953125,11659.5,2279.550048828125
2017-02-02,7140.7998046875,11627.9501953125,2280.85009765625
2017-02-03,7188.2998046875,11651.490234375,2297.419921875
2017-02-06,7172.2001953125,11509.83984375,2292.56005859375
2017-02-07,7186.2001953125,11549.4404296875,2293.080078125
2017-02-08,7188.7998046875,11543.3798828125,2294.669921875
2017-02-09,7229.5,11642.8603515625,2307.8701171875
2017-02-10,7258.7998046875,11666.9697265625,2316.10009765625
2017-02-13,7278.89990234375,11774.4296875,2328.25
2017-02-14,7268.60009765625,11771.8095703125,2337.580078125
2017-02-15,7302.39990234375,11793.9296875,2349.25
2017-02-16,7277.89990234375,11757.240234375,2347.219970703125
2017-02-17,7300.0,11757.01953125,2351.159912109375
2017-02-21,7274.7998046875,11967.490234375,2365.3798828125
2017-02-22,7302.2998046875,11998.58984375,2362.820068359375
2017-02-23,7271.39990234375,11947.830078125,2363.81005859375
2017-02-24,7243.7001953125,11804.0302734375,2367.340087890625
2017-02-27,7253.0,11822.669921875,2369.75
2017-02-28,7263.39990234375,11834.41015625,2363.639892578125
2017-03-01,7382.89990234375,12067.1904296875,2395.9599609375
2017-03-02,7382.39990234375,12059.5703125,2381.919921875
2017-03-03,7374.2998046875,12027.3603515625,2383.1201171875
2017-03-06,7350.10009765625,11958.400390625,2375.31005859375
2017-03-07,7339.0,11966.1396484375,2368.389892578125
2017-03-08,7334.60009765625,11967.3095703125,2362.97998046875
2017-03-09,7315.0,11978.3896484375,2364.8701171875
2017-03-10,7343.10009765625,11963.1796875,2372.60009765625
2017-03-13,7367.10009765625,11990.0302734375,2373.469970703125
2017-03-14,7357.89990234375,11988.7900390625,2365.449951171875
2017-03-15,7368.60009765625,12009.8701171875,2385.260009765625
2017-03-16,7416.0,12083.1796875,2381.3798828125
2017-03-17,7425.0,12095.240234375,2378.25
2017-03-20,7429.7998046875,12052.900390625,2373.469970703125
2017-03-21,7378.2998046875,11962.1298828125,2344.02001953125
2017-03-22,7324.7001953125,11904.1201171875,2348.449951171875
2017-03-23,7340.7001953125,12039.6796875,2345.9599609375
2017-03-24,7336.7998046875,12064.26953125,2343.97998046875
2017-03-27,7293.5,11996.0703125,2341.590087890625
2017-03-28,7343.39990234375,12149.419921875,2358.570068359375
2017-03-29,7373.7001953125,12203.0,2361.1298828125
2017-03-30,7369.5,12256.4296875,2368.06005859375
2017-03-31,7322.89990234375,12312.8701171875,2362.719970703125
2017-04-03,7282.7001953125,12257.2001953125,2358.840087890625
2017-04-04,7321.7998046875,12282.33984375,2360.159912109375
2017-04-05,7331.7001953125,12217.5400390625,2352.949951171875
2017-04-06,7303.2001953125,12230.8896484375,2357.489990234375
2017-04-07,7349.39990234375,12225.0595703125,2355.5400390625
2017-04-10,7348.89990234375,12200.51953125,2357.159912109375
2017-04-11,7365.5,12139.349609375,2353.780029296875
2017-04-12,7349.0,12154.7001953125,2344.929931640625
2017-04-13,7327.60009765625,12109.0,2328.949951171875
2017-04-18,7147.5,12000.4404296875,2342.18994140625
2017-04-19,7114.39990234375,12016.4501953125,2338.169921875
2017-04-20,7118.5,12027.3203125,2355.840087890625
2017-04-21,7114.60009765625,12048.5703125,2348.68994140625
2017-04-24,7264.7001953125,12454.98046875,2374.14990234375
2017-04-25,7275.60009765625,12467.0400390625,2388.610107421875
2017-04-26,7288.7001953125,12472.7998046875,2387.449951171875
2017-04-27,7237.2001953125,12443.7900390625,2388.77001953125
2017-04-28,7203.89990234375,12438.009765625,2384.199951171875
2017-05-02,7250.10009765625,12507.900390625,2391.169921875
2017-05-03,7234.5,12527.83984375,2388.1298828125
2017-05-04,7248.10009765625,12647.7802734375,2389.52001953125
2017-05-05,7297.39990234375,12716.8896484375,2399.2900390625
2017-05-08,7300.89990234375,12694.5498046875,2399.3798828125
2017-05-09,7342.2001953125,12749.1201171875,2396.919921875
2017-05-10,7385.2001953125,12757.4599609375,2399.6298828125
2017-05-11,7386.60009765625,12711.0595703125,2394.43994140625
2017-05-12,7435.39990234375,12770.41015625,2390.89990234375
2017-05-15,7454.39990234375,12807.0400390625,2402.320068359375
2017-05-16,7522.0,12804.5302734375,2400.669921875
2017-05-17,7503.5,12631.6103515625,2357.030029296875
2017-05-18,7436.39990234375,12590.0595703125,2365.719970703125
2017-05-19,7470.7001953125,12638.6904296875,2381.72998046875
2017-05-22,7496.2998046875,12619.4599609375,2394.02001953125
2017-05-23,7485.2998046875,12659.150390625,2398.419921875
2017-05-24,7514.89990234375,12642.8701171875,2404.389892578125
2017-05-25,7517.7001953125,12621.7197265625,2415.070068359375
2017-05-26,7547.60009765625,12602.1796875,2415.820068359375
2017-05-30,7526.5,12598.6796875,2412.909912109375
2017-05-31,7520.0,12615.0595703125,2411.800048828125
2017-06-01,7543.7998046875,12664.919921875,2430.06005859375
2017-06-02,7547.60009765625,12822.9404296875,2439.070068359375
2017-06-06,7525.0,12690.1201171875,2429.330078125
2017-06-07,7478.60009765625,12672.490234375,2433.139892578125
2017-06-08,7450.0,12713.580078125,2433.7900390625
2017-06-09,7527.2998046875,12815.7197265625,2431.77001953125
2017-06-12,7511.89990234375,12690.4404296875,2429.389892578125
2017-06-13,7500.39990234375,12764.98046875,2440.35009765625
2017-06-14,7474.39990234375,12805.9501953125,2437.919921875
2017-06-15,7419.39990234375,12691.8095703125,2432.4599609375
2017-06-16,7463.5,12752.73046875,2433.14990234375
2017-06-19,7523.7998046875,12888.9501953125,2453.4599609375
2017-06-20,7472.7001953125,12814.7900390625,2437.030029296875
2017-06-21,7447.7998046875,12774.259765625,2435.610107421875
2017-06-22,7439.2998046875,12794.0,2434.5
2017-06-23,7424.10009765625,12733.41015625,2438.300048828125
2017-06-26,7446.7998046875,12770.830078125,2439.070068359375
2017-06-27,7434.39990234375,12671.01953125,2419.3798828125
2017-06-28,7387.7998046875,12647.26953125,2440.68994140625
2017-06-29,7350.2998046875,12416.1904296875,2419.699951171875
2017-06-30,7312.7001953125,12325.1201171875,2423.409912109375
2017-07-03,7377.10009765625,12475.3095703125,2429.010009765625
2017-07-05,7367.60009765625,12453.6796875,2432.5400390625
2017-07-06,7337.2998046875,12381.25,2409.75
2017-07-07,7350.89990234375,12388.6796875,2425.179931640625
2017-07-10,7370.0,12445.919921875,2427.429931640625
2017-07-11,7329.7998046875,12437.01953125,2425.530029296875
2017-07-12,7416.89990234375,12626.580078125,2443.25
2017-07-13,7413.39990234375,12641.330078125,2447.830078125
2017-07-14,7378.39990234375,12631.7197265625,2459.27001953125
2017-07-17,7404.10009765625,12587.16015625,2459.139892578125
2017-07-18,7390.2001953125,12430.3896484375,2460.610107421875
2017-07-19,7430.89990234375,12452.0498046875,2473.830078125
2017-07-20,7487.89990234375,12447.25,2473.449951171875
2017-07-21,7452.89990234375,12240.0595703125,2472.5400390625
2017-07-24,7377.7001953125,12208.9501953125,2469.909912109375
2017-07-25,7434.7998046875,12264.3095703125,2477.1298828125
2017-07-26,7452.2998046875,12305.1103515625,2477.830078125
2017-07-27,7443.0,12212.0400390625,2475.419921875
2017-07-28,7368.39990234375,12162.7001953125,2472.10009765625
2017-07-31,7372.0,12118.25,2470.300048828125
2017-08-01,7423.7001953125,12251.2900390625,2476.35009765625
2017-08-02,7411.39990234375,12181.48046875,2477.570068359375
2017-08-03,7474.7998046875,12154.7197265625,2472.159912109375
2017-08-04,7511.7001953125,12297.7197265625,2476.830078125
2017-08-07,7531.89990234375,12257.169921875,2480.909912109375
2017-08-08,7542.7001953125,12292.0498046875,2474.919921875
2017-08-09,7498.10009765625,12154.0,2474.02001953125
2017-08-10,7389.89990234375,12014.2998046875,2438.2099609375
2017-08-11,7310.0,12014.0595703125,2441.320068359375
2017-08-14,7353.89990234375,12165.1201171875,2465.840087890625
2017-08-15,7383.89990234375,12177.0400390625,2464.610107421875
2017-08-16,7433.0,12263.8603515625,2468.110107421875
2017-08-17,7387.89990234375,12203.4599609375,2430.010009765625
2017-08-18,7324.0,12165.1904296875,2425.550048828125
2017-08-21,7318.89990234375,12065.990234375,2428.3701171875
2017-08-22,7381.7001953125,12229.33984375,2452.510009765625
2017-08-23,7382.7001953125,12174.2998046875,2444.0400390625
2017-08-24,7407.10009765625,12180.830078125,2438.969970703125
2017-08-25,7401.5,12167.9404296875,2443.050048828125
2017-08-29,7337.39990234375,11945.8798828125,2446.300048828125
2017-08-30,7365.2998046875,12002.4697265625,2457.590087890625
2017-08-31,7430.60009765625,12055.83984375,2471.64990234375
2017-09-01,7438.5,12142.6396484375,2476.550048828125
2017-09-05,7372.89990234375,12123.7099609375,2457.85009765625
2017-09-06,7354.10009765625,12214.5400390625,2465.5400390625
2017-09-07,7397.0,12296.6298828125,2465.10009765625
2017-09-08,7377.60009765625,12303.98046875,2461.429931640625
2017-09-11,7413.60009765625,12475.240234375,2488.110107421875
2017-09-12,7400.7001953125,12524.76953125,2496.47998046875
2017-09-13,7379.7001953125,12553.5703125,2498.3701171875
2017-09-14,7295.39990234375,12540.4501953125,2495.6201171875
2017-09-15,7215.5,12518.8095703125,2500.22998046875
2017-09-18,7253.2998046875,12559.3896484375,2503.8701171875
2017-09-19,7275.2998046875,12561.7900390625,2506.64990234375
2017-09-20,7272.0,12569.169921875,2508.239990234375
2017-09-21,7263.89990234375,12600.0302734375,2500.60009765625
2017-09-22,7310.60009765625,12592.349609375,2502.219970703125
2017-09-25,7301.2998046875,12594.8095703125,2496.659912109375
2017-09-26,7285.7001953125,12605.2001953125,2496.840087890625
2017-09-27,7313.5,12657.41015625,2507.0400390625
2017-09-28,7322.7998046875,12704.650390625,2510.06005859375
2017-09-29,7372.7998046875,12828.8603515625,2519.360107421875
2017-10-02,7438.7998046875,12902.650390625,2529.1201171875
2017-10-04,7467.60009765625,12970.51953125,2537.739990234375
2017-10-05,7508.0,12968.0498046875,2552.070068359375
2017-10-06,7522.89990234375,12955.9404296875,2549.330078125
2017-10-09,7507.89990234375,12976.400390625,2544.72998046875
2017-10-10,7538.2998046875,12949.25,2550.639892578125
2017-10-11,7533.7998046875,12970.6796875,2555.239990234375
2017-10-12,7556.2001953125,12982.8896484375,2550.929931640625
2017-10-13,7535.39990234375,12991.8701171875,2553.169921875
2017-10-16,7527.0,13003.7001953125,2557.639892578125
2017-10-17,7516.2001953125,12995.0595703125,2559.360107421875
2017-10-18,7542.89990234375,13043.0302734375,2561.260009765625
2017-10-19,7523.0,12990.099609375,2562.10009765625
2017-10-20,7523.2001953125,12991.2802734375,2575.2099609375
2017-10-23,7524.5,13003.1396484375,2564.97998046875
2017-10-24,7526.5,13013.1904296875,2569.1298828125
2017-10-25,7447.2001953125,12953.41015625,2557.14990234375
2017-10-26,7486.5,13133.2802734375,2560.39990234375
2017-10-27,7505.0,13217.5400390625,2581.070068359375
2017-10-30,7487.7998046875,13229.5703125,2572.830078125
2017-11-01,7488.0,13465.509765625,2579.360107421875
2017-11-02,7555.2998046875,13440.9296875,2579.85009765625
2017-11-03,7560.39990234375,13478.8603515625,2587.840087890625
2017-11-06,7562.2998046875,13468.7900390625,2591.1298828125
2017-11-07,7513.10009765625,13379.26953125,2590.639892578125
2017-11-08,7529.7001953125,13382.419921875,2594.3798828125
2017-11-09,7484.10009765625,13182.5595703125,2584.6201171875
2017-11-10,7433.0,13127.4697265625,2582.300048828125
2017-11-13,7415.2001953125,13074.419921875,2584.840087890625
2017-11-14,7414.39990234375,13033.48046875,2578.8701171875
2017-11-15,7372.60009765625,12976.3701171875,2564.6201171875
2017-11-16,7386.89990234375,13047.2197265625,2585.639892578125
2017-11-17,7380.7001953125,12993.73046875,2578.85009765625
2017-11-20,7389.5,13058.66015625,2582.139892578125
2017-11-21,7411.2998046875,13167.5400390625,2599.030029296875
2017-11-22,7419.0,13015.0400390625,2597.080078125
2017-11-24,7409.60009765625,13059.83984375,2602.419921875
2017-11-27,7383.89990234375,13000.2001953125,2601.419921875
2017-11-28,7460.7001953125,13059.5302734375,2627.0400390625
2017-11-29,7393.60009765625,13061.8701171875,2626.070068359375
2017-11-30,7326.7001953125,13023.98046875,2647.580078125
2017-12-01,7300.5,12861.490234375,2642.219970703125
2017-12-04,7339.0,13058.5498046875,2639.43994140625
2017-12-05,7327.5,13048.5400390625,2629.570068359375
2017-12-06,7348.0,12998.849609375,2629.27001953125
2017-12-07,7320.7998046875,13045.150390625,2636.97998046875
2017-12-08,7394.0,13153.7001953125,2651.5
2017-12-11,7453.5,13123.650390625,2659.989990234375
2017-12-12,7500.39990234375,13183.5302734375,2664.110107421875
2017-12-13,7496.5,13125.6396484375,2662.85009765625
2017-12-14,7448.10009765625,13068.080078125,2652.010009765625
2017-12-15,7490.60009765625,13103.5595703125,2675.81005859375
2017-12-18,7537.0,13312.2998046875,2690.159912109375
2017-12-19,7544.10009765625,13215.7900390625,2681.469970703125
2017-12-20,7525.2001953125,13069.169921875,2679.25
2017-12-21,7604.0,13109.740234375,2684.570068359375
2017-12-22,7592.7001953125,13072.7900390625,2683.340087890625
2017-12-27,7620.7001953125,13070.01953125,2682.6201171875
2017-12-28,7622.89990234375,12979.9404296875,2687.5400390625
2017-12-29,7687.7998046875,12917.6396484375,2673.610107421875
2018-01-02,7648.10009765625,12871.3896484375,2695.81005859375
2018-01-03,7671.10009765625,12978.2099609375,2713.06005859375
2018-01-04,7695.89990234375,13167.8896484375,2723.989990234375
2018-01-05,7724.2001953125,13319.6396484375,2743.14990234375
2018-01-08,7696.5,13367.7802734375,2747.7099609375
2018-01-09,7731.0,13385.58984375,2751.2900390625
2018-01-10,7748.5,13281.33984375,2748.22998046875
2018-01-11,7762.89990234375,13202.900390625,2767.56005859375
2018-01-12,7778.60009765625,13245.0302734375,2786.239990234375
2018-01-16,7755.89990234375,13246.330078125,2776.419921875
2018-01-17,7725.39990234375,13183.9599609375,2802.56005859375
2018-01-18,7701.0,13281.4296875,2798.030029296875
2018-01-19,7730.7998046875,13434.4501953125,2810.300048828125
2018-01-22,7715.39990234375,13463.6904296875,2832.969970703125
2018-01-23,7731.7998046875,13559.599609375,2839.1298828125
2018-01-24,7643.39990234375,13414.740234375,2837.5400390625
2018-01-25,7615.7998046875,13298.3603515625,2839.25
2018-01-26,7665.5,13340.169921875,2872.8701171875
2018-01-29,7671.5,13324.48046875,2853.530029296875
2018-01-30,7588.0,13197.7099609375,2822.429931640625
2018-01-31,7533.60009765625,13189.48046875,2823.81005859375
2018-02-01,7490.39990234375,13003.900390625,2821.97998046875
2018-02-02,7443.39990234375,12785.16015625,2762.1298828125
2018-02-05,7335.0,12687.490234375,2648.93994140625
2018-02-06,7141.39990234375,12392.66015625,2695.139892578125
2018-02-07,7279.39990234375,12590.4296875,2681.659912109375
2018-02-08,7170.7001953125,12260.2900390625,2581.0
2018-02-09,7092.39990234375,12107.48046875,2619.550048828125
2018-02-12,7177.10009765625,12282.76953125,2656.0
2018-02-13,7168.0,12196.5,2662.93994140625
2018-02-14,7214.0,12339.16015625,2698.6298828125
2018-02-15,7234.7998046875,12346.169921875,2731.199951171875
2018-02-16,7294.7001953125,12451.9599609375,2732.219970703125
2018-02-20,7246.7998046875,12487.900390625,2716.260009765625
2018-02-21,7281.60009765625,12470.490234375,2701.330078125
2018-02-22,7252.39990234375,12461.91015625,2703.9599609375
2018-02-23,7244.39990234375,12483.7900390625,2747.300048828125
2018-02-26,7289.60009765625,12527.0400390625,2779.60009765625
2018-02-27,7282.5,12490.73046875,2744.280029296875
2018-02-28,7231.89990234375,12435.849609375,2713.830078125
2018-03-01,7175.60009765625,12190.9404296875,2677.669921875
2018-03-02,7069.89990234375,11913.7099609375,2691.25
2018-03-05,7116.0,12090.8701171875,2720.93994140625
2018-03-06,7146.7998046875,12113.8701171875,2728.1201171875
2018-03-07,7157.7998046875,12245.3603515625,2726.800048828125
2018-03-08,7203.2001953125,12355.5703125,2738.969970703125
2018-03-09,7224.5,12346.6796875,2786.570068359375
2018-03-12,7214.7998046875,12418.3896484375,2783.02001953125
2018-03-13,7138.7998046875,12221.0302734375,2765.31005859375
2018-03-14,7132.7001953125,12237.740234375,2749.47998046875
2018-03-15,7139.7998046875,12345.5595703125,2747.330078125
2018-03-16,7164.10009765625,12389.580078125,2752.010009765625
2018-03-19,7042.89990234375,12217.01953125,2712.919921875
2018-03-20,7061.2998046875,12307.330078125,2716.93994140625
2018-03-21,7039.0,12309.150390625,2711.929931640625
2018-03-22,6952.60009765625,12100.080078125,2643.68994140625
2018-03-23,6921.89990234375,11886.3095703125,2588.260009765625
2018-03-26,6888.7001953125,11787.259765625,2658.550048828125
2018-03-27,7000.10009765625,11970.830078125,2612.6201171875
2018-03-28,7044.7001953125,11940.7099609375,2605.0
2018-03-29,7056.60009765625,12096.73046875,2640.8701171875
2018-04-03,7030.5,12002.4501953125,2614.449951171875
2018-04-04,7034.0,11957.900390625,2644.68994140625
2018-04-05,7199.5,12305.1904296875,2662.840087890625
2018-04-06,7183.60009765625,12241.26953125,2604.469970703125
2018-04-09,7194.7998046875,12261.75,2613.159912109375
2018-04-10,7266.7998046875,12397.3203125,2656.8701171875
2018-04-11,7257.10009765625,12293.9697265625,2642.18994140625
2018-04-12,7258.2998046875,12415.009765625,2663.989990234375
2018-04-13,7264.60009765625,12442.400390625,2656.300048828125
2018-04-16,7198.2001953125,12391.41015625,2677.840087890625
2018-04-17,7226.10009765625,12585.5703125,2706.389892578125
2018-04-18,7317.2998046875,12590.830078125,2708.639892578125
2018-04-19,7328.89990234375,12567.419921875,2693.1298828125
2018-04-20,7368.2001953125,12540.5,2670.139892578125
2018-04-23,7398.89990234375,12572.3896484375,2670.2900390625
2018-04-24,7425.39990234375,12550.8203125,2634.56005859375
2018-04-25,7379.2998046875,12422.2998046875,2639.39990234375
2018-04-26,7421.39990234375,12500.4697265625,2666.93994140625
2018-04-27,7502.2001953125,12580.8701171875,2669.909912109375
2018-04-30,7509.2998046875,12612.1103515625,2648.050048828125
2018-05-02,7543.2001953125,12802.25,2635.669921875
2018-05-03,7502.7001953125,12690.150390625,2629.72998046875
2018-05-04,7567.10009765625,12819.599609375,2663.419921875
2018-05-08,7565.7998046875,12912.2099609375,2671.919921875
2018-05-09,7662.5,12943.0595703125,2697.7900390625
2018-05-10,7701.0,13022.8701171875,2723.070068359375
2018-05-11,7724.60009765625,13001.240234375,2727.719970703125
2018-05-14,7711.0,12977.7099609375,2730.1298828125
2018-05-15,7723.0,12970.0400390625,2711.449951171875
2018-05-16,7734.2001953125,12996.330078125,2722.4599609375
2018-05-17,7788.0,13114.6103515625,2720.1298828125
2018-05-18,7778.7998046875,13077.7197265625,2712.969970703125
2018-05-22,7877.5,13169.919921875,2724.43994140625
2018-05-23,7788.39990234375,12976.83984375,2733.2900390625
2018-05-24,7716.7001953125,12855.08984375,2727.760009765625
2018-05-25,7730.2998046875,12938.009765625,2721.330078125
2018-05-29,7632.60009765625,12666.509765625,2689.860107421875
2018-05-30,7689.60009765625,12783.759765625,2724.010009765625
2018-05-31,7678.2001953125,12604.8896484375,2705.27001953125
2018-06-01,7701.7998046875,12724.26953125,2734.6201171875
2018-06-04,7741.2998046875,12770.75,2746.8701171875
2018-06-05,7686.7998046875,12787.1298828125,2748.800048828125
2018-06-06,7712.39990234375,12830.0703125,2772.35009765625
2018-06-07,7704.39990234375,12811.0498046875,2770.3701171875
2018-06-08,7681.10009765625,12766.5498046875,2779.030029296875
2018-06-11,7737.39990234375,12842.91015625,2782.0
2018-06-12,7703.7998046875,12842.2998046875,2786.85009765625
2018-06-13,7703.7001953125,12890.580078125,2775.6298828125
2018-06-14,7765.7998046875,13107.099609375,2782.489990234375
2018-06-15,7633.89990234375,13010.5498046875,2779.659912109375
2018-06-18,7631.2998046875,12834.1103515625,2773.75
2018-06-19,7603.89990234375,12677.9697265625,2762.590087890625
2018-06-20,7627.39990234375,12695.16015625,2767.320068359375
2018-06-21,7556.39990234375,12511.91015625,2749.760009765625
2018-06-22,7682.2998046875,12579.7197265625,2754.8798828125
2018-06-25,7509.7998046875,12270.330078125,2717.070068359375
2018-06-26,7537.89990234375,12234.33984375,2723.06005859375
2018-06-27,7621.7001953125,12348.6103515625,2699.6298828125
2018-06-28,7615.60009765625,12177.23046875,2716.31005859375
2018-06-29,7636.89990234375,12306.0,2718.3701171875
2018-07-02,7547.89990234375,12238.169921875,2726.7099609375
2018-07-03,7593.2998046875,12349.1396484375,2713.219970703125
2018-07-05,7603.2001953125,12464.2900390625,2736.610107421875
2018-07-06,7617.7001953125,12496.169921875,2759.820068359375
2018-07-09,7688.0,12543.8896484375,2784.169921875
2018-07-10,7692.0,12609.849609375,2793.840087890625
2018-07-11,7592.0,12417.1298828125,2774.02001953125
2018-07-12,7651.2998046875,12492.9697265625,2798.2900390625
2018-07-13,7661.89990234375,12540.73046875,2801.31005859375
2018-07-16,7600.5,12561.01953125,2798.429931640625
2018-07-17,7626.2998046875,12661.5400390625,2809.550048828125
2018-07-18,7676.2998046875,12765.9404296875,2815.6201171875
2018-07-19,7684.0,12686.2900390625,2804.489990234375
2018-07-20,7678.7998046875,12561.419921875,2801.830078125
2018-07-23,7655.7998046875,12548.5703125,2806.97998046875
2018-07-24,7709.10009765625,12689.3896484375,2820.39990234375
2018-07-25,7658.2998046875,12579.330078125,2846.070068359375
2018-07-26,7663.2001953125,12809.23046875,2837.43994140625
2018-07-27,7701.2998046875,12860.400390625,2818.820068359375
2018-07-30,7700.89990234375,12798.2001953125,2802.60009765625
2018-07-31,7748.7998046875,12805.5,2816.2900390625
2018-08-01,7652.89990234375,12737.0498046875,2813.360107421875
2018-08-02,7575.89990234375,12546.330078125,2827.219970703125
2018-08-03,7659.10009765625,12615.759765625,2840.35009765625
2018-08-06,7663.7998046875,12598.2099609375,2850.39990234375
2018-08-07,7718.5,12648.1904296875,2858.449951171875
2018-08-08,7776.7001953125,12633.5400390625,2857.699951171875
2018-08-09,7741.7998046875,12676.1103515625,2853.580078125
2018-08-10,7667.0,12424.349609375,2833.280029296875
2018-08-13,7642.5,12358.740234375,2821.929931640625
2018-08-14,7611.60009765625,12358.8701171875,2839.9599609375
2018-08-15,7497.89990234375,12163.009765625,2818.3701171875
2018-08-16,7556.39990234375,12237.169921875,2840.68994140625
2018-08-17,7558.60009765625,12210.5498046875,2850.1298828125
2018-08-20,7591.2998046875,12331.2998046875,2857.050048828125
2018-08-21,7565.7001953125,12384.490234375,2862.9599609375
2018-08-22,7574.2001953125,12385.7001953125,2861.820068359375
2018-08-23,7563.2001953125,12365.580078125,2856.97998046875
2018-08-24,7577.5,12394.51953125,2874.68994140625
2018-08-28,7617.2001953125,12527.419921875,2897.52001953125
2018-08-29,7563.2001953125,12561.6796875,2914.0400390625
2018-08-30,7516.0,12494.240234375,2901.1298828125
2018-08-31,7432.39990234375,12364.0595703125,2901.52001953125
2018-09-04,7457.89990234375,12210.2099609375,2896.719970703125
2018-09-05,7383.2998046875,12040.4599609375,2888.60009765625
2018-09-06,7319.0,11955.25,2878.050048828125
2018-09-07,7277.7001953125,11959.6298828125,2871.679931640625
2018-09-10,7279.2998046875,11986.33984375,2877.1298828125
2018-09-11,7273.5,11970.26953125,2887.889892578125
2018-09-12,7313.39990234375,12032.2998046875,2888.919921875
2018-09-13,7281.60009765625,12055.5498046875,2904.179931640625
2018-09-14,7304.0,12124.330078125,2904.97998046875
2018-09-17,7302.10009765625,12096.41015625,2888.800048828125
2018-09-18,7300.2001953125,12157.669921875,2904.31005859375
2018-09-19,7331.10009765625,12219.01953125,2907.949951171875
2018-09-20,7367.2998046875,12326.48046875,2930.75
2018-09-21,7490.2001953125,12430.8798828125,2929.669921875
2018-09-24,7458.39990234375,12350.8203125,2919.3701171875
2018-09-25,7507.60009765625,12374.66015625,2915.56005859375
2018-09-26,7511.5,12385.8896484375,2905.969970703125
2018-09-27,7545.39990234375,12435.58984375,2914.0
2018-09-28,7510.2001953125,12246.73046875,2913.97998046875
2018-10-01,7495.7001953125,12339.0302734375,2924.590087890625
2018-10-02,7474.60009765625,12287.580078125,2923.429931640625
2018-10-04,7418.2998046875,12244.1396484375,2901.610107421875
2018-10-05,7318.5,12111.900390625,2885.570068359375
2018-10-08,7233.2998046875,11947.16015625,2884.429931640625
2018-10-09,7237.60009765625,11977.2197265625,2880.340087890625
2018-10-10,7145.7001953125,11712.5,2785.679931640625
2018-10-11,7006.89990234375,11539.349609375,2728.3701171875
2018-10-12,6995.89990234375,11523.8095703125,2767.1298828125
2018-10-15,7029.2001953125,11614.16015625,2750.7900390625
2018-10-16,7059.39990234375,11776.5498046875,2809.919921875
2018-10-17,7054.60009765625,11715.0302734375,2809.2099609375
2018-10-18,7027.0,11589.2099609375,2768.780029296875
2018-10-19,7049.7998046875,11553.830078125,2767.780029296875
2018-10-22,7042.7998046875,11524.33984375,2755.8798828125
2018-10-23,6955.2001953125,11274.2802734375,2740.68994140625
2018-10-24,6963.0,11191.6298828125,2656.10009765625
2018-10-25,7004.10009765625,11307.1201171875,2705.570068359375
2018-10-26,6939.60009765625,11200.6201171875,2658.68994140625
2018-10-29,7026.2998046875,11335.48046875,2641.25
2018-10-30,7035.89990234375,11287.3896484375,2682.6298828125
2018-10-31,7128.10009765625,11447.509765625,2711.739990234375
2018-11-01,7114.7001953125,11468.5400390625,2740.3701171875
2018-11-02,7094.10009765625,11518.990234375,2723.06005859375
2018-11-05,7103.7998046875,11494.9599609375,2738.31005859375
2018-11-06,7040.7001953125,11484.33984375,2755.449951171875
2018-11-07,7117.2998046875,11579.099609375,2813.889892578125
2018-11-08,7140.7001953125,11527.3203125,2806.830078125
2018-11-09,7105.2998046875,11529.16015625,2781.010009765625
2018-11-12,7053.10009765625,11325.4404296875,2726.219970703125
2018-11-13,7053.7998046875,11472.2197265625,2722.179931640625
2018-11-14,7033.7998046875,11412.5302734375,2701.580078125
2018-11-15,7038.0,11353.669921875,2730.199951171875
2018-11-16,7013.89990234375,11341.0,2736.27001953125
2018-11-19,7000.89990234375,11244.5400390625,2690.72998046875
2018-11-20,6947.89990234375,11066.41015625,2641.889892578125
2018-11-21,7050.2001953125,11244.169921875,2649.929931640625
2018-11-23,6952.89990234375,11192.6904296875,2632.56005859375
2018-11-26,7036.0,11354.7197265625,2673.449951171875
2018-11-27,7016.89990234375,11309.1103515625,2682.169921875
2018-11-28,7004.5,11298.8798828125,2743.7900390625
2018-11-29,7039.0,11298.23046875,2737.800048828125
2018-11-30,6980.2001953125,11257.240234375,2760.169921875
2018-12-03,7062.39990234375,11465.4599609375,2790.3701171875
2018-12-04,7022.7998046875,11335.3203125,2700.06005859375
2018-12-06,6704.10009765625,10810.98046875,2695.949951171875
2018-12-07,6778.10009765625,10788.08984375,2633.080078125
2018-12-10,6721.5,10622.0703125,2637.719970703125
2018-12-11,6806.89990234375,10780.509765625,2636.780029296875
2018-12-12,6880.2001953125,10929.4296875,2651.070068359375
2018-12-13,6877.5,10924.7001953125,2650.5400390625
2018-12-14,6845.2001953125,10865.76953125,2599.949951171875
2018-12-17,6773.2001953125,10772.2001953125,2545.93994140625
2018-12-18,6701.60009765625,10740.8896484375,2546.159912109375
2018-12-19,6765.89990234375,10766.2099609375,2506.9599609375
2018-12-20,6711.89990234375,10611.099609375,2467.419921875
2018-12-21,6721.2001953125,10633.8203125,2416.6201171875
2018-12-27,6584.7001953125,10381.509765625,2488.830078125
2018-12-28,6734.0,10558.9599609375,2485.739990234375
2019-01-02,6734.2001953125,10580.1904296875,2510.030029296875
2019-01-03,6692.7001953125,10416.66015625,2447.889892578125
2019-01-04,6837.39990234375,10767.6904296875,2531.93994140625
2019-01-07,6810.89990234375,10747.8095703125,2549.68994140625
2019-01-08,6861.60009765625,10803.98046875,2574.409912109375
2019-01-09,6906.60009765625,10893.3203125,2584.9599609375
2019-01-10,6942.89990234375,10921.58984375,2596.639892578125
2019-01-11,6918.2001953125,10887.4599609375,2596.260009765625
2019-01-14,6855.0,10855.91015625,2582.610107421875
2019-01-15,6895.0,10891.7900390625,2610.300048828125
2019-01-16,6862.7001953125,10931.240234375,2616.10009765625
2019-01-17,6834.89990234375,10918.6201171875,2635.9599609375
2019-01-18,6968.2998046875,11205.5400390625,2670.7099609375
2019-01-22,6901.39990234375,11090.1103515625,2632.89990234375
2019-01-23,6842.89990234375,11071.5400390625,2638.699951171875
2019-01-24,6819.0,11130.1796875,2642.330078125
2019-01-25,6809.2001953125,11281.7900390625,2664.760009765625
2019-01-28,6747.10009765625,11210.3095703125,2643.85009765625
2019-01-29,6833.89990234375,11218.830078125,2640.0
2019-01-30,6941.60009765625,11181.66015625,2681.050048828125
2019-01-31,6968.89990234375,11173.099609375,2704.10009765625
2019-02-01,7020.2001953125,11180.66015625,2706.530029296875
2019-02-04,7034.10009765625,11176.580078125,2724.8701171875
2019-02-05,7177.39990234375,11367.98046875,2737.699951171875
2019-02-06,7173.10009765625,11324.7197265625,2731.610107421875
2019-02-07,7093.60009765625,11022.01953125,2706.050048828125
2019-02-08,7071.2001953125,10906.7802734375,2707.8798828125
2019-02-11,7129.10009765625,11014.58984375,2709.800048828125
2019-02-12,7133.10009765625,11126.080078125,2744.72998046875
2019-02-13,7190.7998046875,11167.2197265625,2753.030029296875
2019-02-14,7197.0,11089.7900390625,2745.72998046875
2019-02-15,7236.7001953125,11299.7998046875,2775.60009765625
2019-02-19,7179.2001953125,11309.2099609375,2779.760009765625
2019-02-20,7228.60009765625,11401.9697265625,2784.699951171875
2019-02-21,7167.39990234375,11423.2802734375,2774.8798828125
2019-02-22,7178.60009765625,11457.7001953125,2792.669921875
2019-02-25,7183.7001953125,11505.3896484375,2796.110107421875
2019-02-26,7151.10009765625,11540.7900390625,2793.89990234375
2019-02-27,7107.2001953125,11487.330078125,2792.3798828125
2019-02-28,7074.7001953125,11515.6396484375,2784.489990234375
2019-03-01,7106.7001953125,11601.6796875,2803.68994140625
2019-03-04,7134.39990234375,11592.66015625,2792.81005859375
2019-03-05,7183.39990234375,11620.740234375,2789.64990234375
2019-03-06,7196.0,11587.6298828125,2771.449951171875
2019-03-07,7157.60009765625,11517.7998046875,2748.929931640625
2019-03-08,7104.2998046875,11457.83984375,2743.070068359375
2019-03-11,7130.60009765625,11543.48046875,2783.300048828125
2019-03-12,7151.2001953125,11524.169921875,2791.52001953125
2019-03-13,7159.2001953125,11572.41015625,2810.919921875
2019-03-14,7185.39990234375,11587.4697265625,2808.47998046875
2019-03-15,7228.2998046875,11685.6904296875,2822.47998046875
2019-03-18,7299.2001953125,11657.0595703125,2832.93994140625
2019-03-19,7324.0,11788.41015625,2832.570068359375
2019-03-20,7291.0,11603.8896484375,2824.22998046875
2019-03-21,7355.2998046875,11549.9599609375,2854.8798828125
2019-03-22,7207.60009765625,11364.169921875,2800.7099609375
2019-03-25,7177.60009765625,11346.650390625,2798.360107421875
2019-03-26,7196.2998046875,11419.48046875,2818.4599609375
2019-03-27,7194.2001953125,11419.0400390625,2805.3701171875
2019-03-28,7234.2998046875,11428.16015625,2815.43994140625
2019-03-29,7279.2001953125,11526.0400390625,2834.39990234375
2019-04-01,7317.39990234375,11681.990234375,2867.18994140625
2019-04-02,7391.10009765625,11754.7900390625,2867.239990234375
2019-04-03,7418.2998046875,11954.400390625,2873.39990234375
2019-04-04,7401.89990234375,11988.009765625,2879.389892578125
2019-04-05,7446.89990234375,12009.75,2892.739990234375
2019-04-08,7451.89990234375,11963.400390625,2895.77001953125
2019-04-09,7425.60009765625,11850.5703125,2878.199951171875
2019-04-10,7421.89990234375,11905.91015625,2888.2099609375
2019-04-11,7418.0,11935.2001953125,2888.320068359375
2019-04-12,7437.10009765625,11999.9296875,2907.409912109375
2019-04-15,7436.89990234375,12020.2802734375,2905.580078125
2019-04-16,7469.89990234375,12101.3203125,2907.06005859375
2019-04-17,7471.2998046875,12153.0703125,2900.449951171875
2019-04-18,7459.89990234375,12222.3896484375,2905.030029296875
2019-04-23,7523.10009765625,12235.509765625,2933.679931640625
2019-04-24,7471.7998046875,12313.16015625,2927.25
2019-04-25,7434.10009765625,12282.599609375,2926.169921875
2019-04-26,7428.2001953125,12315.1796875,2939.8798828125
2019-04-29,7440.7001953125,12328.01953125,2943.030029296875
2019-04-30,7418.2001953125,12344.080078125,2945.830078125
2019-05-02,7351.2998046875,12345.419921875,2917.52001953125
2019-05-03,7380.60009765625,12412.75,2945.639892578125
2019-05-07,7260.5,12092.740234375,2884.050048828125
2019-05-08,7271.0,12179.9296875,2879.419921875
2019-05-09,7207.39990234375,11973.919921875,2870.719970703125
2019-05-10,7203.2998046875,12059.830078125,2881.39990234375
2019-05-13,7163.7001953125,11876.650390625,2811.8701171875
2019-05-14,7241.60009765625,11991.6201171875,2834.409912109375
2019-05-15,7297.0,12099.5703125,2850.9599609375
2019-05-16,7353.5,12310.3701171875,2876.320068359375
2019-05-17,7348.60009765625,12238.9404296875,2859.530029296875
2019-05-20,7310.89990234375,12041.2900390625,2840.22998046875
2019-05-21,7328.89990234375,12143.4697265625,2864.360107421875
2019-05-22,7334.2001953125,12168.740234375,2856.27001953125
2019-05-23,7231.0,11952.41015625,2822.239990234375
2019-05-24,7277.7001953125,12011.0400390625,2826.06005859375
2019-05-28,7269.0,12027.0498046875,2802.389892578125
2019-05-29,7185.2998046875,11837.8095703125,2783.02001953125
2019-05-30,7218.2001953125,11902.080078125,2788.860107421875
2019-05-31,7161.7001953125,11726.83984375,2752.06005859375
2019-06-03,7184.7998046875,11792.8095703125,2744.449951171875
2019-06-04,7214.2998046875,11971.169921875,2803.27001953125
2019-06-05,7220.2001953125,11980.8095703125,2826.14990234375
2019-06-06,7259.89990234375,11953.1396484375,2843.489990234375
2019-06-07,7331.89990234375,12045.3798828125,2873.340087890625
2019-06-11,7398.5,12155.8095703125,2885.719970703125
2019-06-12,7367.60009765625,12115.6796875,2879.840087890625
2019-06-13,7368.60009765625,12169.0498046875,2891.639892578125
2019-06-14,7345.7998046875,12096.400390625,2886.97998046875
2019-06-17,7357.2998046875,12085.8203125,2889.669921875
2019-06-18,7443.0,12331.75,2917.75
2019-06-19,7403.5,12308.5302734375,2926.4599609375
2019-06-20,7424.39990234375,12355.3896484375,2954.179931640625
2019-06-21,7407.5,12339.919921875,2950.4599609375
2019-06-24,7416.7001953125,12274.5703125,2945.35009765625
2019-06-25,7422.39990234375,12228.4404296875,2917.3798828125
2019-06-26,7416.39990234375,12245.3203125,2913.780029296875
2019-06-27,7402.2998046875,12271.0302734375,2924.919921875
2019-06-28,7425.60009765625,12398.7998046875,2941.760009765625
2019-07-01,7497.5,12521.3798828125,2964.330078125
2019-07-02,7559.2001953125,12526.7197265625,2973.010009765625
2019-07-03,7609.2998046875,12616.240234375,2995.820068359375
2019-07-05,7553.10009765625,12568.5302734375,2990.409912109375
2019-07-08,7549.2998046875,12543.509765625,2975.949951171875
2019-07-09,7536.5,12436.5498046875,2979.6298828125
2019-07-10,7530.7001953125,12373.41015625,2993.070068359375
2019-07-11,7509.7998046875,12332.1201171875,2999.909912109375
2019-07-12,7506.0,12323.3203125,3013.77001953125
2019-07-15,7531.7001953125,12387.33984375,3014.300048828125
2019-07-16,7577.2001953125,12430.9697265625,3004.0400390625
2019-07-17,7535.5,12341.0302734375,2984.419921875
2019-07-18,7493.10009765625,12227.849609375,2995.110107421875
2019-07-19,7508.7001953125,12260.0703125,2976.610107421875
2019-07-22,7514.89990234375,12289.400390625,2985.030029296875
2019-07-23,7556.89990234375,12490.740234375,3005.469970703125
2019-07-24,7501.5,12522.8896484375,3019.56005859375
2019-07-25,7489.10009765625,12362.099609375,3003.669921875
2019-07-26,7549.10009765625,12419.900390625,3025.860107421875
2019-07-29,7686.60009765625,12417.4697265625,3020.969970703125
2019-07-30,7646.7998046875,12147.240234375,3013.179931640625
2019-07-31,7586.7998046875,12189.0400390625,2980.3798828125
2019-08-01,7584.89990234375,12253.150390625,2953.56005859375
2019-08-02,7407.10009765625,11872.4404296875,2932.050048828125
2019-08-05,7223.89990234375,11658.509765625,2844.739990234375
2019-08-06,7171.7001953125,11567.9599609375,2881.77001953125
2019-08-07,7198.7001953125,11650.150390625,2883.97998046875
2019-08-08,7285.89990234375,11845.41015625,2938.090087890625
2019-08-09,7253.89990234375,11693.7998046875,2918.64990234375
2019-08-12,7226.7001953125,11679.6796875,2882.699951171875
2019-08-13,7250.89990234375,11750.1298828125,2926.320068359375
2019-08-14,7147.89990234375,11492.66015625,2840.60009765625
2019-08-15,7067.0,11412.669921875,2847.60009765625
2019-08-16,7117.2001953125,11562.740234375,2888.679931640625
2019-08-19,7189.7001953125,11715.3701171875,2923.64990234375
2019-08-20,7125.0,11651.1796875,2900.510009765625
2019-08-21,7204.0,11802.849609375,2924.429931640625
2019-08-22,7128.2001953125,11747.0400390625,2922.949951171875
2019-08-23,7095.0,11611.509765625,2847.110107421875
2019-08-27,7089.60009765625,11730.01953125,2869.159912109375
2019-08-28,7114.7001953125,11701.01953125,2887.93994140625
2019-08-29,7184.2998046875,11838.8798828125,2924.580078125
2019-08-30,7207.2001953125,11939.2802734375,2926.4599609375
2019-09-03,7268.2001953125,11910.8603515625,2906.27001953125
2019-09-04,7311.2998046875,12025.0400390625,2937.780029296875
2019-09-05,7271.2001953125,12126.7802734375,2976.0
2019-09-06,7282.2998046875,12191.73046875,2978.7099609375
2019-09-09,7235.7998046875,12226.099609375,2978.429931640625
2019-09-10,7268.0,12268.7099609375,2979.389892578125
2019-09-11,7338.0,12359.0703125,3000.929931640625
2019-09-12,7344.7001953125,12410.25,3009.570068359375
2019-09-13,7367.5,12468.5302734375,3007.389892578125
2019-09-16,7321.39990234375,12380.3095703125,2997.9599609375
2019-09-17,7320.39990234375,12372.6103515625,3005.699951171875
2019-09-18,7314.10009765625,12389.6201171875,3006.72998046875
2019-09-19,7356.39990234375,12457.7001953125,3006.7900390625
2019-09-20,7344.89990234375,12468.009765625,2992.070068359375
2019-09-23,7326.10009765625,12342.330078125,2991.780029296875
2019-09-24,7291.39990234375,12307.150390625,2966.60009765625
2019-09-25,7290.0,12234.1796875,2984.8701171875
2019-09-26,7351.10009765625,12288.5400390625,2977.6201171875
2019-09-27,7426.2001953125,12380.9404296875,2961.7900390625
2019-09-30,7408.2001953125,12428.080078125,2976.739990234375
2019-10-01,7360.2998046875,12263.830078125,2940.25
2019-10-02,7122.5,11925.25,2887.610107421875
2019-10-04,7155.39990234375,12012.8095703125,2952.010009765625
2019-10-07,7197.89990234375,12097.4296875,2938.7900390625
2019-10-08,7143.2001953125,11970.2001953125,2893.06005859375
2019-10-09,7166.5,12094.259765625,2919.39990234375
2019-10-10,7186.39990234375,12164.2001953125,2938.1298828125
2019-10-11,7247.10009765625,12511.650390625,2970.27001953125
2019-10-14,7213.5,12486.5595703125,2966.14990234375
2019-10-15,7211.60009765625,12629.7900390625,2995.679931640625
2019-10-16,7168.0,12670.1103515625,2989.68994140625
2019-10-17,7182.2998046875,12654.9501953125,2997.949951171875
2019-10-18,7150.60009765625,12633.599609375,2986.199951171875
2019-10-21,7163.60009765625,12747.9599609375,3006.719970703125
2019-10-22,7212.5,12754.6904296875,2995.989990234375
2019-10-23,7260.7001953125,12798.1904296875,3004.52001953125
2019-10-24,7328.2998046875,12872.099609375,3010.2900390625
2019-10-25,7324.5,12894.509765625,3022.550048828125
2019-10-28,7331.2998046875,12941.7099609375,3039.419921875
2019-10-29,7306.2998046875,12939.6201171875,3036.889892578125
2019-10-30,7330.7998046875,12910.23046875,3046.77001953125
2019-10-31,7248.39990234375,12866.7900390625,3037.56005859375
2019-11-01,7302.39990234375,12961.0498046875,3066.909912109375
2019-11-04,7369.7001953125,13136.2802734375,3078.27001953125
2019-11-05,7388.10009765625,13148.5,3074.6201171875
2019-11-06,7396.7001953125,13179.8896484375,3076.780029296875
2019-11-07,7406.39990234375,13289.4599609375,3085.179931640625
2019-11-08,7359.39990234375,13228.5595703125,3093.080078125
2019-11-11,7328.5,13198.3701171875,3087.010009765625
2019-11-12,7365.39990234375,13283.509765625,3091.840087890625
2019-11-13,7351.2001953125,13230.0703125,3094.0400390625
2019-11-14,7292.7998046875,13180.23046875,3096.6298828125
2019-11-15,7302.89990234375,13241.75,3120.4599609375
2019-11-18,7307.7001953125,13207.009765625,3122.030029296875
2019-11-19,7323.7998046875,13221.1201171875,3120.179931640625
2019-11-20,7262.5,13158.1396484375,3108.4599609375
2019-11-21,7238.60009765625,13137.7001953125,3103.5400390625
2019-11-22,7326.7998046875,13163.8798828125,3110.2900390625
2019-11-25,7396.2998046875,13246.4501953125,3133.639892578125
2019-11-26,7403.10009765625,13236.419921875,3140.52001953125
2019-11-27,7429.7998046875,13287.0703125,3153.6298828125
2019-11-29,7346.5,13236.3798828125,3140.97998046875
2019-12-02,7285.89990234375,12964.6796875,3113.8701171875
2019-12-03,7158.7998046875,12989.2900390625,3093.199951171875
2019-12-04,7188.5,13140.5703125,3112.760009765625
2019-12-05,7137.89990234375,13054.7998046875,3117.429931640625
2019-12-06,7239.7001953125,13166.580078125,3145.909912109375
2019-12-09,7233.89990234375,13105.6103515625,3135.9599609375
2019-12-10,7213.7998046875,13070.7197265625,3132.52001953125
2019-12-11,7216.2998046875,13146.740234375,3141.6298828125
2019-12-12,7273.5,13221.6396484375,3168.570068359375
2019-12-13,7353.39990234375,13282.7197265625,3168.800048828125
2019-12-16,7519.10009765625,13407.66015625,3191.449951171875
2019-12-17,7525.2998046875,13287.830078125,3192.52001953125
2019-12-18,7540.7998046875,13222.16015625,3191.139892578125
2019-12-19,7573.7998046875,13211.9599609375,3205.3701171875
2019-12-20,7582.5,13318.900390625,3221.219970703125
2019-12-23,7623.60009765625,13300.98046875,3224.010009765625
2019-12-27,7644.89990234375,13337.1103515625,3240.02001953125
2019-12-30,7587.10009765625,13249.009765625,3221.2900390625
2020-01-02,7604.2998046875,13385.9296875,3257.85009765625
2020-01-03,7622.39990234375,13219.1396484375,3234.85009765625
2020-01-06,7575.2998046875,13126.990234375,3246.280029296875
2020-01-07,7573.89990234375,13226.830078125,3237.179931640625
2020-01-08,7574.89990234375,13320.1796875,3253.050048828125
2020-01-09,7598.10009765625,13495.0595703125,3274.699951171875
2020-01-10,7587.89990234375,13483.3095703125,3265.35009765625
2020-01-13,7617.60009765625,13451.51953125,3288.1298828125
2020-01-14,7622.39990234375,13456.490234375,3283.14990234375
2020-01-15,7642.7998046875,13432.2998046875,3289.2900390625
2020-01-16,7609.7998046875,13429.4296875,3316.81005859375
2020-01-17,7674.60009765625,13526.1298828125,3329.6201171875
2020-01-21,7610.7001953125,13555.8701171875,3320.7900390625
2020-01-22,7571.89990234375,13515.75,3321.75
2020-01-23,7507.7001953125,13388.419921875,3325.5400390625
2020-01-24,7586.0,13576.6796875,3295.469970703125
2020-01-27,7412.10009765625,13204.76953125,3243.6298828125
2020-01-28,7480.7001953125,13323.6904296875,3276.239990234375
2020-01-29,7483.60009765625,13345.0,3273.39990234375
2020-01-30,7382.0,13157.1201171875,3283.659912109375
2020-01-31,7286.0,12981.9697265625,3225.52001953125
2020-02-03,7326.2998046875,13045.1904296875,3248.919921875
2020-02-04,7439.7998046875,13281.740234375,3297.590087890625
2020-02-05,7482.5,13478.330078125,3334.68994140625
2020-02-06,7504.7998046875,13574.8203125,3345.780029296875
2020-02-07,7466.7001953125,13513.8095703125,3327.7099609375
2020-02-10,7446.89990234375,13494.0302734375,3352.090087890625
2020-02-11,7499.39990234375,13627.83984375,3357.75
2020-02-12,7534.39990234375,13749.7802734375,3379.449951171875
2020-02-13,7452.0,13745.4296875,3373.93994140625
2020-02-14,7409.10009765625,13744.2099609375,3380.159912109375
2020-02-18,7382.0,13681.1904296875,3370.2900390625
2020-02-19,7457.0,13789.0,3386.14990234375
2020-02-20,7436.60009765625,13664.0,3373.22998046875
2020-02-21,7403.89990234375,13579.330078125,3337.75
2020-02-24,7156.7998046875,13035.240234375,3225.889892578125
2020-02-25,7017.89990234375,12790.490234375,3128.2099609375
2020-02-26,7042.5,12774.8798828125,3116.389892578125
2020-02-27,6796.39990234375,12367.4599609375,2978.760009765625
2020-02-28,6580.60009765625,11890.349609375,2954.219970703125
2020-03-02,6654.89990234375,11857.8701171875,3090.22998046875
2020-03-03,6718.2001953125,11985.3896484375,3003.3701171875
2020-03-04,6815.60009765625,12127.6904296875,3130.1201171875
2020-03-05,6705.39990234375,11944.7197265625,3023.93994140625
2020-03-06,6462.60009765625,11541.8701171875,2972.3701171875
2020-03-09,5965.7998046875,10625.01953125,2746.56005859375
2020-03-10,5960.2001953125,10475.490234375,2882.22998046875
2020-03-11,5876.5,10438.6796875,2741.3798828125
2020-03-12,5237.5,9161.1298828125,2480.639892578125
2020-03-13,5366.10009765625,9232.080078125,2711.02001953125
2020-03-16,5151.10009765625,8742.25,2386.1298828125
2020-03-17,5294.89990234375,8939.099609375,2529.18994140625
2020-03-18,5080.60009765625,8441.7099609375,2398.10009765625
2020-03-19,5151.60009765625,8610.4296875,2409.389892578125
2020-03-20,5190.7998046875,8928.9501953125,2304.919921875
2020-03-23,4993.89990234375,8741.150390625,2237.39990234375
2020-03-24,5446.0,9700.5703125,2447.330078125
2020-03-25,5688.2001953125,9874.259765625,2475.56005859375
2020-03-26,5815.7001953125,10000.9599609375,2630.070068359375
2020-03-27,5510.2998046875,9632.51953125,2541.469970703125
2020-03-30,5563.7001953125,9815.9697265625,2626.64990234375
2020-03-31,5672.0,9935.83984375,2584.590087890625
2020-04-01,5454.60009765625,9544.75,2470.5
2020-04-02,5480.2001953125,9570.8203125,2526.89990234375
2020-04-03,5415.5,9525.76953125,2488.64990234375
2020-04-06,5582.39990234375,10075.169921875,2663.679931640625
2020-04-07,5704.5,10356.7001953125,2659.409912109375
2020-04-08,5677.7001953125,10332.8896484375,2749.97998046875
2020-04-09,5842.7001953125,10564.740234375,2789.820068359375
2020-04-14,5791.2998046875,10696.5595703125,2846.06005859375
2020-04-15,5597.7001953125,10279.759765625,2783.360107421875
2020-04-16,5628.39990234375,10301.5400390625,2799.550048828125
2020-04-17,5787.0,10625.7802734375,2874.56005859375
2020-04-20,5812.7998046875,10675.900390625,2823.159912109375
2020-04-21,5641.0,10249.849609375,2736.56005859375
2020-04-22,5770.60009765625,10415.0302734375,2799.31005859375
2020-04-23,5826.60009765625,10513.7900390625,2797.800048828125
2020-04-24,5752.2001953125,10336.08984375,2836.739990234375
2020-04-27,5846.7998046875,10659.990234375,2878.47998046875
2020-04-28,5958.5,10795.6298828125,2863.389892578125
2020-04-29,6115.2998046875,11107.740234375,2939.510009765625
2020-04-30,5901.2001953125,10861.6396484375,2912.429931640625
2020-05-04,5753.7998046875,10466.7998046875,2842.739990234375
2020-05-05,5849.39990234375,10729.4599609375,2868.43994140625
2020-05-06,5853.7998046875,10606.2001953125,2848.419921875
2020-05-07,5936.0,10759.26953125,2881.18994140625
2020-05-11,5939.7001953125,10824.990234375,2930.18994140625
2020-05-12,5994.7998046875,10819.5,2870.1201171875
2020-05-13,5904.10009765625,10542.66015625,2820.0
2020-05-14,5741.5,10337.01953125,2852.5
2020-05-15,5799.7998046875,10465.169921875,2863.699951171875
2020-05-18,6048.60009765625,11058.8701171875,2953.909912109375
2020-05-19,6002.2001953125,11075.2900390625,2922.93994140625
2020-05-20,6067.2001953125,11223.7099609375,2971.610107421875
2020-05-21,6015.2998046875,11065.9296875,2948.510009765625
2020-05-22,5993.2998046875,11073.8701171875,2955.449951171875
2020-05-26,6067.7998046875,11504.650390625,2991.77001953125
2020-05-27,6144.2998046875,11657.6904296875,3036.1298828125
2020-05-28,6218.7998046875,11781.1298828125,3029.72998046875
2020-05-29,6076.60009765625,11586.849609375,3044.31005859375
2020-06-02,6220.10009765625,12021.2802734375,3080.820068359375
2020-06-03,6382.39990234375,12487.3603515625,3122.8701171875
2020-06-04,6341.39990234375,12430.5595703125,3112.35009765625
2020-06-05,6484.2998046875,12847.6796875,3193.929931640625
2020-06-08,6472.60009765625,12819.58984375,3232.389892578125
2020-06-09,6335.7001953125,12617.990234375,3207.179931640625
2020-06-10,6329.10009765625,12530.16015625,3190.139892578125
2020-06-11,6076.7001953125,11970.2900390625,3002.10009765625
2020-06-12,6105.2001953125,11949.2802734375,3041.31005859375
2020-06-15,6064.7001953125,11911.349609375,3066.590087890625
2020-06-16,6242.7998046875,12315.66015625,3124.739990234375
2020-06-17,6253.2998046875,12382.1396484375,3113.489990234375
2020-06-18,6224.10009765625,12281.5302734375,3115.340087890625
2020-06-19,6292.60009765625,12330.759765625,3097.739990234375
2020-06-22,6244.60009765625,12262.9697265625,3117.860107421875
2020-06-23,6320.10009765625,12523.759765625,3131.2900390625
2020-06-24,6123.7001953125,12093.9404296875,3050.330078125
2020-06-25,6147.10009765625,12177.8701171875,3083.760009765625
2020-06-26,6159.2998046875,12089.3896484375,3009.050048828125
2020-06-29,6225.7998046875,12232.1201171875,3053.239990234375
2020-06-30,6169.7001953125,12310.9296875,3100.2900390625
2020-07-01,6158.0,12260.5703125,3115.860107421875
2020-07-02,6240.39990234375,12608.4599609375,3130.010009765625
2020-07-06,6285.89990234375,12733.4501953125,3179.719970703125
2020-07-07,6189.89990234375,12616.7998046875,3145.320068359375
2020-07-08,6156.2001953125,12494.8095703125,3169.93994140625
2020-07-09,6049.60009765625,12489.4599609375,3152.050048828125
2020-07-10,6095.39990234375,12633.7099609375,3185.0400390625
2020-07-13,6176.2001953125,12799.9697265625,3155.219970703125
2020-07-14,6179.7998046875,12697.3603515625,3197.52001953125
2020-07-15,6292.7001953125,12930.98046875,3226.56005859375
2020-07-16,6250.7001953125,12874.9697265625,3215.570068359375
2020-07-17,6290.2998046875,12919.6103515625,3224.72998046875
2020-07-20,6261.5,13046.919921875,3251.840087890625
2020-07-21,6269.7001953125,13171.830078125,3257.300048828125
2020-07-22,6207.10009765625,13104.25,3276.02001953125
2020-07-23,6211.39990234375,13103.3896484375,3235.659912109375
2020-07-24,6123.7998046875,12838.0595703125,3215.6298828125
2020-07-27,6104.89990234375,12838.66015625,3239.409912109375
2020-07-28,6129.2998046875,12835.2802734375,3218.43994140625
2020-07-29,6131.5,12822.259765625,3258.43994140625
2020-07-30,5990.0,12379.650390625,3246.219970703125
2020-07-31,5897.7998046875,12313.3603515625,3271.1201171875
2020-08-03,6032.89990234375,12646.98046875,3294.610107421875
2020-08-04,6036.0,12600.8701171875,3306.510009765625
2020-08-05,6104.7001953125,12660.25,3327.77001953125
2020-08-06,6026.89990234375,12591.6796875,3349.159912109375
2020-08-07,6032.2001953125,12674.8798828125,3351.280029296875
2020-08-10,6050.60009765625,12687.5302734375,3360.469970703125
2020-08-11,6154.2998046875,12946.8896484375,3333.68994140625
2020-08-12,6280.10009765625,13058.6298828125,3380.35009765625
2020-08-13,6185.60009765625,12993.7099609375,3373.429931640625
2020-08-14,6090.0,12901.33984375,3372.85009765625
2020-08-17,6127.39990234375,12920.66015625,3381.989990234375
2020-08-18,6076.60009765625,12881.759765625,3389.780029296875
2020-08-19,6112.0,12977.330078125,3374.85009765625
2020-08-20,6013.2998046875,12830.0,3385.510009765625
2020-08-21,6001.89990234375,12764.7998046875,3397.159912109375
2020-08-24,6104.7001953125,13066.5400390625,3431.280029296875
2020-08-25,6037.0,13061.6201171875,3443.6201171875
2020-08-26,6045.60009765625,13190.150390625,3478.72998046875
2020-08-27,6000.0,13096.3603515625,3484.550048828125
2020-08-28,5963.60009765625,13033.2001953125,3508.010009765625
2020-09-01,5862.10009765625,12974.25,3526.64990234375
2020-09-02,5941.0,13243.4296875,3580.840087890625
2020-09-03,5850.89990234375,13057.76953125,3455.06005859375
2020-09-04,5799.10009765625,12842.66015625,3426.9599609375
2020-09-08,5930.2998046875,12968.330078125,3331.840087890625
2020-09-09,6012.7998046875,13237.2099609375,3398.9599609375
2020-09-10,6003.2998046875,13208.8896484375,3339.18994140625
2020-09-11,6032.10009765625,13202.83984375,3340.969970703125
2020-09-14,6026.2998046875,13193.66015625,3383.5400390625
2020-09-15,6105.5,13217.669921875,3401.199951171875
2020-09-16,6078.5,13255.3701171875,3385.489990234375
2020-09-17,6049.89990234375,13208.1201171875,3357.010009765625
2020-09-18,6007.10009765625,13116.25,3319.469970703125
2020-09-21,5804.2998046875,12542.4404296875,3281.06005859375
2020-09-22,5829.5,12594.3896484375,3315.570068359375
2020-09-23,5899.2998046875,12642.9697265625,3236.919921875
2020-09-24,5822.7998046875,12606.5703125,3246.590087890625
2020-09-25,5842.7001953125,12469.2001953125,3298.4599609375
2020-09-28,5927.89990234375,12870.8701171875,3351.60009765625
2020-09-29,5897.5,12825.8203125,3335.469970703125
2020-09-30,5866.10009765625,12760.73046875,3363.0
2020-10-01,5879.5,12730.76953125,3380.800048828125
2020-10-02,5902.10009765625,12689.0400390625,3348.419921875
2020-10-05,5942.89990234375,12828.3095703125,3408.60009765625
2020-10-06,5949.89990234375,12906.01953125,3360.969970703125
2020-10-07,5946.2998046875,12928.5703125,3419.43994140625
2020-10-08,5978.0,13042.2099609375,3446.830078125
2020-10-09,6016.7001953125,13051.23046875,3477.139892578125
2020-10-12,6001.39990234375,13138.41015625,3534.219970703125
2020-10-13,5969.7001953125,13018.990234375,3511.929931640625
2020-10-14,5935.10009765625,13028.0595703125,3488.669921875
2020-10-15,5832.5,12703.75,3483.340087890625
2020-10-16,5919.60009765625,12908.990234375,3483.81005859375
2020-10-19,5884.7001953125,12854.66015625,3426.919921875
2020-10-20,5889.2001953125,12736.9501953125,3443.1201171875
2020-10-21,5776.5,12557.6396484375,3435.56005859375
2020-10-22,5785.7001953125,12543.0595703125,3453.489990234375
2020-10-23,5860.2998046875,12645.75,3465.389892578125
2020-10-26,5792.0,12177.1796875,3400.969970703125
2020-10-27,5729.0,12063.5703125,3390.679931640625
2020-10-28,5582.7998046875,11560.509765625,3271.030029296875
2020-10-29,5581.7998046875,11598.0703125,3310.110107421875
2020-10-30,5577.2998046875,11556.48046875,3269.9599609375
2020-11-02,5655.0,11788.2802734375,3310.239990234375
2020-11-03,5786.7998046875,12088.98046875,3369.159912109375
2020-11-04,5883.2998046875,12324.2197265625,3443.43994140625
2020-11-05,5906.2001953125,12568.08984375,3510.449951171875
2020-11-06,5910.0,12480.01953125,3509.43994140625
2020-11-09,6186.2998046875,13095.9697265625,3550.5
2020-11-10,6296.89990234375,13163.1103515625,3545.530029296875
2020-11-11,6382.10009765625,13216.1796875,3572.659912109375
2020-11-12,6338.89990234375,13052.9501953125,3537.010009765625
2020-11-13,6316.39990234375,13076.7197265625,3585.14990234375
2020-11-16,6421.2998046875,13138.6103515625,3626.909912109375
2020-11-17,6365.2998046875,13133.4697265625,3609.530029296875
2020-11-18,6385.2001953125,13201.8896484375,3567.7900390625
2020-11-19,6334.39990234375,13086.16015625,3581.8701171875
2020-11-20,6351.5,13137.25,3557.5400390625
2020-11-23,6333.7998046875,13126.9697265625,3577.590087890625
2020-11-24,6432.2001953125,13292.4404296875,3635.409912109375
2020-11-25,6391.10009765625,13289.7998046875,3629.64990234375
2020-11-27,6367.60009765625,13335.6796875,3638.35009765625
2020-11-30,6266.2001953125,13291.16015625,3621.6298828125
2020-12-01,6384.7001953125,13382.2998046875,3662.449951171875
2020-12-02,6463.39990234375,13313.240234375,3669.010009765625
2020-12-03,6490.2998046875,13252.8603515625,3666.719970703125
2020-12-04,6550.2001953125,13298.9599609375,3699.1201171875
2020-12-07,6555.39990234375,13271.0,3691.9599609375
2020-12-08,6558.7998046875,13278.490234375,3702.25
2020-12-09,6564.2998046875,13340.259765625,3672.820068359375
2020-12-10,6599.7998046875,13295.73046875,3668.10009765625
2020-12-11,6546.7998046875,13114.2998046875,3663.4599609375
2020-12-14,6531.7998046875,13223.16015625,3647.489990234375
2020-12-15,6513.2998046875,13362.8701171875,3694.6201171875
2020-12-16,6570.89990234375,13565.98046875,3701.169921875
2020-12-17,6551.10009765625,13667.25,3722.47998046875
2020-12-18,6529.2001953125,13630.509765625,3709.409912109375
2020-12-21,6416.2998046875,13246.2998046875,3694.919921875
2020-12-23,6495.7998046875,13587.23046875,3690.010009765625
2020-12-29,6602.7001953125,13761.3798828125,3727.0400390625
2020-12-30,6555.7998046875,13718.7802734375,3732.0400390625
2021-01-04,6571.89990234375,13726.740234375,3700.64990234375
2021-01-05,6612.2998046875,13651.2197265625,3726.860107421875
2021-01-06,6841.89990234375,13891.9697265625,3748.139892578125
2021-01-07,6857.0,13968.240234375,3803.7900390625
2021-01-08,6873.2998046875,14049.5302734375,3824.679931640625
2021-01-11,6798.5,13936.66015625,3799.610107421875
2021-01-12,6754.10009765625,13925.0595703125,3801.18994140625
2021-01-13,6745.5,13939.7099609375,3809.840087890625
2021-01-14,6802.0,13988.7001953125,3795.5400390625
2021-01-15,6735.7001953125,13787.73046875,3768.25
2021-01-19,6713.0,13815.0595703125,3798.909912109375
2021-01-20,6740.39990234375,13921.3701171875,3851.85009765625
2021-01-21,6715.39990234375,13906.669921875,3853.070068359375
2021-01-22,6695.10009765625,13873.9697265625,3841.469970703125
2021-01-25,6638.89990234375,13643.9501953125,3855.360107421875
2021-01-26,6654.0,13870.990234375,3849.6201171875
2021-01-27,6567.39990234375,13620.4599609375,3750.77001953125
2021-01-28,6526.2001953125,13665.9296875,3787.3798828125
2021-01-29,6407.5,13432.8701171875,3714.239990234375
2021-02-01,6466.39990234375,13622.01953125,3773.860107421875
2021-02-02,6516.7001953125,13835.16015625,3826.31005859375
2021-02-03,6507.7998046875,13933.6298828125,3830.169921875
2021-02-04,6503.7001953125,14060.2900390625,3871.739990234375
2021-02-05,6489.2998046875,14056.7197265625,3886.830078125
2021-02-08,6523.5,14059.91015625,3915.590087890625
2021-02-09,6531.60009765625,14011.7998046875,3911.22998046875
2021-02-10,6524.39990234375,13932.9697265625,3909.8798828125
2021-02-11,6528.7001953125,14040.91015625,3916.3798828125
2021-02-12,6589.7998046875,14049.8896484375,3934.830078125
2021-02-16,6748.89990234375,14064.599609375,3932.590087890625
2021-02-17,6710.89990234375,13909.26953125,3931.330078125
2021-02-18,6617.2001953125,13886.9296875,3913.969970703125
2021-02-19,6624.0,13993.23046875,3906.7099609375
2021-02-22,6612.2001953125,13950.0400390625,3876.5
2021-02-23,6625.89990234375,13864.8095703125,3881.3701171875
2021-02-24,6659.0,13976.0,3925.429931640625
2021-02-25,6652.0,13879.330078125,3829.340087890625
2021-02-26,6483.39990234375,13786.2900390625,3811.14990234375
2021-03-01,6588.5,14012.8203125,3901.820068359375
2021-03-02,6613.7998046875,14039.7998046875,3870.2900390625
2021-03-03,6675.5,14080.0302734375,3819.719970703125
2021-03-04,6650.89990234375,14056.33984375,3768.469970703125
2021-03-05,6630.5,13920.6904296875,3841.93994140625
2021-03-08,6719.10009765625,14380.91015625,3821.35009765625
2021-03-09,6730.2998046875,14437.9404296875,3875.43994140625
2021-03-10,6725.60009765625,14540.25,3898.81005859375
2021-03-11,6737.0,14569.3896484375,3939.340087890625
2021-03-12,6761.5,14502.3896484375,3943.340087890625
2021-03-15,6749.7001953125,14461.419921875,3968.93994140625
2021-03-16,6803.60009765625,14557.580078125,3962.7099609375
2021-03-17,6762.7001953125,14596.6103515625,3974.1201171875
2021-03-18,6779.7001953125,14775.51953125,3915.4599609375
2021-03-19,6708.7001953125,14621.0,3913.10009765625
2021-03-22,6726.10009765625,14657.2099609375,3940.590087890625
2021-03-23,6699.2001953125,14662.01953125,3910.52001953125
2021-03-24,6712.89990234375,14610.3896484375,3889.139892578125
2021-03-25,6674.7998046875,14621.3603515625,3909.52001953125
2021-03-26,6740.60009765625,14748.9404296875,3974.5400390625
2021-03-29,6736.2001953125,14817.7197265625,3971.090087890625
2021-03-30,6772.10009765625,15008.6103515625,3958.550048828125
2021-03-31,6713.60009765625,15008.33984375,3972.889892578125
2021-04-01,6737.2998046875,15107.169921875,4019.8701171875
2021-04-06,6823.60009765625,15212.6796875,4073.93994140625
2021-04-07,6885.2998046875,15176.3603515625,4079.949951171875
2021-04-08,6942.2001953125,15202.6796875,4097.169921875
2021-04-09,6915.7998046875,15234.16015625,4128.7998046875
2021-04-12,6889.10009765625,15215.0,4127.990234375
2021-04-13,6890.5,15234.3603515625,4141.58984375
2021-04-14,6939.60009765625,15209.150390625,4124.66015625
2021-04-15,6983.5,15255.330078125,4170.419921875
2021-04-16,7019.5,15459.75,4185.47021484375
2021-04-19,7000.10009765625,15368.3896484375,4163.259765625
2021-04-20,6859.89990234375,15129.509765625,4134.93994140625
2021-04-21,6895.2998046875,15195.9697265625,4173.419921875
2021-04-22,6938.2001953125,15320.51953125,4134.97998046875
2021-04-23,6938.60009765625,15279.6201171875,4180.169921875
2021-04-26,6963.10009765625,15296.33984375,4187.6201171875
2021-04-27,6945.0,15249.26953125,4186.72021484375
2021-04-28,6963.7001953125,15292.1796875,4183.18017578125
2021-04-29,6961.5,15154.2001953125,4211.47021484375
2021-04-30,6969.7998046875,15135.91015625,4181.169921875
2021-05-04,6923.2001953125,14856.48046875,4164.66015625
2021-05-05,7039.2998046875,15170.7802734375,4167.58984375
2021-05-06,7076.2001953125,15196.740234375,4201.6201171875
2021-05-07,7129.7001953125,15399.650390625,4232.60009765625
2021-05-10,7123.7001953125,15400.41015625,4188.43017578125
2021-05-11,6948.0,15119.75,4152.10009765625
2021-05-12,7004.60009765625,15150.2197265625,4063.0400390625
2021-05-13,6963.2998046875,15199.6796875,4112.5
2021-05-14,7043.60009765625,15416.6396484375,4173.85009765625
2021-05-17,7032.89990234375,15396.6201171875,4163.2900390625
2021-05-18,7034.2001953125,15386.580078125,4127.830078125
2021-05-19,6950.2001953125,15113.5595703125,4115.68017578125
2021-05-20,7019.7998046875,15370.259765625,4159.1201171875
2021-05-21,7018.10009765625,15437.509765625,4155.85986328125
2021-05-25,7029.7998046875,15465.08984375,4188.1298828125
2021-05-26,7026.89990234375,15450.7197265625,4195.990234375
2021-05-27,7019.7001953125,15406.73046875,4200.8798828125
2021-05-28,7022.60009765625,15519.98046875,4204.10986328125
2021-06-01,7080.5,15567.3603515625,4202.0400390625
2021-06-02,7108.0,15602.7099609375,4208.1201171875
2021-06-03,7064.39990234375,15632.669921875,4192.85009765625
2021-06-04,7069.0,15692.900390625,4229.89013671875
2021-06-07,7077.2001953125,15677.150390625,4226.52001953125
2021-06-08,7095.10009765625,15640.599609375,4227.259765625
2021-06-09,7081.0,15581.1396484375,4219.5498046875
2021-06-10,7088.2001953125,15571.2197265625,4239.18017578125
2021-06-11,7134.10009765625,15693.26953125,4247.43994140625
2021-06-14,7146.7001953125,15673.6396484375,4255.14990234375
2021-06-15,7172.5,15729.51953125,4246.58984375
2021-06-16,7185.0,15710.5703125,4223.7001953125
2021-06-17,7153.39990234375,15727.669921875,4221.85986328125
2021-06-18,7017.5,15448.0400390625,4166.4501953125
2021-06-21,7062.2998046875,15603.240234375,4224.7900390625
2021-06-22,7090.0,15636.330078125,4246.43994140625
2021-06-23,7074.10009765625,15456.3896484375,4241.83984375
2021-06-24,7110.0,15589.23046875,4266.490234375
2021-06-25,7136.10009765625,15607.9697265625,4280.7001953125
2021-06-28,7073.0,15554.1796875,4290.60986328125
2021-06-29,7087.60009765625,15690.58984375,4291.7998046875
2021-06-30,7037.5,15531.0400390625,4297.5
2021-07-01,7125.2001953125,15603.8095703125,4319.93994140625
2021-07-02,7123.2998046875,15650.08984375,4352.33984375
2021-07-06,7100.89990234375,15511.3798828125,4343.5400390625
2021-07-07,7151.0,15692.7099609375,4358.1298828125
2021-07-08,7030.7001953125,15420.6396484375,4320.81982421875
2021-07-09,7121.89990234375,15687.9296875,4369.5498046875
2021-07-12,7125.39990234375,15790.509765625,4384.6298828125
2021-07-13,7124.7001953125,15789.6396484375,4369.2099609375
2021-07-14,7091.2001953125,15788.98046875,4374.2998046875
2021-07-15,7012.0,15629.66015625,4360.02978515625
2021-07-16,7008.10009765625,15540.3095703125,4327.16015625
2021-07-19,6844.39990234375,15133.2001953125,4258.490234375
2021-07-20,6881.10009765625,15216.26953125,4323.06005859375
2021-07-21,6998.2998046875,15422.5,4358.68994140625
2021-07-22,6968.2998046875,15514.5400390625,4367.47998046875
2021-07-23,7027.60009765625,15669.2900390625,4411.7900390625
2021-07-26,7025.39990234375,15618.98046875,4422.2998046875
2021-07-27,6996.10009765625,15519.1298828125,4401.4599609375
2021-07-28,7016.60009765625,15570.3603515625,4400.64013671875
2021-07-29,7078.39990234375,15640.4697265625,4419.14990234375
2021-07-30,7032.2998046875,15544.3896484375,4395.259765625
2021-08-02,7081.7001953125,15568.73046875,4387.16015625
2021-08-03,7105.7001953125,15555.080078125,4423.14990234375
2021-08-04,7123.89990234375,15692.1298828125,4402.66015625
2021-08-05,7120.39990234375,15744.669921875,4429.10009765625
2021-08-06,7123.0,15761.4501953125,4436.52001953125
2021-08-09,7132.2998046875,15745.41015625,4432.35009765625
2021-08-10,7161.0,15770.7099609375,4436.75
2021-08-11,7220.10009765625,15826.08984375,4442.41015625
2021-08-12,7193.2001953125,15937.509765625,4460.830078125
2021-08-13,7218.7001953125,15977.4404296875,4468.0
2021-08-16,7154.0,15925.73046875,4479.7099609375
2021-08-17,7181.10009765625,15921.9501953125,4448.080078125
2021-08-18,7169.2998046875,15965.9697265625,4400.27001953125
2021-08-19,7058.89990234375,15765.8095703125,4405.7998046875
2021-08-20,7087.89990234375,15808.0400390625,4441.669921875
2021-08-23,7109.0,15852.7900390625,4479.52978515625
2021-08-24,7125.7998046875,15905.849609375,4486.22998046875
2021-08-25,7150.10009765625,15860.66015625,4496.18994140625
2021-08-26,7125.0,15793.6201171875,4470.0
2021-08-27,7148.0,15851.75,4509.3701171875
2021-08-31,7119.7001953125,15835.08984375,4522.68017578125
2021-09-01,7149.7998046875,15824.2900390625,4524.08984375
2021-09-02,7163.89990234375,15840.58984375,4536.9501953125
2021-09-03,7138.39990234375,15781.2001953125,4535.43017578125
2021-09-07,7149.39990234375,15843.08984375,4520.02978515625
2021-09-08,7095.5,15610.2802734375,4514.06982421875
2021-09-09,7024.2001953125,15623.150390625,4493.27978515625
2021-09-10,7029.2001953125,15609.8095703125,4458.580078125
2021-09-13,7068.39990234375,15701.419921875,4468.72998046875
2021-09-14,7034.10009765625,15722.990234375,4443.0498046875
2021-09-15,7016.5,15616.0,4480.7001953125
2021-09-16,7027.5,15651.75,4473.75
2021-09-17,6963.60009765625,15490.169921875,4432.990234375
2021-09-20,6903.89990234375,15132.0595703125,4357.72998046875
2021-09-21,6981.0,15348.5302734375,4354.18994140625
2021-09-22,7083.39990234375,15506.740234375,4395.64013671875
2021-09-23,7078.39990234375,15643.9697265625,4448.97998046875
2021-09-24,7051.5,15531.75,4455.47998046875
2021-09-27,7063.39990234375,15573.8798828125,4443.10986328125
2021-09-28,7028.10009765625,15248.5595703125,4352.6298828125
2021-09-29,7108.2001953125,15365.26953125,4359.4599609375
2021-09-30,7086.39990234375,15260.6904296875,4307.5400390625
2021-10-01,7027.10009765625,15156.4404296875,4357.0400390625
2021-10-04,7011.0,15036.5498046875,4300.4599609375
2021-10-05,7077.10009765625,15194.490234375,4345.72021484375
2021-10-06,6995.89990234375,14973.330078125,4363.5498046875
2021-10-07,7078.0,15250.8603515625,4399.759765625
2021-10-08,7095.60009765625,15206.1298828125,4391.33984375
2021-10-11,7146.89990234375,15199.1396484375,4361.18994140625
2021-10-12,7130.2001953125,15146.8701171875,4350.64990234375
2021-10-13,7141.7998046875,15249.3798828125,4363.7998046875
2021-10-14,7207.7001953125,15462.7197265625,4438.259765625
2021-10-15,7234.0,15587.3603515625,4471.3701171875
2021-10-18,7203.7998046875,15474.4697265625,4486.4599609375
2021-10-19,7217.5,15515.830078125,4519.6298828125
2021-10-20,7223.10009765625,15522.919921875,4536.18994140625
2021-10-21,7190.2998046875,15472.5595703125,4549.77978515625
2021-10-22,7204.60009765625,15542.98046875,4544.89990234375
2021-10-25,7222.7998046875,15599.23046875,4566.47998046875
2021-10-26,7277.60009765625,15757.0595703125,4574.7900390625
2021-10-27,7253.2998046875,15705.8095703125,4551.68017578125
2021-10-28,7249.5,15696.330078125,4596.419921875
2021-10-29,7237.60009765625,15688.76953125,4605.3798828125
2021-11-01,7288.60009765625,15806.2900390625,4613.669921875
2021-11-02,7274.7998046875,15954.4501953125,4630.64990234375
2021-11-03,7248.89990234375,15959.98046875,4660.56982421875
2021-11-04,7279.89990234375,16029.650390625,4680.06005859375
2021-11-05,7304.0,16054.3603515625,4697.52978515625
2021-11-08,7300.39990234375,16046.51953125,4701.7001953125
2021-11-09,7274.0,16040.4697265625,4685.25
2021-11-10,7340.2001953125,16067.830078125,4646.7099609375
2021-11-11,7384.2001953125,16083.1103515625,4649.27001953125
2021-11-12,7347.89990234375,16094.0703125,4682.85009765625
2021-11-15,7351.89990234375,16148.6396484375,4682.7998046875
2021-11-16,7327.0,16247.8603515625,4700.89990234375
2021-11-17,7291.2001953125,16251.1298828125,4688.669921875
2021-11-18,7256.0,16221.73046875,4704.5400390625
2021-11-19,7223.60009765625,16159.9697265625,4697.9599609375
2021-11-22,7255.5,16115.6904296875,4682.93994140625
2021-11-23,7266.7001953125,15937.0,4690.7001953125
2021-11-24,7286.2998046875,15878.3896484375,4701.4599609375
2021-11-26,7044.0,15257.0400390625,4594.6201171875
2021-11-29,7110.0,15280.8603515625,4655.27001953125
2021-11-30,7059.5,15100.1298828125,4567.0
2021-12-01,7168.7001953125,15472.669921875,4513.0400390625
2021-12-02,7129.2001953125,15263.1103515625,4577.10009765625
2021-12-03,7122.2998046875,15169.98046875,4538.43017578125
2021-12-06,7232.2998046875,15380.7900390625,4591.669921875
2021-12-07,7339.89990234375,15813.9404296875,4686.75
2021-12-08,7337.39990234375,15687.08984375,4701.2099609375
2021-12-09,7321.2998046875,15639.259765625,4667.4501953125
2021-12-10,7291.7998046875,15623.3095703125,4712.02001953125
2021-12-13,7231.39990234375,15621.7197265625,4668.97021484375
2021-12-14,7218.60009765625,15453.5595703125,4634.08984375
2021-12-15,7170.7998046875,15476.349609375,4709.85009765625
2021-12-16,7260.60009765625,15636.400390625,4668.669921875
2021-12-17,7269.89990234375,15531.6904296875,4620.64013671875
2021-12-20,7198.0,15239.669921875,4568.02001953125
2021-12-21,7297.39990234375,15447.4404296875,4649.22998046875
2021-12-22,7341.7001953125,15593.4697265625,4696.56005859375
2021-12-23,7373.2998046875,15756.3095703125,4725.7900390625
2021-12-29,7420.7001953125,15852.25,4793.06005859375
2021-12-30,7403.0,15884.8603515625,4778.72998046875
2022-01-04,7505.2001953125,16152.6103515625,4793.5400390625
2022-01-05,7516.89990234375,16271.75,4700.580078125
2022-01-06,7450.39990234375,16052.0302734375,4696.0498046875
2022-01-07,7485.2998046875,15947.740234375,4677.02978515625
2022-01-10,7445.2998046875,15768.26953125,4670.2900390625
2022-01-11,7491.39990234375,15941.8095703125,4713.06982421875
2022-01-12,7551.7001953125,16010.3203125,4726.35009765625
2022-01-13,7563.89990234375,16031.58984375,4659.02978515625
2022-01-14,7543.0,15883.240234375,4662.85009765625
2022-01-18,7563.60009765625,15772.5595703125,4577.10986328125
2022-01-19,7589.7001953125,15809.7197265625,4532.759765625
2022-01-20,7585.0,15912.330078125,4482.72998046875
2022-01-21,7494.10009765625,15603.8798828125,4397.93994140625
2022-01-24,7297.2001953125,15011.1298828125,4410.1298828125
2022-01-25,7371.5,15123.8701171875,4356.4501953125
2022-01-26,7469.7998046875,15459.3896484375,4349.93017578125
2022-01-27,7554.2998046875,15524.26953125,4326.509765625
2022-01-28,7466.10009765625,15318.9501953125,4431.85009765625
2022-01-31,7464.39990234375,15471.2001953125,4515.5498046875
2022-02-01,7535.7998046875,15619.3896484375,4546.5400390625
2022-02-02,7583.0,15613.76953125,4589.3798828125
2022-02-03,7528.7998046875,15368.4697265625,4477.43994140625
2022-02-04,7516.39990234375,15099.5595703125,4500.52978515625
2022-02-07,7573.5,15206.6396484375,4483.8701171875
2022-02-08,7567.10009765625,15242.3798828125,4521.5400390625
2022-02-09,7643.39990234375,15482.009765625,4587.18017578125
2022-02-10,7672.39990234375,15490.4404296875,4504.080078125
2022-02-11,7661.0,15425.1201171875,4418.64013671875
2022-02-14,7531.60009765625,15113.9697265625,4401.669921875
2022-02-15,7608.89990234375,15412.7099609375,4471.06982421875
2022-02-16,7603.7998046875,15396.0703125,4475.009765625
2022-02-17,7537.39990234375,15267.6298828125,4380.259765625
2022-02-18,7513.60009765625,15042.509765625,4348.8701171875
2022-02-22,7494.2001953125,14693.0,4304.759765625
2022-02-23,7498.2001953125,14631.3603515625,4225.5
2022-02-24,7207.0,14052.099609375,4288.7001953125
2022-02-25,7489.5,14567.23046875,4384.64990234375
2022-02-28,7458.2998046875,14461.01953125,4373.93994140625
2022-03-01,7330.2001953125,13904.849609375,4306.259765625
2022-03-02,7429.60009765625,14000.1103515625,4386.5400390625
2022-03-03,7238.89990234375,13698.400390625,4363.490234375
2022-03-04,6987.10009765625,13094.5400390625,4328.8701171875
2022-03-07,6959.5,12834.650390625,4201.08984375
2022-03-08,6964.10009765625,12831.509765625,4170.7001953125
2022-03-09,7190.7001953125,13847.9296875,4277.8798828125
2022-03-10,7099.10009765625,13442.099609375,4259.52001953125
2022-03-11,7155.60009765625,13628.1103515625,4204.31005859375
2022-03-14,7193.5,13929.1103515625,4173.10986328125
2022-03-15,7175.7001953125,13917.26953125,4262.4501953125
2022-03-16,7291.7001953125,14440.740234375,4357.85986328125
2022-03-17,7385.2998046875,14388.0595703125,4411.669921875
2022-03-18,7404.7001953125,14413.08984375,4463.1201171875
2022-03-21,7442.39990234375,14326.9697265625,4461.18017578125
2022-03-22,7476.7001953125,14473.2001953125,4511.60986328125
2022-03-23,7460.60009765625,14283.650390625,4456.240234375
2022-03-24,7467.39990234375,14273.7900390625,4520.16015625
2022-03-25,7483.39990234375,14305.759765625,4543.06005859375
2022-03-28,7473.10009765625,14417.3701171875,4575.52001953125
2022-03-29,7537.2998046875,14820.330078125,4631.60009765625
2022-03-30,7578.7998046875,14606.0498046875,4602.4501953125
2022-03-31,7515.7001953125,14414.75,4530.41015625
2022-04-01,7537.89990234375,14446.48046875,4545.85986328125
2022-04-04,7558.89990234375,14518.16015625,4582.64013671875
2022-04-05,7613.7001953125,14424.3603515625,4525.1201171875
2022-04-06,7587.7001953125,14151.6904296875,4481.14990234375
2022-04-07,7551.7998046875,14078.150390625,4500.2099609375
2022-04-08,7669.60009765625,14283.669921875,4488.27978515625
2022-04-11,7618.2998046875,14192.7802734375,4412.52978515625
2022-04-12,7576.7001953125,14124.9501953125,4397.4501953125
2022-04-13,7580.7998046875,14076.4404296875,4446.58984375
2022-04-14,7616.39990234375,14163.849609375,4392.58984375
2022-04-19,7601.2998046875,14153.4599609375,4462.2099609375
2022-04-20,7629.2001953125,14362.0302734375,4459.4501953125
2022-04-21,7628.0,14502.41015625,4393.66015625
2022-04-22,7521.7001953125,14142.08984375,4271.77978515625
2022-04-25,7380.5,13924.169921875,4296.1201171875
2022-04-26,7386.2001953125,13756.400390625,4175.2001953125
2022-04-27,7425.60009765625,13793.9404296875,4183.9599609375
2022-04-28,7509.2001953125,13979.83984375,4287.5
2022-04-29,7544.60009765625,14097.8798828125,4131.93017578125
2022-05-03,7561.2998046875,14039.4697265625,4175.47998046875
2022-05-04,7493.5,13970.8203125,4300.169921875
2022-05-05,7503.2998046875,13902.51953125,4146.8701171875
2022-05-06,7387.89990234375,13674.2900390625,4123.33984375
2022-05-09,7216.60009765625,13380.669921875,3991.239990234375
2022-05-10,7243.2001953125,13534.740234375,4001.050048828125
2022-05-11,7347.7001953125,13828.6396484375,3935.179931640625
2022-05-12,7233.2998046875,13739.6396484375,3930.080078125
2022-05-13,7418.2001953125,14027.9296875,4023.889892578125
2022-05-16,7464.7998046875,13964.3798828125,4008.010009765625
2022-05-17,7518.39990234375,14185.9404296875,4088.85009765625
2022-05-18,7438.10009765625,14007.759765625,3923.679931640625
2022-05-19,7302.7001953125,13882.2998046875,3900.7900390625
2022-05-20,7390.0,13981.91015625,3901.360107421875
2022-05-23,7513.39990234375,14175.400390625,3973.75
2022-05-24,7484.39990234375,13919.75,3941.47998046875
2022-05-25,7522.7998046875,14007.9296875,3978.72998046875
2022-05-26,7564.89990234375,14231.2900390625,4057.840087890625
2022-05-27,7585.5,14462.1904296875,4158.240234375
2022-05-31,7607.7001953125,14388.349609375,4132.14990234375
2022-06-01,7533.0,14340.4697265625,4101.22998046875
2022-06-06,7608.2001953125,14653.8095703125,4121.43017578125
2022-06-07,7598.89990234375,14556.6201171875,4160.68017578125
2022-06-08,7593.0,14445.990234375,4115.77001953125
2022-06-09,7476.2001953125,14198.7998046875,4017.820068359375
2022-06-10,7317.5,13761.830078125,3900.860107421875
2022-06-13,7205.7998046875,13427.0302734375,3749.6298828125
2022-06-14,7187.5,13304.3896484375,3735.47998046875
2022-06-15,7273.39990234375,13485.2900390625,3789.989990234375
2022-06-16,7045.0,13038.490234375,3666.77001953125
2022-06-17,7016.2998046875,13126.259765625,3674.840087890625
2022-06-21,7152.10009765625,13292.400390625,3764.7900390625
2022-06-22,7089.2001953125,13144.2802734375,3759.889892578125
2022-06-23,7020.5,12912.58984375,3795.72998046875
2022-06-24,7208.7998046875,13118.1298828125,3911.739990234375
2022-06-27,7258.2998046875,13186.0703125,3900.110107421875
2022-06-28,7323.39990234375,13231.8203125,3821.550048828125
2022-06-29,7312.2998046875,13003.349609375,3818.830078125
2022-06-30,7169.2998046875,12783.76953125,3785.3798828125
2022-07-01,7168.7001953125,12813.0302734375,3825.330078125
2022-07-05,7025.5,12401.2001953125,3831.389892578125
2022-07-06,7107.7998046875,12594.51953125,3845.080078125
2022-07-07,7189.10009765625,12843.2197265625,3902.6201171875
2022-07-08,7196.2001953125,13015.23046875,3899.3798828125
2022-07-11,7196.60009765625,12832.4404296875,3854.429931640625
2022-07-12,7209.89990234375,12905.48046875,3818.800048828125
2022-07-13,7156.39990234375,12756.3203125,3801.780029296875
2022-07-14,7039.7998046875,12519.66015625,3790.3798828125
2022-07-15,7159.0,12864.7197265625,3863.159912109375
2022-07-18,7223.2001953125,12959.8095703125,3830.85009765625
2022-07-19,7296.2998046875,13308.41015625,3936.68994140625
2022-07-20,7264.2998046875,13281.98046875,3959.89990234375
2022-07-21,7270.5,13246.6396484375,3998.949951171875
2022-07-22,7276.39990234375,13253.6796875,3961.6298828125
2022-07-25,7306.2998046875,13210.3203125,3966.840087890625
2022-07-26,7306.2998046875,13096.9296875,3921.050048828125
2022-07-27,7348.2001953125,13166.3798828125,4023.610107421875
2022-07-28,7345.2998046875,13282.1103515625,4072.429931640625
2022-07-29,7423.39990234375,13484.0498046875,4130.2900390625
2022-08-01,7413.39990234375,13479.6298828125,4118.6298828125
2022-08-02,7409.10009765625,13449.2001953125,4091.18994140625
2022-08-03,7445.7001953125,13587.5595703125,4155.169921875
2022-08-04,7448.10009765625,13662.6796875,4151.93994140625
2022-08-05,7439.7001953125,13573.9296875,4145.18994140625
2022-08-08,7482.39990234375,13687.6904296875,4140.06005859375
2022-08-09,7488.2001953125,13534.9697265625,4122.47021484375
2022-08-10,7507.10009765625,13700.9296875,4210.240234375
2022-08-11,7465.89990234375,13694.509765625,4207.27001953125
2022-08-12,7500.89990234375,13795.849609375,4280.14990234375
2022-08-15,7509.2001953125,13816.6103515625,4297.14013671875
2022-08-16,7536.10009765625,13910.1201171875,4305.2001953125
2022-08-17,7515.7998046875,13626.7099609375,4274.0400390625
2022-08-18,7541.89990234375,13697.41015625,4283.740234375
2022-08-19,7550.39990234375,13544.51953125,4228.47998046875
2022-08-22,7533.7998046875,13230.5703125,4137.990234375
2022-08-23,7488.10009765625,13194.23046875,4128.72998046875
2022-08-24,7471.5,13220.0595703125,4140.77001953125
2022-08-25,7479.7001953125,13271.9599609375,4199.1201171875
2022-08-26,7427.2998046875,12971.4697265625,4057.659912109375
2022-08-30,7361.60009765625,12961.1396484375,3986.159912109375
2022-08-31,7284.2001953125,12834.9599609375,3955.0
2022-09-01,7148.5,12630.23046875,3966.85009765625
2022-09-02,7281.2001953125,13050.26953125,3924.260009765625
2022-09-06,7300.39990234375,12871.4404296875,3908.18994140625
2022-09-07,7237.7998046875,12915.9697265625,3979.8701171875
2022-09-08,7262.10009765625,12904.3203125,4006.179931640625
2022-09-09,7351.10009765625,13088.2099609375,4067.360107421875
2022-09-12,7473.0,13402.26953125,4110.41015625
2022-09-13,7385.89990234375,13188.9501953125,3932.68994140625
2022-09-14,7277.2998046875,13028.0,3946.010009765625
2022-09-15,7282.10009765625,12956.66015625,3901.35009765625
2022-09-16,7236.7001953125,12741.259765625,3873.330078125
2022-09-20,7192.7001953125,12670.830078125,3855.929931640625
2022-09-21,7237.60009765625,12767.150390625,3789.929931640625
2022-09-22,7159.5,12531.6298828125,3757.989990234375
2022-09-23,7018.60009765625,12284.1904296875,3693.22998046875
2022-09-26,7021.0,12227.919921875,3655.0400390625
2022-09-27,6984.60009765625,12139.6796875,3647.2900390625
2022-09-28,7005.39990234375,12183.2802734375,3719.0400390625
2022-09-29,6881.60009765625,11975.5498046875,3640.469970703125
2022-09-30,6893.7998046875,12114.3603515625,3585.6201171875
2022-10-03,6908.7998046875,12209.48046875,3678.429931640625
2022-10-04,7086.5,12670.48046875,3790.929931640625
2022-10-05,7052.60009765625,12517.1796875,3783.280029296875
2022-10-06,6997.2998046875,12470.7802734375,3744.52001953125
2022-10-07,6991.10009765625,12273.0,3639.659912109375
2022-10-10,6959.2998046875,12272.9404296875,3612.389892578125
2022-10-11,6885.2001953125,12220.25,3588.840087890625
2022-10-12,6826.2001953125,12172.259765625,3577.030029296875
2022-10-13,6850.2998046875,12355.580078125,3669.909912109375
2022-10-14,6858.7998046875,12437.8095703125,3583.070068359375
2022-10-17,6920.2001953125,12649.0302734375,3677.949951171875
2022-10-18,6936.7001953125,12765.6103515625,3719.97998046875
2022-10-19,6925.0,12741.41015625,3695.159912109375
2022-10-20,6943.89990234375,12767.41015625,3665.780029296875
2022-10-21,6969.7001953125,12730.900390625,3752.75
2022-10-24,7014.0,12931.4501953125,3797.340087890625
2022-10-25,7013.5,13052.9599609375,3859.110107421875
2022-10-26,7056.10009765625,13195.8095703125,3830.60009765625
2022-10-27,7073.7001953125,13211.23046875,3807.300048828125
2022-10-28,7047.7001953125,13243.330078125,3901.06005859375
2022-10-31,7094.5,13253.740234375,3871.97998046875
2022-11-01,7186.2001953125,13338.740234375,3856.10009765625
2022-11-02,7144.10009765625,13256.740234375,3759.68994140625
2022-11-03,7188.60009765625,13130.1904296875,3719.889892578125
2022-11-04,7334.7998046875,13459.849609375,3770.550048828125
2022-11-07,7300.0,13533.51953125,3806.800048828125
2022-11-08,7306.10009765625,13688.75,3828.110107421875
2022-11-09,7296.2998046875,13666.3203125,3748.570068359375
2022-11-10,7375.2998046875,14146.08984375,3956.3701171875
2022-11-11,7318.0,14224.8603515625,3992.929931640625
2022-11-14,7385.2001953125,14313.2998046875,3957.25
2022-11-15,7369.39990234375,14378.509765625,3991.72998046875
2022-11-16,7351.2001953125,14234.0302734375,3958.7900390625
2022-11-17,7346.5,14266.3798828125,3946.56005859375
2022-11-18,7385.5,14431.8603515625,3965.340087890625
2022-11-21,7376.89990234375,14379.9296875,3949.93994140625
2022-11-22,7452.7998046875,14422.349609375,4003.580078125
2022-11-23,7465.2001953125,14427.58984375,4027.260009765625
2022-11-25,7486.7001953125,14541.3798828125,4026.1201171875
2022-11-28,7474.0,14383.3603515625,3963.93994140625
2022-11-29,7512.0,14355.4501953125,3957.6298828125
2022-11-30,7573.10009765625,14397.0400390625,4080.110107421875
2022-12-01,7558.5,14490.2998046875,4076.570068359375
2022-12-02,7556.2001953125,14529.3896484375,4071.699951171875
2022-12-05,7567.5,14447.6103515625,3998.840087890625
2022-12-06,7521.39990234375,14343.1904296875,3941.260009765625
2022-12-07,7489.2001953125,14261.1904296875,3933.919921875
2022-12-08,7472.2001953125,14264.5595703125,3963.510009765625
2022-12-09,7476.60009765625,14370.7197265625,3934.3798828125
2022-12-12,7446.0,14306.6298828125,3990.56005859375
2022-12-13,7502.89990234375,14497.8896484375,4019.64990234375
2022-12-14,7495.89990234375,14460.2001953125,3995.320068359375
2022-12-15,7426.2001953125,13986.23046875,3895.75
2022-12-16,7332.10009765625,13893.0703125,3852.360107421875
2022-12-19,7361.2998046875,13942.8701171875,3817.659912109375
2022-12-20,7370.60009765625,13884.66015625,3821.6201171875
2022-12-21,7497.2998046875,14097.8203125,3878.43994140625
2022-12-22,7469.2998046875,13914.0703125,3822.389892578125
2022-12-23,7473.0,13940.9296875,3844.820068359375
2022-12-28,7497.2001953125,13925.599609375,3783.219970703125
2022-12-29,7512.7001953125,14071.7197265625,3849.280029296875
2022-12-30,7451.7001953125,13923.58984375,3839.5
2023-01-03,7554.10009765625,14181.669921875,3824.139892578125
2023-01-04,7585.2001953125,14490.7802734375,3852.969970703125
2023-01-05,7633.5,14436.3095703125,3808.10009765625
2023-01-06,7699.5,14610.01953125,3895.080078125
2023-01-09,7724.89990234375,14792.830078125,3892.090087890625
2023-01-10,7694.5,14774.599609375,3919.25
2023-01-11,7725.0,14947.91015625,3969.610107421875
2023-01-12,7794.0,15058.2998046875,3983.169921875
2023-01-13,7844.10009765625,15086.51953125,3999.090087890625
2023-01-17,7851.0,15187.0703125,3990.969970703125
2023-01-18,7830.7001953125,15181.7998046875,3928.860107421875
2023-01-19,7747.2998046875,14920.3603515625,3898.85009765625
2023-01-20,7770.60009765625,15033.5595703125,3972.610107421875
2023-01-23,7784.7001953125,15102.9501953125,4019.81005859375
2023-01-24,7757.39990234375,15093.1103515625,4016.949951171875
2023-01-25,7744.89990234375,15081.6396484375,4016.219970703125
2023-01-26,7761.10009765625,15132.849609375,4060.429931640625
2023-01-27,7765.2001953125,15150.0302734375,4070.56005859375
2023-01-30,7784.89990234375,15126.080078125,4017.77001953125
2023-01-31,7771.7001953125,15128.26953125,4076.60009765625
2023-02-01,7761.10009765625,15180.740234375,4119.2099609375
2023-02-02,7820.2001953125,15509.1904296875,4179.759765625
2023-02-03,7901.7998046875,15476.4296875,4136.47998046875
2023-02-06,7836.7001953125,15345.91015625,4111.080078125
2023-02-07,7864.7001953125,15320.8798828125,4164.0
2023-02-08,7885.2001953125,15412.0498046875,4117.85986328125
2023-02-09,7911.2001953125,15523.419921875,4081.5
2023-02-10,7882.5,15307.98046875,4090.4599609375
2023-02-13,7947.60009765625,15397.33984375,4137.2900390625
2023-02-14,7953.89990234375,15380.5595703125,4136.1298828125
2023-02-15,7997.7998046875,15506.33984375,4147.60009765625
2023-02-16,8012.5,15533.6396484375,4090.409912109375
2023-02-17,8004.39990234375,15482.0,4079.090087890625
2023-02-21,7977.7998046875,15397.6201171875,3997.340087890625
2023-02-22,7930.60009765625,15399.8896484375,3991.050048828125
2023-02-23,7907.7001953125,15475.6904296875,4012.320068359375
2023-02-24,7878.7001953125,15209.740234375,3970.0400390625
2023-02-27,7935.10009765625,15381.4296875,3982.239990234375
2023-02-28,7876.2998046875,15365.1396484375,3970.14990234375
2023-03-01,7914.89990234375,15305.01953125,3951.389892578125
2023-03-02,7944.0,15327.6396484375,3981.35009765625
2023-03-03,7947.10009765625,15578.3896484375,4045.639892578125
2023-03-06,7929.7998046875,15653.580078125,4048.419921875
2023-03-07,7919.5,15559.5302734375,3986.3701171875
2023-03-08,7929.89990234375,15631.8701171875,3992.010009765625
2023-03-09,7880.0,15633.2099609375,3918.320068359375
2023-03-10,7748.39990234375,15427.9697265625,3861.590087890625
2023-03-13,7548.60009765625,14959.4697265625,3855.760009765625
2023-03-14,7637.10009765625,15232.830078125,3919.2900390625
2023-03-15,7344.5,14735.259765625,3891.929931640625
2023-03-16,7410.0,14967.099609375,3960.280029296875
2023-03-17,7335.39990234375,14768.2001953125,3916.639892578125
2023-03-20,7403.89990234375,14933.3798828125,3951.570068359375
2023-03-21,7536.2001953125,15195.33984375,4002.8701171875
2023-03-22,7566.7998046875,15216.1904296875,3936.969970703125
2023-03-23,7499.60009765625,15210.3896484375,3948.719970703125
2023-03-24,7405.5,14957.23046875,3970.989990234375
2023-03-27,7471.7998046875,15127.6796875,3977.530029296875
2023-03-28,7484.2998046875,15142.01953125,3971.27001953125
2023-03-29,7564.2998046875,15328.7802734375,4027.81005859375
2023-03-30,7620.39990234375,15522.400390625,4050.830078125
2023-03-31,7631.7001953125,15628.83984375,4109.31005859375
2023-04-03,7673.0,15580.919921875,4124.509765625
2023-04-04,7634.5,15603.4697265625,4100.60009765625
2023-04-05,7662.89990234375,15520.169921875,4090.3798828125
2023-04-06,7741.60009765625,15597.8896484375,4105.02001953125
2023-04-11,7785.7001953125,15655.169921875,4108.93994140625
2023-04-12,7824.7998046875,15703.599609375,4091.949951171875
2023-04-13,7843.39990234375,15729.4599609375,4146.22021484375
2023-04-14,7871.89990234375,15807.5,4137.64013671875
2023-04-17,7879.5,15789.5302734375,4151.31982421875
2023-04-18,7909.39990234375,15882.669921875,4154.8701171875
2023-04-19,7898.7998046875,15895.2001953125,4154.52001953125
2023-04-20,7902.60009765625,15795.9697265625,4129.7900390625
2023-04-21,7914.10009765625,15881.66015625,4133.52001953125
2023-04-24,7912.2001953125,15863.9501953125,4137.0400390625
2023-04-25,7891.10009765625,15872.1298828125,4071.6298828125
2023-04-26,7852.60009765625,15795.73046875,4055.989990234375
2023-04-27,7831.60009765625,15800.4501953125,4135.35009765625
2023-04-28,7870.60009765625,15922.3798828125,4169.47998046875
2023-05-02,7773.0,15726.9404296875,4119.580078125
2023-05-03,7788.39990234375,15815.0595703125,4090.75
2023-05-04,7702.60009765625,15734.240234375,4061.219970703125
2023-05-05,7778.39990234375,15961.01953125,4136.25
2023-05-09,7764.10009765625,15955.48046875,4119.169921875
2023-05-10,7741.2998046875,15896.23046875,4137.64013671875
2023-05-11,7730.60009765625,15834.91015625,4130.6201171875
2023-05-12,7754.60009765625,15913.8203125,4124.080078125
2023-05-15,7777.7001953125,15917.240234375,4136.27978515625
2023-05-16,7751.10009765625,15897.9296875,4109.89990234375
2023-05-17,7723.2001953125,15951.2998046875,4158.77001953125
2023-05-18,7742.2998046875,16163.3603515625,4198.0498046875
2023-05-19,7756.89990234375,16275.3798828125,4191.97998046875
2023-05-22,7771.0,16223.990234375,4192.6298828125
2023-05-23,7763.0,16152.8603515625,4145.580078125
2023-05-24,7627.10009765625,15842.1298828125,4115.240234375
2023-05-25,7570.89990234375,15793.7998046875,4151.27978515625
2023-05-26,7627.2001953125,15983.9697265625,4205.4501953125
2023-05-30,7522.10009765625,15908.91015625,4205.52001953125
2023-05-31,7446.10009765625,15664.01953125,4179.830078125
2023-06-01,7490.2998046875,15853.66015625,4221.02001953125
2023-06-02,7607.2998046875,16051.23046875,4282.3701171875
2023-06-05,7600.0,15963.8896484375,4273.7900390625
2023-06-06,7628.10009765625,15992.4404296875,4283.85009765625
2023-06-07,7624.2998046875,15960.5595703125,4267.52001953125
2023-06-08,7599.7001953125,15989.9599609375,4293.93017578125
2023-06-09,7562.39990234375,15949.83984375,4298.85986328125
2023-06-12,7570.7001953125,16097.8701171875,4338.93017578125
2023-06-13,7594.7998046875,16230.6796875,4369.009765625
2023-06-14,7602.7001953125,16310.7900390625,4372.58984375
2023-06-15,7628.2998046875,16290.1201171875,4425.83984375
2023-06-16,7642.7001953125,16357.6298828125,4409.58984375
2023-06-20,7569.2998046875,16111.3203125,4388.7099609375
2023-06-21,7559.2001953125,16023.1298828125,4365.68994140625
2023-06-22,7502.0,15988.16015625,4381.89013671875
2023-06-23,7461.89990234375,15829.9404296875,4348.330078125
2023-06-26,7453.60009765625,15813.0595703125,4328.81982421875
2023-06-27,7461.5,15846.8603515625,4378.41015625
2023-06-28,7500.5,15949.0,4376.85986328125
2023-06-29,7471.7001953125,15946.7197265625,4396.43994140625
2023-06-30,7531.5,16147.900390625,4450.3798828125
2023-07-03,7527.2998046875,16081.0400390625,4455.58984375
2023-07-05,7442.10009765625,15937.580078125,4446.81982421875
2023-07-06,7280.5,15528.5400390625,4411.58984375
2023-07-07,7256.89990234375,15603.400390625,4398.9501953125
2023-07-10,7273.7998046875,15673.16015625,4409.52978515625
2023-07-11,7282.5,15790.33984375,4439.259765625
2023-07-12,7416.10009765625,16023.0,4472.16015625
2023-07-13,7440.2001953125,16141.0302734375,4510.0400390625
2023-07-14,7434.60009765625,16105.0703125,4505.419921875
2023-07-17,7406.39990234375,16068.650390625,4522.7900390625
2023-07-18,7453.7001953125,16125.490234375,4554.97998046875
2023-07-19,7588.2001953125,16108.9296875,4565.72021484375
2023-07-20,7646.10009765625,16204.2197265625,4534.8701171875
2023-07-21,7663.7001953125,16177.2197265625,4536.33984375
2023-07-24,7678.60009765625,16190.9501953125,4554.64013671875
2023-07-25,7691.7998046875,16211.58984375,4567.4599609375
2023-07-26,7676.89990234375,16131.4599609375,4566.75
2023-07-27,7692.7998046875,16406.029296875,4537.41015625
2023-07-28,7694.2998046875,16469.75,4582.22998046875
2023-07-31,7699.39990234375,16446.830078125,4588.9599609375
2023-08-01,7666.2998046875,16240.400390625,4576.72998046875
2023-08-02,7561.60009765625,16020.01953125,4513.39013671875
2023-08-03,7529.2001953125,15893.3798828125,4501.89013671875
2023-08-04,7564.39990234375,15951.8603515625,4478.02978515625
2023-08-07,7554.5,15950.759765625,4518.43994140625
2023-08-08,7527.39990234375,15774.9296875,4499.3798828125
2023-08-09,7587.2998046875,15852.580078125,4467.7099609375
2023-08-10,7618.60009765625,15996.51953125,4468.830078125
2023-08-11,7524.2001953125,15832.169921875,4464.0498046875
2023-08-14,7507.2001953125,15904.25,4489.72021484375
2023-08-15,7389.60009765625,15767.2802734375,4437.85986328125
2023-08-16,7356.89990234375,15789.4501953125,4404.330078125
2023-08-17,7310.2001953125,15676.900390625,4370.35986328125
2023-08-18,7262.39990234375,15574.259765625,4369.7099609375
2023-08-21,7257.7998046875,15603.2802734375,4399.77001953125
2023-08-22,7270.7998046875,15705.6201171875,4387.5498046875
2023-08-23,7320.5,15728.41015625,4436.009765625
2023-08-24,7333.60009765625,15621.490234375,4376.31005859375
2023-08-25,7338.60009765625,15631.8203125,4405.7099609375
2023-08-29,7465.0,15930.8798828125,4497.6298828125
2023-08-30,7473.7001953125,15891.9296875,4514.8701171875
2023-08-31,7439.10009765625,15947.080078125,4507.66015625
2023-09-01,7464.5,15840.33984375,4515.77001953125
2023-09-05,7437.89990234375,15771.7099609375,4496.830078125
2023-09-06,7426.10009765625,15741.3701171875,4465.47998046875
2023-09-07,7441.7001953125,15718.66015625,4451.14013671875
2023-09-08,7478.2001953125,15740.2998046875,4457.490234375
2023-09-11,7496.89990234375,15800.990234375,4487.4599609375
2023-09-12,7527.5,15715.5302734375,4461.89990234375
2023-09-13,7526.0,15654.0302734375,4467.43994140625
2023-09-14,7673.10009765625,15805.2900390625,4505.10009765625
2023-09-15,7711.39990234375,15893.5302734375,4450.31982421875
2023-09-18,7652.89990234375,15727.1201171875,4453.52978515625
2023-09-19,7660.2001953125,15664.48046875,4443.9501953125
2023-09-20,7731.7001953125,15781.58984375,4402.2001953125
2023-09-21,7678.60009765625,15571.8603515625,4330.0
2023-09-22,7683.89990234375,15557.2900390625,4320.06005859375
2023-09-25,7624.0,15405.490234375,4337.43994140625
2023-09-26,7625.7001953125,15255.8701171875,4273.52978515625
2023-09-27,7593.2001953125,15217.4501953125,4274.509765625
2023-09-28,7601.89990234375,15323.5,4299.7001953125
2023-09-29,7608.10009765625,15386.580078125,4288.0498046875
2023-10-02,7510.7001953125,15247.2099609375,4288.39013671875
2023-10-03,7470.2001953125,15085.2099609375,4229.4501953125
2023-10-04,7412.5,15099.919921875,4263.75
2023-10-05,7451.5,15070.2197265625,4258.18994140625
2023-10-06,7494.60009765625,15229.76953125,4308.5
2023-10-09,7492.2001953125,15128.1103515625,4335.66015625
2023-10-10,7628.2001953125,15423.51953125,4358.240234375
2023-10-11,7620.0,15460.009765625,4376.9501953125
2023-10-12,7644.7998046875,15425.0302734375,4349.60986328125
2023-10-13,7599.60009765625,15186.66015625,4327.77978515625
2023-10-16,7630.60009765625,15237.990234375,4373.6298828125
2023-10-17,7675.2001953125,15251.6904296875,4373.2001953125
2023-10-18,7588.0,15094.91015625,4314.60009765625
2023-10-19,7499.5,15045.23046875,4278.0
2023-10-20,7402.10009765625,14798.4697265625,4224.16015625
2023-10-23,7374.7998046875,14800.7197265625,4217.0400390625
2023-10-24,7389.7001953125,14879.9404296875,4247.68017578125
2023-10-25,7414.2998046875,14892.1796875,4186.77001953125
2023-10-26,7354.60009765625,14731.0498046875,4137.22998046875
2023-10-27,7291.2998046875,14687.41015625,4117.3701171875
2023-10-30,7327.39990234375,14716.5400390625,4166.81982421875
2023-10-31,7321.7001953125,14810.33984375,4193.7998046875
2023-11-01,7342.39990234375,14923.26953125,4237.85986328125
2023-11-02,7446.5,15143.599609375,4317.77978515625
2023-11-03,7417.7001953125,15189.25,4358.33984375
2023-11-06,7417.7998046875,15135.9697265625,4365.97998046875
2023-11-07,7410.0,15152.6396484375,4378.3798828125
2023-11-08,7401.7001953125,15229.599609375,4382.77978515625
2023-11-09,7455.7001953125,15352.5400390625,4347.35009765625
2023-11-10,7360.60009765625,15234.3896484375,4415.240234375
2023-11-13,7425.7998046875,15345.0,4411.5498046875
2023-11-14,7440.5,15614.4296875,4495.7001953125
2023-11-15,7486.89990234375,15748.169921875,4502.8798828125
2023-11-16,7411.0,15786.6103515625,4508.240234375
2023-11-17,7504.2998046875,15919.16015625,4514.02001953125
2023-11-20,7496.39990234375,15901.330078125,4547.3798828125
2023-11-21,7482.0,15900.5302734375,4538.18994140625
2023-11-22,7469.5,15957.8203125,4556.6201171875
2023-11-24,7488.2001953125,16029.490234375,4559.33984375
2023-11-27,7460.7001953125,15966.3701171875,4550.43017578125
2023-11-28,7455.2001953125,15992.669921875,4554.89013671875
2023-11-29,7423.5,16166.4501953125,4550.580078125
2023-11-30,7453.7998046875,16215.4296875,4567.7998046875
2023-12-01,7529.39990234375,16397.51953125,4594.6298828125
2023-12-04,7513.0,16404.759765625,4569.77978515625
2023-12-05,7489.7998046875,16533.109375,4567.18017578125
2023-12-06,7515.39990234375,16656.439453125,4549.33984375
2023-12-07,7513.7001953125,16628.990234375,4585.58984375
2023-12-08,7554.5,16759.220703125,4604.3701171875
2023-12-11,7544.89990234375,16794.4296875,4622.43994140625
2023-12-12,7542.7998046875,16791.740234375,4643.7001953125
2023-12-13,7548.39990234375,16766.05078125,4707.08984375
2023-12-14,7649.0,16752.23046875,4719.5498046875
2023-12-15,7576.39990234375,16751.439453125,4719.18994140625
2023-12-18,7614.5,16650.55078125,4740.56005859375
2023-12-19,7638.0,16744.41015625,4768.3701171875
2023-12-20,7715.7001953125,16733.05078125,4698.35009765625
2023-12-21,7694.7001953125,16687.419921875,4746.75
2023-12-22,7697.5,16706.1796875,4754.6298828125
2023-12-27,7725.0,16742.0703125,4781.580078125
2023-12-28,7722.7001953125,16701.55078125,4783.35009765625
2023-12-29,7733.2001953125,16751.640625,4769.830078125
2024-01-02,7721.5,16769.359375,4742.830078125
2024-01-03,7682.2998046875,16538.390625,4704.81005859375
2024-01-04,7723.10009765625,16617.2890625,4688.68017578125
2024-01-05,7689.60009765625,16594.2109375,4697.240234375
2024-01-08,7694.2001953125,16716.470703125,4763.5400390625
2024-01-09,7684.0,16688.359375,4756.5
2024-01-10,7651.7998046875,16689.810546875,4783.4501953125
2024-01-11,7576.60009765625,16547.029296875,4780.240234375
2024-01-12,7624.89990234375,16704.560546875,4783.830078125
2024-01-16,7558.2998046875,16571.6796875,4765.97998046875
2024-01-17,7446.2998046875,16431.689453125,4739.2099609375
2024-01-18,7459.10009765625,16567.349609375,4780.93994140625
2024-01-19,7461.89990234375,16555.130859375,4839.81005859375
2024-01-22,7487.7001953125,16683.359375,4850.43017578125
2024-01-23,7485.7001953125,16627.08984375,4864.60009765625
2024-01-24,7527.7001953125,16889.919921875,4868.5498046875
2024-01-25,7529.7001953125,16906.919921875,4894.16015625
2024-01-26,7635.10009765625,16961.390625,4890.97021484375
2024-01-29,7632.7001953125,16941.7109375,4927.93017578125
2024-01-30,7666.2998046875,16972.33984375,4924.97021484375
2024-01-31,7630.60009765625,16903.759765625,4845.64990234375
2024-02-01,7622.2001953125,16859.0390625,4906.18994140625
2024-02-02,7615.5,16918.2109375,4958.60986328125
2024-02-05,7612.89990234375,16904.060546875,4942.81005859375
2024-02-06,7681.0,17033.240234375,4954.22998046875
2024-02-07,7628.7998046875,16921.9609375,4995.06005859375
2024-02-08,7595.5,16963.830078125,4997.91015625
2024-02-09,7572.60009765625,16926.5,5026.60986328125
2024-02-12,7573.7001953125,17037.349609375,5021.83984375
2024-02-13,7512.2998046875,16880.830078125,4953.169921875
2024-02-14,7568.39990234375,16945.48046875,5000.6201171875
2024-02-15,7597.5,17046.689453125,5029.72998046875
2024-02-16,7711.7001953125,17117.439453125,5005.56982421875
2024-02-20,7719.2001953125,17068.4296875,4975.509765625
2024-02-21,7662.5,17118.119140625,4981.7998046875
2024-02-22,7684.5,17370.44921875,5087.02978515625
2024-02-23,7706.2998046875,17419.330078125,5088.7998046875
2024-02-26,7684.2998046875,17423.23046875,5069.52978515625
2024-02-27,7683.0,17556.490234375,5078.18017578125
2024-02-28,7625.0,17601.220703125,5069.759765625
2024-02-29,7630.0,17678.189453125,5096.27001953125
2024-03-01,7682.5,17735.0703125,5137.080078125
2024-03-04,7640.2998046875,17716.169921875,5130.9501953125
2024-03-05,7646.2001953125,17698.400390625,5078.64990234375
2024-03-06,7679.2998046875,17716.7109375,5104.759765625
2024-03-07,7692.5,17842.849609375,5157.35986328125
2024-03-08,7659.7001953125,17814.509765625,5123.68994140625
2024-03-11,7669.2001953125,17746.26953125,5117.93994140625
2024-03-12,7747.7998046875,17965.109375,5175.27001953125
2024-03-13,7772.2001953125,17961.380859375,5165.31005859375
2024-03-14,7743.2001953125,17942.0390625,5150.47998046875
2024-03-15,7727.39990234375,17936.650390625,5117.08984375
2024-03-18,7722.60009765625,17932.6796875,5149.419921875
2024-03-19,7738.2998046875,17987.490234375,5178.509765625
2024-03-20,7737.39990234375,18015.130859375,5224.6201171875
2024-03-21,7882.60009765625,18179.25,5241.52978515625
2024-03-22,7930.89990234375,18205.939453125,5234.18017578125
2024-03-25,7917.60009765625,18261.310546875,5218.18994140625
2024-03-26,7931.0,18384.349609375,5203.580078125
2024-03-27,7932.0,18477.08984375,5248.490234375
2024-03-28,7952.60009765625,18492.490234375,5254.35009765625
2024-04-02,7935.10009765625,18283.130859375,5205.81005859375
2024-04-03,7937.39990234375,18367.720703125,5211.490234375
2024-04-04,7975.89990234375,18403.130859375,5147.2099609375
2024-04-05,7911.2001953125,18175.0390625,5204.33984375
2024-04-08,7943.5,18318.970703125,5202.39013671875
2024-04-09,7934.7998046875,18076.689453125,5209.91015625
2024-04-10,7961.2001953125,18097.30078125,5160.64013671875
2024-04-11,7923.7998046875,17954.48046875,5199.06005859375
2024-04-12,7995.60009765625,17930.3203125,5123.41015625
2024-04-15,7965.5,18026.580078125,5061.81982421875
2024-04-16,7820.39990234375,17766.23046875,5051.41015625
2024-04-17,7848.0,17770.01953125,5022.2099609375
2024-04-18,7877.10009765625,17837.400390625,5011.1201171875
2024-04-19,7895.89990234375,17737.359375,4967.22998046875
2024-04-22,8023.89990234375,17860.80078125,5010.60009765625
2024-04-23,8044.7998046875,18137.650390625,5070.5498046875
2024-04-24,8040.39990234375,18088.69921875,5071.6298828125
2024-04-25,8078.89990234375,17917.279296875,5048.419921875
2024-04-26,8139.7998046875,18161.009765625,5099.9599609375
2024-04-29,8147.0,18118.3203125,5116.169921875
2024-04-30,8144.10009765625,17932.169921875,5035.68994140625
2024-05-02,8172.2001953125,17896.5,5064.2001953125
2024-05-03,8213.5,18001.599609375,5127.7900390625
2024-05-07,8313.7001953125,18430.05078125,5187.7001953125
2024-05-08,8354.099609375,18498.380859375,5187.669921875
2024-05-09,8381.400390625,18686.599609375,5214.080078125
2024-05-10,8433.7998046875,18772.849609375,5222.68017578125
2024-05-13,8415.0,18742.220703125,5221.419921875
2024-05-14,8428.099609375,18716.419921875,5246.68017578125
2024-05-15,8445.7998046875,18869.359375,5308.14990234375
2024-05-16,8438.7001953125,18738.810546875,5297.10009765625
2024-05-17,8420.2998046875,18704.419921875,5303.27001953125
2024-05-20,8424.2001953125,18768.9609375,5308.1298828125
2024-05-21,8416.5,18726.759765625,5321.41015625
2024-05-22,8370.2998046875,18680.19921875,5307.009765625
2024-05-23,8339.2001953125,18691.3203125,5267.83984375
2024-05-24,8317.599609375,18693.369140625,5304.72021484375
2024-05-28,8254.2001953125,18677.869140625,5306.0400390625
2024-05-29,8183.10009765625,18473.2890625,5266.9501953125
2024-05-30,8231.099609375,18496.7890625,5235.47998046875
2024-05-31,8275.400390625,18497.939453125,5277.509765625
2024-06-03,8262.7998046875,18608.16015625,5283.39990234375
2024-06-04,8232.0,18405.640625,5291.33984375
2024-06-05,8247.0,18575.939453125,5354.02978515625
2024-06-06,8285.2998046875,18652.669921875,5352.9599609375
2024-06-07,8245.400390625,18557.26953125,5346.990234375
2024-06-10,8228.5,18494.890625,5360.7900390625
2024-06-11,8147.7998046875,18369.939453125,5375.31982421875
2024-06-12,8215.5,18630.859375,5421.02978515625
2024-06-13,8163.7001953125,18265.6796875,5433.740234375
2024-06-14,8146.89990234375,18002.01953125,5431.60009765625
2024-06-17,8142.2001953125,18068.2109375,5473.22998046875
2024-06-18,8191.2998046875,18131.970703125,5487.02978515625
2024-06-20,8272.5,18254.1796875,5473.169921875
2024-06-21,8237.7001953125,18163.51953125,5464.6201171875
2024-06-24,8281.599609375,18325.580078125,5447.8701171875
2024-06-25,8247.7998046875,18177.619140625,5469.2998046875
2024-06-26,8225.2998046875,18155.240234375,5477.89990234375
2024-06-27,8179.7001953125,18210.55078125,5482.8701171875
2024-06-28,8164.10009765625,18235.44921875,5460.47998046875
2024-07-01,8166.7998046875,18290.66015625,5475.08984375
2024-07-02,8121.2001953125,18164.060546875,5509.009765625
2024-07-03,8171.10009765625,18374.529296875,5537.02001953125
2024-07-05,8203.900390625,18475.44921875,5567.18994140625
2024-07-08,8193.5,18472.05078125,5572.85009765625
2024-07-09,8139.7998046875,18236.189453125,5576.97998046875
2024-07-10,8193.5,18407.220703125,5633.91015625
2024-07-11,8223.2998046875,18534.560546875,5584.5400390625
2024-07-12,8252.900390625,18748.1796875,5615.35009765625
2024-07-15,8183.0,18590.890625,5631.22021484375
2024-07-16,8164.89990234375,18518.029296875,5667.2001953125
2024-07-17,8187.5,18437.30078125,5588.27001953125
2024-07-18,8204.900390625,18354.759765625,5544.58984375
2024-07-19,8155.7001953125,18171.9296875,5505.0
2024-07-22,8198.7998046875,18407.0703125,5564.41015625
2024-07-23,8167.39990234375,18557.69921875,5555.740234375
2024-07-24,8153.7001953125,18387.4609375,5427.1298828125
2024-07-25,8186.39990234375,18298.720703125,5399.22021484375
2024-07-26,8285.7001953125,18417.55078125,5459.10009765625
2024-07-29,8292.400390625,18320.669921875,5463.5400390625
2024-07-30,8274.400390625,18411.1796875,5436.43994140625
2024-07-31,8368.0,18508.650390625,5522.2998046875
2024-08-01,8283.400390625,18083.05078125,5446.68017578125
2024-08-02,8174.7001953125,17661.220703125,5346.56005859375
2024-08-05,8008.2001953125,17339.0,5186.330078125
2024-08-06,8026.7001953125,17354.3203125,5240.02978515625
2024-08-07,8166.89990234375,17615.150390625,5199.5
2024-08-08,8145.0,17680.400390625,5319.31005859375
2024-08-09,8168.10009765625,17722.880859375,5344.16015625
2024-08-12,8210.2998046875,17726.470703125,5344.39013671875
2024-08-13,8235.2001953125,17812.05078125,5434.43017578125
2024-08-14,8281.099609375,17885.599609375,5455.2099609375
2024-08-15,8347.400390625,18183.240234375,5543.22021484375
2024-08-16,8311.400390625,18322.400390625,5554.25
2024-08-19,8356.900390625,18421.689453125,5608.25
2024-08-20,8273.2998046875,18357.51953125,5597.1201171875
2024-08-21,8283.400390625,18448.94921875,5620.85009765625
2024-08-22,8288.0,18493.390625,5570.64013671875
2024-08-23,8327.7998046875,18633.099609375,5634.60986328125
2024-08-27,8345.5,18681.810546875,5625.7998046875
2024-08-28,8343.900390625,18782.2890625,5592.18017578125
2024-08-29,8379.599609375,18912.5703125,5591.9599609375
2024-08-30,8376.599609375,18906.919921875,5648.39990234375
2024-09-03,8298.5,18747.109375,5528.93017578125
2024-09-04,8269.599609375,18591.849609375,5520.06982421875
2024-09-05,8241.7001953125,18576.5,5503.41015625
2024-09-06,8181.5,18301.900390625,5408.419921875
2024-09-09,8270.7998046875,18443.560546875,5471.0498046875
2024-09-10,8206.0,18265.919921875,5495.52001953125
2024-09-11,8193.900390625,18330.26953125,5554.1298828125
2024-09-12,8241.0,18518.390625,5595.759765625
2024-09-13,8273.099609375,18699.400390625,5626.02001953125
2024-09-16,8278.400390625,18633.109375,5633.08984375
2024-09-17,8309.900390625,18726.080078125,5634.580078125
2024-09-18,8253.7001953125,18711.490234375,5618.259765625
2024-09-19,8328.7001953125,19002.380859375,5713.64013671875
2024-09-20,8230.0,18720.009765625,5702.5498046875
2024-09-23,8259.7001953125,18846.7890625,5718.56982421875
2024-09-24,8282.7998046875,18996.630859375,5732.93017578125
2024-09-25,8268.7001953125,18918.5,5722.259765625
2024-09-26,8284.900390625,19238.359375,5745.3701171875
2024-09-27,8320.7998046875,19473.630859375,5738.169921875
2024-09-30,8237.0,19324.9296875,5762.47998046875
2024-10-01,8276.7001953125,19213.140625,5708.75
2024-10-02,8290.900390625,19164.75,5709.5400390625
2024-10-03,8282.5,19015.41015625,5699.93994140625
2024-10-04,8280.599609375,19120.9296875,5751.06982421875
2024-10-07,8303.599609375,19104.099609375,5695.93994140625
2024-10-08,8190.60009765625,19066.470703125,5751.1298828125
2024-10-09,8243.7001953125,19254.9296875,5792.0400390625
2024-10-10,8237.7001953125,19210.900390625,5780.0498046875
2024-10-11,8253.7001953125,19373.830078125,5815.02978515625
2024-10-14,8292.7001953125,19508.2890625,5859.85009765625
2024-10-15,8249.2998046875,19486.189453125,5815.259765625
2024-10-16,8329.099609375,19432.810546875,5842.47021484375
2024-10-17,8385.099609375,19583.390625,5841.47021484375
2024-10-18,8358.2998046875,19657.369140625,5864.669921875
2024-10-21,8318.2001953125,19461.189453125,5853.97998046875
2024-10-22,8306.5,19421.91015625,5851.2001953125
2024-10-23,8258.599609375,19377.619140625,5797.419921875
2024-10-24,8269.400390625,19443.0,5809.85986328125
2024-10-25,8248.7998046875,19463.58984375,5808.1201171875
2024-10-28,8285.599609375,19531.619140625,5823.52001953125
2024-10-29,8219.599609375,19478.0703125,5832.919921875
2024-10-30,8159.60009765625,19257.33984375,5813.669921875
2024-10-31,8110.10009765625,19077.5390625,5705.4501953125
2024-11-01,8177.2001953125,19254.970703125,5728.7998046875
2024-11-04,8184.2001953125,19147.849609375,5712.68994140625
2024-11-05,8172.39990234375,19256.26953125,5782.759765625
2024-11-06,8166.7001953125,19039.310546875,5929.0400390625
2024-11-07,8140.7001953125,19362.51953125,5973.10009765625
2024-11-08,8072.39990234375,19215.48046875,5995.5400390625
2024-11-11,8125.2001953125,19448.599609375,6001.35009765625
2024-11-12,8025.7998046875,19033.640625,5983.990234375
2024-11-13,8030.2998046875,19003.109375,5985.3798828125
2024-11-14,8071.2001953125,19263.69921875,5949.169921875
2024-11-15,8063.60009765625,19210.810546875,5870.6201171875
2024-11-18,8109.2998046875,19189.189453125,5893.6201171875
2024-11-19,8099.0,19060.310546875,5916.97998046875
2024-11-20,8085.10009765625,19004.779296875,5917.10986328125
2024-11-21,8149.2998046875,19146.169921875,5948.7099609375
2024-11-22,8262.099609375,19322.58984375,5969.33984375
2024-11-25,8291.7001953125,19405.19921875,5987.3701171875
2024-11-26,8258.599609375,19295.98046875,6021.6298828125
2024-11-27,8274.7998046875,19261.75,5998.740234375
2024-11-29,8287.2998046875,19626.44921875,6032.3798828125
2024-12-02,8312.900390625,19933.619140625,6047.14990234375
2024-12-03,8359.400390625,20016.75,6049.8798828125
2024-12-04,8335.7998046875,20232.140625,6086.490234375
2024-12-05,8349.400390625,20358.80078125,6075.10986328125
2024-12-06,8308.599609375,20384.609375,6090.27001953125
2024-12-09,8352.099609375,20345.9609375,6052.85009765625
2024-12-10,8280.400390625,20329.16015625,6034.91015625
2024-12-11,8301.599609375,20399.16015625,6084.18994140625
2024-12-12,8311.7998046875,20426.26953125,6051.25
2024-12-13,8300.2998046875,20405.919921875,6051.08984375
2024-12-16,8262.099609375,20313.810546875,6074.080078125
2024-12-17,8195.2001953125,20246.369140625,6050.60986328125
2024-12-18,8199.099609375,20242.5703125,5872.16015625
2024-12-19,8105.2998046875,19969.859375,5867.080078125
2024-12-20,8084.60009765625,19884.75,5930.85009765625
2024-12-23,8102.7001953125,19848.76953125,5974.06982421875
2024-12-27,8149.7998046875,19984.3203125,5970.83984375
2024-12-30,8121.0,19909.140625,5906.93994140625
2025-01-02,8260.099609375,20024.66015625,5868.5498046875
2025-01-03,8224.0,19906.080078125,5942.47021484375
2025-01-06,8249.7001953125,20216.189453125,5975.3798828125
2025-01-07,8245.2998046875,20340.5703125,5909.02978515625
2025-01-08,8251.0,20329.939453125,5918.25
2025-01-10,8248.5,20214.7890625,5827.0400390625
2025-01-13,8224.2001953125,20132.849609375,5836.22021484375
2025-01-14,8201.5,20271.330078125,5842.91015625
2025-01-15,8301.099609375,20574.6796875,5949.91015625
2025-01-16,8391.900390625,20655.390625,5937.33984375
2025-01-17,8505.2001953125,20903.390625,5996.66015625
2025-01-21,8548.2998046875,21042.0,6049.240234375
2025-01-22,8545.099609375,21254.26953125,6086.3701171875
2025-01-23,8565.2001953125,21411.529296875,6118.7099609375
2025-01-24,8502.400390625,21394.9296875,6101.240234375
2025-01-27,8503.7001953125,21282.1796875,6012.27978515625
2025-01-28,8533.900390625,21430.580078125,6067.7001953125
2025-01-29,8557.7998046875,21637.529296875,6039.31005859375
2025-01-30,8646.900390625,21727.19921875,6071.169921875
2025-01-31,8674.0,21732.05078125,6040.52978515625
2025-02-03,8583.599609375,21428.240234375,5994.56982421875
2025-02-04,8570.7998046875,21505.69921875,6037.8798828125
2025-02-05,8623.2998046875,21585.9296875,6061.47998046875
2025-02-06,8727.2998046875,21902.419921875,6083.56982421875
2025-02-07,8700.5,21787.0,6025.990234375
2025-02-10,8767.7998046875,21911.740234375,6066.43994140625
2025-02-11,8777.400390625,22037.830078125,6068.5
2025-02-12,8807.400390625,22148.029296875,6051.97021484375
2025-02-13,8764.7001953125,22612.01953125,6115.06982421875
2025-02-14,8732.5,22513.419921875,6114.6298828125
2025-02-18,8766.7001953125,22844.5,6129.580078125
2025-02-19,8712.5,22433.630859375,6144.14990234375
2025-02-20,8663.0,22314.650390625,6117.52001953125
2025-02-21,8659.400390625,22287.560546875,6013.1298828125
2025-02-24,8659.0,22425.9296875,5983.25
2025-02-25,8668.7001953125,22410.26953125,5955.25
2025-02-26,8731.5,22794.109375,5956.06005859375
2025-02-27,8756.2001953125,22550.890625,5861.56982421875
2025-02-28,8809.7001953125,22551.4296875,5954.5
2025-03-03,8871.2998046875,23147.01953125,5849.72021484375
2025-03-04,8759.0,22326.810546875,5778.14990234375
2025-03-05,8755.7998046875,23081.029296875,5842.6298828125
2025-03-06,8682.7998046875,23419.48046875,5738.52001953125
2025-03-07,8679.900390625,23008.939453125,5770.2001953125
2025-03-10,8600.2001953125,22620.94921875,5614.56005859375
2025-03-11,8496.0,22328.76953125,5572.06982421875
2025-03-12,8541.0,22676.41015625,5599.2998046875
2025-03-13,8542.599609375,22567.140625,5521.52001953125
2025-03-14,8632.2998046875,22986.8203125,5638.93994140625
2025-03-17,8680.2998046875,23154.5703125,5675.1201171875
2025-03-18,8705.2001953125,23380.69921875,5614.66015625
2025-03-19,8706.7001953125,23288.060546875,5675.2900390625
2025-03-20,8702.0,22999.150390625,5662.89013671875
2025-03-21,8646.7998046875,22891.6796875,5667.56005859375
2025-03-24,8638.0,22852.66015625,5767.56982421875
2025-03-25,8663.7998046875,23109.7890625,5776.64990234375
2025-03-26,8689.599609375,22839.029296875,5712.2001953125
2025-03-27,8666.099609375,22678.740234375,5693.31005859375
2025-03-28,8658.900390625,22461.51953125,5580.93994140625
2025-03-31,8582.7998046875,22163.490234375,5611.85009765625
2025-04-01,8634.7998046875,22539.98046875,5633.06982421875
2025-04-02,8608.5,22390.83984375,5670.97021484375
2025-04-03,8474.7001953125,21717.390625,5396.52001953125
2025-04-04,8055.0,20641.720703125,5074.080078125
2025-04-07,7702.10009765625,19789.619140625,5062.25
2025-04-08,7910.5,20280.259765625,4982.77001953125
2025-04-09,7679.5,19670.880859375,5456.89990234375
2025-04-10,7913.2998046875,20562.73046875,5268.0498046875
2025-04-11,7964.2001953125,20374.099609375,5363.35986328125
2025-04-14,8134.2998046875,20954.830078125,5405.97021484375
2025-04-15,8249.099609375,21253.69921875,5396.6298828125
2025-04-16,8275.599609375,21311.01953125,5275.7001953125
2025-04-17,8275.7001953125,21205.859375,5282.7001953125
2025-04-22,8328.599609375,21293.529296875,5287.759765625
2025-04-23,8403.2001953125,21961.970703125,5375.85986328125
2025-04-24,8407.400390625,22064.509765625,5484.77001953125
2025-04-25,8415.2998046875,22242.44921875,5525.2099609375
2025-04-28,8417.2998046875,22271.669921875,5528.75
2025-04-29,8463.5,22425.830078125,5560.830078125
2025-04-30,8494.900390625,22496.98046875,5569.06005859375
2025-05-02,8596.400390625,23086.650390625,5686.669921875
2025-05-06,8597.400390625,23249.650390625,5606.91015625
2025-05-07,8559.2998046875,23115.9609375,5631.27978515625
2025-05-08,8531.599609375,23352.689453125,5663.93994140625
2025-05-09,8554.7998046875,23499.3203125,5659.91015625
2025-05-12,8605.0,23566.5390625,5844.18994140625
2025-05-13,8602.900390625,23638.560546875,5886.5498046875
2025-05-14,8585.0,23527.009765625,5892.580078125
2025-05-15,8633.7998046875,23695.58984375,5916.93017578125
2025-05-16,8684.599609375,23767.4296875,5958.3798828125
2025-05-19,8699.2998046875,23934.98046875,5963.60009765625
2025-05-20,8781.099609375,24036.109375,5940.4599609375
2025-05-21,8786.5,24122.400390625,5844.60986328125
2025-05-22,8739.2998046875,23999.169921875,5842.009765625
2025-05-23,8718.0,23629.580078125,5802.81982421875
2025-05-27,8778.099609375,24226.490234375,5921.5400390625
2025-05-28,8726.0,24038.189453125,5888.5498046875
2025-05-29,8716.5,23933.23046875,5912.169921875
2025-05-30,8772.400390625,23997.48046875,5911.68994140625
2025-06-02,8774.2998046875,23930.669921875,5935.93994140625
2025-06-03,8787.0,24091.619140625,5970.3701171875
2025-06-04,8801.2998046875,24276.48046875,5970.81005859375
2025-06-05,8811.0,24323.580078125,5939.2998046875
2025-06-06,8837.900390625,24304.4609375,6000.35986328125
2025-06-09,8832.2998046875,24174.3203125,6005.8798828125
2025-06-10,8853.099609375,23987.560546875,6038.81005859375
2025-06-11,8864.400390625,23948.900390625,6022.240234375
2025-06-12,8884.900390625,23771.44921875,6045.259765625
2025-06-13,8850.599609375,23516.23046875,5976.97021484375
2025-06-16,8875.2001953125,23699.119140625,6033.10986328125
2025-06-17,8834.0,23434.650390625,5982.72021484375
2025-06-18,8843.5,23317.810546875,5980.8701171875
2025-06-20,8774.7001953125,23350.55078125,5967.83984375
2025-06-23,8758.0,23269.009765625,6025.169921875
2025-06-24,8759.0,23641.580078125,6092.18017578125
2025-06-25,8718.7998046875,23498.330078125,6092.16015625
2025-06-26,8735.599609375,23649.30078125,6141.02001953125
2025-06-27,8798.900390625,24033.220703125,6173.06982421875
2025-06-30,8761.0,23909.609375,6204.9501953125
2025-07-01,8785.2998046875,23673.2890625,6198.009765625
2025-07-02,8774.7001953125,23790.109375,6227.419921875
2025-07-03,8823.2001953125,23934.130859375,6279.35009765625
2025-07-07,8806.5,24073.669921875,6229.97998046875
2025-07-08,8854.2001953125,24206.91015625,6225.52001953125
2025-07-09,8867.0,24549.560546875,6263.259765625
2025-07-10,8975.7001953125,24456.810546875,6280.4599609375
2025-07-11,8941.099609375,24255.310546875,6259.75
2025-07-14,8998.099609375,24160.640625,6268.56005859375
2025-07-15,8938.2998046875,24060.2890625,6243.759765625
2025-07-16,8926.599609375,24009.380859375,6263.7001953125
2025-07-17,8972.599609375,24370.9296875,6297.35986328125
2025-07-18,8992.099609375,24289.509765625,6296.7900390625
2025-07-21,9013.0,24307.80078125,6305.60009765625
2025-07-22,9023.7998046875,24041.900390625,6309.6201171875
2025-07-23,9061.5,24240.8203125,6358.91015625
2025-07-24,9138.400390625,24295.9296875,6363.35009765625
2025-07-25,9120.2998046875,24217.5,6388.64013671875
2025-07-28,9081.400390625,23970.359375,6389.77001953125
2025-07-29,9136.2998046875,24217.369140625,6370.85986328125
2025-07-30,9136.900390625,24262.220703125,6362.89990234375
2025-07-31,9132.7998046875,24065.470703125,6339.39013671875
2025-08-01,9068.599609375,23425.970703125,6238.009765625
2025-08-04,9128.2998046875,23757.689453125,6329.93994140625
2025-08-05,9142.7001953125,23846.0703125,6299.18994140625
2025-08-06,9164.2998046875,23924.359375,6345.06005859375
2025-08-07,9100.7998046875,24192.5,6340.0
2025-08-08,9095.7001953125,24162.859375,6389.4501953125
2025-08-11,9129.7001953125,24081.33984375,6373.4501953125
2025-08-12,9147.7998046875,24024.779296875,6445.759765625
2025-08-13,9165.2001953125,24185.58984375,6466.580078125
2025-08-14,9177.2001953125,24377.5,6468.5400390625
2025-08-15,9138.900390625,24359.30078125,6449.7998046875
2025-08-18,9157.7001953125,24314.76953125,6449.14990234375
2025-08-19,9189.2001953125,24423.0703125,6411.3701171875
2025-08-20,9288.099609375,24276.970703125,6395.77978515625
2025-08-21,9309.2001953125,24293.33984375,6370.169921875
2025-08-22,9321.400390625,24363.08984375,6466.91015625
2025-08-26,9265.7998046875,24152.869140625,6465.93994140625
2025-08-27,9255.5,24046.2109375,6481.39990234375
2025-08-28,9216.7998046875,24039.919921875,6501.85986328125
2025-08-29,9187.2998046875,23902.2109375,6460.259765625
2025-09-02,9116.7001953125,23487.330078125,6415.5400390625
2025-09-03,9178.0,23594.80078125,6448.259765625
2025-09-04,9216.900390625,23770.330078125,6502.080078125
2025-09-05,9208.2001953125,23596.98046875,6481.5
2025-09-08,9221.400390625,23807.130859375,6495.14990234375
2025-09-09,9242.5,23718.44921875,6512.60986328125
2025-09-10,9225.400390625,23632.94921875,6532.0400390625
2025-09-11,9297.599609375,23703.650390625,6587.47021484375
2025-09-12,9283.2998046875,23698.150390625,6584.2900390625
2025-09-15,9277.0,23748.859375,6615.27978515625
2025-09-16,9195.7001953125,23329.240234375,6606.759765625
2025-09-17,9208.400390625,23359.1796875,6600.35009765625
2025-09-18,9228.099609375,23674.529296875,6631.9599609375
2025-09-19,9216.7001953125,23639.41015625,6664.35986328125
2025-09-22,9226.7001953125,23527.05078125,6693.75
2025-09-23,9223.2998046875,23611.330078125,6656.919921875
2025-09-24,9250.400390625,23666.810546875,6637.97021484375
2025-09-25,9214.0,23534.830078125,6604.72021484375
2025-09-26,9284.7998046875,23739.470703125,6643.7001953125
2025-09-29,9299.7998046875,23745.060546875,6661.2099609375
2025-09-30,9350.400390625,23880.720703125,6688.4599609375
2025-10-01,9446.400390625,24113.619140625,6711.2001953125
2025-10-02,9427.7001953125,24422.560546875,6715.35009765625
2025-10-03,9491.2998046875,24378.80078125,6715.7900390625
2025-10-06,9479.099609375,24378.2890625,6740.27978515625
2025-10-07,9483.599609375,24385.779296875,6714.58984375
2025-10-08,9548.900390625,24597.130859375,6753.72021484375
2025-10-09,9509.400390625,24611.25,6735.10986328125
2025-10-10,9427.5,24241.4609375,6552.509765625
2025-10-13,9442.900390625,24387.9296875,6654.72021484375
2025-10-14,9452.7998046875,24236.939453125,6644.31005859375
2025-10-15,9424.7998046875,24181.369140625,6671.06005859375
2025-10-16,9436.099609375,24272.189453125,6629.06982421875
2025-10-17,9354.599609375,23830.990234375,6664.009765625
2025-10-20,9403.599609375,24258.80078125,6735.1298828125
2025-10-21,9427.0,24330.029296875,6735.35009765625
2025-10-22,9515.0,24151.130859375,6699.39990234375
2025-10-23,9578.599609375,24207.7890625,6738.43994140625
2025-10-24,9645.599609375,24239.890625,6791.68994140625
2025-10-27,9653.7998046875,24308.779296875,6875.16015625
2025-10-28,9696.7001953125,24278.630859375,6890.89013671875
2025-10-29,9756.099609375,24124.2109375,6890.58984375
2025-10-30,9760.099609375,24118.890625,6822.33984375
2025-10-31,9717.2998046875,23958.30078125,6840.2001953125
2025-11-03,9701.400390625,24132.41015625,6851.97021484375
2025-11-04,9715.0,23949.109375,6771.5498046875
2025-11-05,9777.099609375,24049.740234375,6796.2900390625
2025-11-06,9735.7998046875,23734.01953125,6720.31982421875
2025-11-07,9682.599609375,23569.9609375,6728.7998046875
2025-11-10,9787.2001953125,23959.990234375,6832.43017578125
2025-11-11,9899.599609375,24088.060546875,6846.60986328125
2025-11-12,9911.400390625,24381.4609375,6850.919921875
2025-11-13,9807.7001953125,24041.619140625,6737.490234375
2025-11-14,9698.400390625,23876.55078125,6734.10986328125
2025-11-17,9675.400390625,23590.51953125,6672.41015625
2025-11-18,9552.2998046875,23180.529296875,6617.31982421875
2025-11-19,9507.400390625,23162.919921875,6642.16015625
2025-11-20,9527.7001953125,23278.849609375,6538.759765625
2025-11-21,9539.7001953125,23091.869140625,6602.990234375
2025-11-24,9534.900390625,23239.1796875,6705.1201171875
2025-11-25,9609.5,23464.630859375,6765.8798828125
2025-11-26,9691.599609375,23726.220703125,6812.60986328125
2025-11-28,9720.5,23836.7890625,6849.08984375
2025-12-01,9702.5,23589.439453125,6812.6298828125
2025-12-02,9701.7998046875,23710.859375,6829.3701171875
2025-12-03,9692.099609375,23693.7109375,6849.72021484375
2025-12-04,9710.900390625,23882.029296875,6857.1201171875
2025-12-05,9667.0,24028.140625,6870.39990234375
2025-12-08,9645.099609375,24046.009765625,6846.509765625
2025-12-09,9642.0,24162.650390625,6840.509765625
2025-12-10,9655.5,24130.140625,6886.68017578125
2025-12-11,9703.2001953125,24294.609375,6901.0
2025-12-12,9649.0,24186.490234375,6827.41015625
2025-12-15,9751.2998046875,24229.91015625,6816.509765625
2025-12-16,9684.7998046875,24076.869140625,6800.259765625
2025-12-17,9774.2998046875,23960.58984375,6721.43017578125
2025-12-18,9837.7998046875,24199.5,6774.759765625
2025-12-19,9897.400390625,24288.400390625,6834.5
2025-12-22,9866.0,24283.970703125,6878.490234375
2025-12-23,9889.2001953125,24340.060546875,6909.7900390625
2025-12-29,9866.5,24351.119140625,6905.740234375
2025-12-30,9940.7001953125,24490.41015625,6896.240234375
2026-01-02,9951.099609375,24539.33984375,6858.47021484375
2026-01-05,10004.599609375,24868.689453125,6902.0498046875
2026-01-06,10122.7001953125,24892.19921875,6944.81982421875
2026-01-07,10048.2001953125,25122.259765625,6920.93017578125
2026-01-08,10044.7001953125,25127.4609375,6921.4599609375
2026-01-09,10124.599609375,25261.640625,6966.27978515625
2026-01-12,10140.7001953125,25405.33984375,6977.27001953125
2026-01-13,10137.400390625,25420.66015625,6963.740234375
2026-01-14,10184.400390625,25286.240234375,6926.60009765625
2026-01-15,10238.900390625,25352.390625,6944.47021484375
2026-01-16,10235.2998046875,25297.130859375,6940.009765625
2026-01-20,10126.7998046875,24703.119140625,6796.85986328125
2026-01-21,10138.099609375,24560.98046875,6875.6201171875
2026-01-22,10150.099609375,24856.470703125,6913.35009765625
2026-01-23,10143.400390625,24900.7109375,6915.60986328125
2026-01-26,10148.900390625,24933.080078125,6950.22998046875
2026-01-27,10207.7998046875,24894.439453125,6978.60009765625
2026-01-28,10154.400390625,24822.7890625,6978.02978515625
2026-01-29,10171.7998046875,24309.4609375,6969.009765625
2026-01-30,10223.5,24538.810546875,6939.02978515625
2026-02-02,10341.599609375,24797.51953125,6976.43994140625
2026-02-03,10314.599609375,24780.7890625,6917.81005859375
2026-02-04,10402.2998046875,24603.0390625,6882.72021484375
2026-02-05,10309.2001953125,24491.060546875,6798.39990234375
2026-02-06,10369.7998046875,24721.4609375,6932.2998046875
2026-02-09,10386.2001953125,25014.869140625,6964.81982421875
2026-02-10,10353.7998046875,24987.849609375,6941.81005859375
2026-02-11,10472.099609375,24856.150390625,6941.47021484375
2026-02-12,10402.400390625,24852.689453125,6832.759765625
2026-02-13,10446.400390625,24914.880859375,6836.169921875
2026-02-17,10556.2001953125,24998.400390625,6843.22021484375
2026-02-18,10686.2001953125,25278.2109375,6881.31005859375
2026-02-19,10627.0,25043.5703125,6861.89013671875
2026-02-20,10686.900390625,25260.689453125,6909.509765625
2026-02-23,10684.7001953125,24991.970703125,6837.75
2026-02-24,10680.599609375,24986.25,6890.06982421875
2026-02-25,10806.400390625,25175.939453125,6946.1298828125
2026-02-26,10846.7001953125,25289.01953125,6908.85986328125
2026-02-27,10910.599609375,25284.259765625,6878.8798828125
2026-03-02,10780.099609375,24638.0,6881.6201171875
2026-03-03,10484.099609375,23790.650390625,6816.6298828125
2026-03-04,10567.7001953125,24205.359375,6869.5
2026-03-05,10413.900390625,23815.75,6830.7099609375
2026-03-06,10284.7998046875,23591.029296875,6740.02001953125
2026-03-09,10249.5,23409.369140625,6795.990234375
2026-03-10,10412.2001953125,23968.630859375,6781.47998046875
2026-03-11,10353.7998046875,23640.029296875,6775.7998046875
2026-03-12,10305.2001953125,23589.650390625,6672.6201171875
2026-03-13,10261.2001953125,23447.2890625,6632.18994140625
2026-03-16,10317.7001953125,23564.009765625,6699.3798828125
2026-03-17,10403.599609375,23730.919921875,6716.08984375
2026-03-18,10305.2998046875,23502.25,6624.7001953125
2026-03-19,10063.5,22839.560546875,6606.490234375
2026-03-20,9918.2998046875,22380.189453125,6506.47998046875
2026-03-23,9894.2001953125,22653.859375,6581.0
2026-03-24,9965.2001953125,22636.91015625,6556.3701171875
2026-03-25,10106.7998046875,22957.080078125,6591.89990234375
2026-03-26,9972.2001953125,22612.970703125,6477.16015625
2026-03-27,9967.400390625,22300.75,6368.85009765625
2026-03-30,10128.0,22562.880859375,6343.72021484375
2026-03-31,10176.5,22680.0390625,6528.52001953125
2026-04-01,10364.7998046875,23298.890625,6575.31982421875
2026-04-02,10436.2998046875,23168.080078125,6582.68994140625
2026-04-07,10348.7998046875,22921.58984375,6616.85009765625
2026-04-08,10608.900390625,24080.630859375,6782.81005859375
2026-04-09,10603.5,23806.990234375,6824.66015625
2026-04-10,10600.5,23803.94921875,6816.89013671875
2026-04-13,10583.0,23742.439453125,6886.240234375
2026-04-14,10609.099609375,24044.220703125,6967.3798828125
2026-04-15,10559.599609375,24066.69921875,7022.9501953125
2026-04-16,10590.0,24154.470703125,7041.27978515625
2026-04-17,10667.599609375,24702.240234375,7126.06005859375
2026-04-20,10609.099609375,24417.80078125,7109.14013671875
2026-04-21,10498.099609375,24270.869140625,7064.009765625
2026-04-22,10476.5,24194.900390625,7137.89990234375
2026-04-23,10457.0,24155.44921875,7108.39990234375
2026-04-24,10379.099609375,24128.98046875,7165.080078125
2026-04-27,10321.099609375,24083.529296875,7173.91015625
2026-04-28,10332.7998046875,24018.259765625,7138.7998046875
2026-04-29,10213.099609375,23954.560546875,7135.9501953125
2026-04-30,10378.7998046875,24292.380859375,7209.009765625
2026-05-05,10219.099609375,24401.69921875,7259.22021484375
2026-05-06,10438.7001953125,24918.689453125,7365.1201171875
2026-05-07,10277.0,24663.609375,7337.10986328125
2026-05-08,10233.099609375,24338.630859375,7398.93017578125
2026-05-11,10269.400390625,24350.279296875,7412.83984375
2026-05-12,10265.2998046875,23954.9296875,7400.9599609375
2026-05-13,10325.400390625,24136.810546875,7444.25
2026-05-14,10372.900390625,24456.259765625,7501.240234375
2026-05-15,10195.400390625,23950.5703125,7408.5
2026-05-18,10323.7998046875,24307.919921875,7403.0498046875
2026-05-19,10330.599609375,24400.650390625,7353.60986328125
2026-05-20,10432.2998046875,24737.240234375,7432.97021484375
2026-05-21,10443.5,24606.76953125,7445.72021484375
2026-05-22,10466.2998046875,24888.560546875,7473.47021484375
2026-05-26,10491.400390625,25184.890625,7519.1201171875
2026-05-27,10505.0,25177.80078125,7520.35986328125
2026-05-28,10426.0,25092.25,7563.6298828125
2026-05-29,10409.2998046875,25104.69921875,7580.06005859375
2026-06-01,10339.0,25003.0390625,7599.9599609375
2026-06-02,10373.5,25124.169921875,7609.77978515625
2026-06-03,10332.2998046875,24795.939453125,7553.68017578125
2026-06-04,10360.2998046875,24944.94921875,7584.31005859375
2026-06-05,10368.099609375,24759.05078125,7383.740234375
2026-06-08,10373.2001953125,24616.220703125,7405.72998046875
2026-06-09,10227.2998046875,24433.060546875,7386.64990234375
2026-06-10,10254.7998046875,24195.310546875,7266.990234375
2026-06-11,10303.900390625,24209.7109375,7394.2998046875
2026-06-12,10471.7001953125,24635.30078125,7431.4599609375
2026-06-15,10430.599609375,24894.009765625,7554.2900390625
2026-06-16,10494.2001953125,24910.41015625,7511.35009765625
2026-06-17,10508.599609375,24934.669921875,7420.10009765625
2026-06-18,10399.7001953125,25026.80078125,7500.580078125
2026-06-22,10437.900390625,25139.689453125,7472.7900390625
2026-06-23,10428.900390625,24893.580078125,7365.4599609375
2026-06-24,10461.599609375,24740.359375,7358.22021484375
2026-06-25,10529.900390625,24994.830078125,7357.490234375
2026-06-26,10508.0,24671.220703125,7354.02001953125
2026-06-29,10484.2001953125,24626.890625,7440.43017578125
2026-06-30,10497.099609375,24995.810546875,7499.35986328125
2026-07-01,10478.2998046875,25040.279296875,7483.22998046875
2026-07-02,10652.900390625,25580.880859375,7483.240234375
2026-07-06,10651.7998046875,25817.890625,7537.43017578125
2026-07-07,10665.900390625,25465.25,7503.85009765625
2026-07-08,10489.0,24897.44921875,7482.7099609375
2026-07-09,10472.5,25118.26953125,7543.64013671875
2026-07-10,10497.2998046875,25067.08984375,7575.39013671875
2026-07-13,10498.2998046875,25114.25,7515.33984375
2026-07-14,10529.400390625,25147.029296875,7543.58984375
2026-07-15,10515.900390625,24999.529296875,7572.39990234375
2026-07-16,10572.2001953125,24915.490234375,7533.77001953125
2026-07-17,10600.400390625,24830.98046875,7457.68994140625
2026-07-20,10524.7998046875,24846.689453125,7443.27978515625
2026-07-21,10585.900390625,25011.349609375,7509.2001953125
2026-07-22,10717.0,25155.41015625,7498.9599609375
2026-07-23,10639.2001953125,24763.119140625,7408.2998046875
2026-07-24,10736.2001953125,25099.0,7411.97998046875
2026-07-27,10781.7998046875,25361.029296875,7413.18017578125
2026-07-28,10871.0,25464.009765625,7428.77978515625
2026-07-29,10908.400390625,25460.48046875,7316.14990234375
2026-07-30,10897.2998046875,25612.029296875,7437.6298828125
2026-07-31,10868.099609375,25629.240234375,7489.72021484375
2026-08-03,10857.7001953125,26001.310546875,7600.5
2026-08-04,10879.400390625,26202.349609375,7736.52001953125
2026-08-05,10888.2998046875,26126.30078125,7723.5498046875
2026-08-06,10867.900390625,26140.130859375,7709.9599609375
2026-08-07,10901.099609375,26319.44921875,7757.64013671875
2026-08-10,10862.5,26323.880859375,7753.10986328125
2026-08-11,10844.2001953125,26391.419921875,7728.2001953125
2026-08-12,10833.2001953125,26331.0703125,7748.5
2026-08-13,10772.7001953125,26299.740234375,7798.990234375
2026-08-14,10750.099609375,26440.310546875,7785.759765625
2026-08-17,10720.2998046875,26338.609375,7745.06005859375
2026-08-18,10728.0,26128.359375,7691.759765625
2026-08-19,10743.400390625,26091.330078125,7707.97998046875
2026-08-20,10748.2001953125,25983.0390625,7641.16015625
2026-08-21,10816.599609375,26136.560546875,7674.3701171875
2026-08-24,10854.2998046875,26106.599609375,7652.85986328125
2026-08-25,10886.2001953125,26266.140625,7677.27978515625
2026-08-26,10878.099609375,26285.9609375,7675.7001953125
2026-08-27,10792.5,26367.240234375,7730.990234375
2026-08-28,10824.2998046875,26569.990234375,7711.759765625
2026-09-01,10789.2998046875,25970.109375,7631.47021484375
2026-09-02,10756.5,25839.330078125,7666.60009765625
2026-09-03,10831.5,26003.3203125,7747.7099609375
2026-09-04,10831.099609375,26046.400390625,7718.60009765625
2026-09-08,10811.7001953125,26007.630859375,7673.52001953125
2026-09-09,10670.099609375,25576.44921875,7636.35986328125
2026-09-10,10608.900390625,25361.150390625,7591.7001953125
2026-09-11,10650.400390625,25568.560546875,7656.97998046875
2026-09-14,10697.599609375,25440.810546875,7619.97998046875
2026-09-15,10658.099609375,25402.279296875,7585.72998046875
