date,spx,dax,ftse,nikkei
2015-01-02,2058.199951171875,9764.73046875,6547.7998046875,
2015-01-05,2020.5799560546875,9473.16015625,6417.2001953125,17408.7109375
2015-01-06,2002.6099853515625,9469.66015625,6366.5,16883.189453125
2015-01-07,2025.9000244140625,9518.1796875,6419.7998046875,16885.330078125
2015-01-08,2062.139892578125,9837.6103515625,6570.0,17167.099609375
2015-01-09,2044.81005859375,9648.5,6501.10009765625,17197.73046875
2015-01-12,2028.260009765625,9781.900390625,6501.39990234375,
2015-01-13,2023.030029296875,9941.0,6542.2001953125,17087.7109375
2015-01-14,2011.27001953125,9817.080078125,6388.5,16795.9609375
2015-01-15,1992.6700439453125,10032.6103515625,6498.7998046875,17108.69921875
2015-01-16,2019.4200439453125,10167.76953125,6550.2998046875,16864.16015625
2015-01-19,,10242.349609375,6585.5,17014.2890625
2015-01-20,2022.550048828125,10257.1298828125,6620.10009765625,17366.30078125
2015-01-21,2032.1199951171875,10299.23046875,6728.0,17280.48046875
2015-01-22,2063.14990234375,10435.6201171875,6796.60009765625,17329.01953125
2015-01-23,2051.820068359375,10649.580078125,6832.7998046875,17511.75
2015-01-26,2057.090087890625,10798.330078125,6852.39990234375,17468.51953125
2015-01-27,2029.550048828125,10628.580078125,6811.60009765625,17768.30078125
2015-01-28,2002.1600341796875,10710.9697265625,6825.89990234375,17795.73046875
2015-01-29,2021.25,10737.8701171875,6810.60009765625,17606.220703125
2015-01-30,1994.989990234375,10694.3203125,6749.39990234375,17674.390625
2015-02-02,2020.8499755859375,10828.009765625,6782.60009765625,17558.0390625
2015-02-03,2050.030029296875,10890.9501953125,6871.7998046875,17335.849609375
2015-02-04,2041.510009765625,10911.3203125,6860.0,17678.740234375
2015-02-05,2062.52001953125,10905.41015625,6865.89990234375,17504.619140625
2015-02-06,2055.469970703125,10846.3896484375,6853.39990234375,17648.5
2015-02-09,2046.739990234375,10663.509765625,6837.2001953125,17711.9296875
2015-02-10,2068.590087890625,10753.830078125,6829.10009765625,17652.6796875
2015-02-11,2068.530029296875,10752.1103515625,6818.2001953125,
2015-02-12,2088.47998046875,10919.650390625,6828.10009765625,17979.720703125
2015-02-13,2096.989990234375,10963.400390625,6873.5,17913.359375
2015-02-16,,10923.23046875,6857.10009765625,18004.76953125
2015-02-17,2100.340087890625,10895.6201171875,6898.10009765625,17987.08984375
2015-02-18,2099.679931640625,10961.0,6898.10009765625,18199.169921875
2015-02-19,2097.449951171875,11001.9404296875,6888.89990234375,18264.7890625
2015-02-20,2110.300048828125,11050.6396484375,6915.2001953125,18332.30078125
2015-02-23,2109.659912109375,11130.919921875,6912.2001953125,18466.919921875
2015-02-24,2115.47998046875,11205.740234375,6949.60009765625,18603.48046875
2015-02-25,2113.860107421875,11210.26953125,6935.39990234375,18585.19921875
2015-02-26,2110.739990234375,11327.1904296875,6949.7001953125,18785.7890625
2015-02-27,2104.5,11401.66015625,6946.7001953125,18797.939453125
2015-03-02,2117.389892578125,11410.3603515625,6940.60009765625,18826.880859375
2015-03-03,2107.780029296875,11280.3603515625,6889.10009765625,18815.16015625
2015-03-04,2098.530029296875,11390.3798828125,6919.2001953125,18703.599609375
2015-03-05,2101.0400390625,11504.009765625,6961.10009765625,18751.83984375
2015-03-06,2071.260009765625,11550.9697265625,6911.7998046875,18971.0
2015-03-09,2079.429931640625,11582.1103515625,6876.5,18790.55078125
2015-03-10,2044.1600341796875,11500.3798828125,6702.7998046875,18665.109375
2015-03-11,2040.239990234375,11805.990234375,6721.5,18723.51953125
2015-03-12,2065.949951171875,11799.3896484375,6761.10009765625,18991.109375
2015-03-13,2053.39990234375,11901.6103515625,6740.60009765625,19254.25
2015-03-16,2081.18994140625,12167.7197265625,6804.10009765625,19246.060546875
2015-03-17,2074.280029296875,11980.849609375,6837.60009765625,19437.0
2015-03-18,2099.5,11922.76953125,6945.2001953125,19544.48046875
2015-03-19,2089.27001953125,11899.400390625,6962.2998046875,19476.560546875
2015-03-20,2108.10009765625,12039.3701171875,7022.5,19560.220703125
2015-03-23,2104.419921875,11895.83984375,7037.7001953125,19754.359375
2015-03-24,2091.5,12005.6904296875,7019.7001953125,19713.44921875
2015-03-25,2061.050048828125,11865.3203125,6991.0,19746.19921875
2015-03-26,2056.14990234375,11843.6796875,6895.2998046875,19471.119140625
2015-03-27,2061.02001953125,11868.330078125,6855.0,19285.630859375
2015-03-30,2086.239990234375,12086.009765625,6891.39990234375,19411.400390625
2015-03-31,2067.889892578125,11966.169921875,6773.0,19206.990234375
2015-04-01,2059.68994140625,12001.3798828125,6809.5,19034.83984375
2015-04-02,2066.9599609375,11967.3896484375,6833.5,19312.7890625
2015-04-03,,,,19435.080078125
2015-04-06,2080.6201171875,,,19397.98046875
2015-04-07,2076.330078125,12123.51953125,6961.7998046875,19640.5390625
2015-04-08,2081.89990234375,12035.8603515625,6937.39990234375,19789.810546875
2015-04-09,2091.179931640625,12166.4404296875,7015.39990234375,19937.720703125
2015-04-10,2102.06005859375,12374.73046875,7089.7998046875,19907.630859375
2015-04-13,2092.429931640625,12338.73046875,7064.2998046875,19905.4609375
2015-04-14,2095.840087890625,12227.599609375,7075.2998046875,19908.6796875
2015-04-15,2106.6298828125,12231.33984375,7096.7998046875,19869.759765625
2015-04-16,2104.989990234375,11998.8603515625,7060.5,19885.76953125
2015-04-17,2081.179931640625,11688.7001953125,6994.60009765625,19652.880859375
2015-04-20,2100.39990234375,11891.91015625,7052.10009765625,19634.490234375
2015-04-21,2097.2900390625,11939.580078125,7062.89990234375,19909.08984375
2015-04-22,2107.9599609375,11867.3701171875,7028.2001953125,20133.900390625
2015-04-23,2112.929931640625,11723.580078125,7053.7001953125,20187.650390625
2015-04-24,2117.68994140625,11810.849609375,7070.7001953125,20020.0390625
2015-04-27,2108.919921875,12039.16015625,7104.0,19983.3203125
2015-04-28,2114.760009765625,11811.66015625,7030.5,20058.94921875
2015-04-29,2106.85009765625,11432.7197265625,6946.2998046875,
2015-04-30,2085.510009765625,11454.3798828125,6960.60009765625,19520.009765625
2015-05-01,2108.2900390625,,6986.0,19531.630859375
2015-05-04,2114.489990234375,11619.849609375,,
2015-05-05,2089.4599609375,11327.6796875,6927.60009765625,
2015-05-06,2080.14990234375,11350.150390625,6933.7001953125,
2015-05-07,2088.0,11407.9697265625,6887.0,19291.990234375
2015-05-08,2116.10009765625,11709.73046875,7046.7998046875,19379.189453125
2015-05-11,2105.330078125,11673.349609375,7029.89990234375,19620.91015625
2015-05-12,2099.1201171875,11472.41015625,6933.7998046875,19624.83984375
2015-05-13,2098.47998046875,11351.4599609375,6949.60009765625,19764.720703125
2015-05-14,2121.10009765625,11559.8203125,6973.0,19570.240234375
2015-05-15,2122.72998046875,11447.0302734375,6960.5,19732.919921875
2015-05-18,2129.199951171875,11594.2802734375,6968.89990234375,19890.26953125
2015-05-19,2127.830078125,11853.330078125,6995.10009765625,20026.380859375
2015-05-20,2125.85009765625,11848.4697265625,7007.2998046875,20196.560546875
2015-05-21,2130.820068359375,11864.58984375,7013.5,20202.869140625
2015-05-22,2126.06005859375,11815.009765625,7031.7001953125,20264.41015625
2015-05-25,,,,20413.76953125
2015-05-26,2104.199951171875,11625.1298828125,6949.0,20437.48046875
2015-05-27,2123.47998046875,11771.1298828125,7033.2998046875,20472.580078125
2015-05-28,2120.7900390625,11677.5703125,7040.89990234375,20551.4609375
2015-05-29,2107.389892578125,11413.8203125,6984.39990234375,20563.150390625
2015-06-01,2111.72998046875,11436.0498046875,6953.60009765625,20569.869140625
2015-06-02,2109.60009765625,11328.7998046875,6928.2998046875,20543.189453125
2015-06-03,2114.070068359375,11419.6201171875,6950.5,20473.509765625
2015-06-04,2095.840087890625,11340.599609375,6859.2001953125,20488.189453125
2015-06-05,2092.830078125,11197.150390625,6804.60009765625,20460.900390625
2015-06-08,2079.280029296875,11064.919921875,6790.0,20457.189453125
2015-06-09,2080.14990234375,11001.2900390625,6753.7998046875,20096.30078125
2015-06-10,2105.199951171875,11265.3896484375,6830.2998046875,20046.359375
2015-06-11,2108.860107421875,11332.7802734375,6846.7001953125,20382.970703125
2015-06-12,2094.110107421875,11196.490234375,6784.89990234375,20407.080078125
2015-06-15,2084.429931640625,10984.9697265625,6710.5,20387.7890625
2015-06-16,2096.2900390625,11044.009765625,6710.10009765625,20257.939453125
2015-06-17,2100.43994140625,10978.009765625,6680.60009765625,20219.26953125
2015-06-18,2121.239990234375,11100.2998046875,6707.89990234375,19990.8203125
2015-06-19,2109.989990234375,11040.099609375,6710.5,20174.240234375
2015-06-22,2122.85009765625,11460.5,6825.7001953125,20428.189453125
2015-06-23,2124.199951171875,11542.5400390625,6834.89990234375,20809.419921875
2015-06-24,2108.580078125,11471.259765625,6844.7998046875,20868.029296875
2015-06-25,2102.31005859375,11473.1298828125,6807.7998046875,20771.400390625
2015-06-26,2101.489990234375,11492.4296875,6753.7001953125,20706.150390625
2015-06-29,2057.639892578125,11083.2001953125,6620.5,20109.94921875
2015-06-30,2063.110107421875,10944.9697265625,6521.0,20235.73046875
2015-07-01,2077.419921875,11180.5,6608.60009765625,20329.3203125
2015-07-02,2076.780029296875,11099.349609375,6630.5,20522.5
2015-07-03,,11058.3896484375,6585.7998046875,20539.7890625
2015-07-06,2068.760009765625,10890.6298828125,6535.7001953125,20112.119140625
2015-07-07,2081.340087890625,10676.7802734375,6432.2001953125,20376.58984375
2015-07-08,2046.6800537109375,10747.2998046875,6490.7001953125,19737.640625
2015-07-09,2051.31005859375,10996.41015625,6581.60009765625,19855.5
2015-07-10,2076.6201171875,11315.6298828125,6673.39990234375,19779.830078125
2015-07-13,2099.60009765625,11484.3798828125,6738.0,20089.76953125
2015-07-14,2108.949951171875,11516.900390625,6753.7998046875,20385.330078125
2015-07-15,2107.39990234375,11539.66015625,6753.7998046875,20463.330078125
2015-07-16,2124.2900390625,11716.759765625,6796.5,20600.119140625
2015-07-17,2126.639892578125,11673.419921875,6775.10009765625,20650.919921875
2015-07-20,2128.280029296875,11735.7197265625,6788.7001953125,
2015-07-21,2119.2099609375,11604.7998046875,6769.10009765625,20841.970703125
2015-07-22,2114.14990234375,11520.669921875,6667.2998046875,20593.669921875
2015-07-23,2102.14990234375,11512.1103515625,6655.0,20683.94921875
2015-07-24,2079.64990234375,11347.4501953125,6579.7998046875,20544.529296875
2015-07-27,2067.639892578125,11056.400390625,6505.10009765625,20350.099609375
2015-07-28,2093.25,11173.91015625,6555.2998046875,20328.890625
2015-07-29,2108.570068359375,11211.849609375,6631.0,20302.91015625
2015-07-30,2108.6298828125,11257.150390625,6668.89990234375,20522.830078125
2015-07-31,2103.840087890625,11308.990234375,6696.2998046875,20585.240234375
2015-08-03,2098.0400390625,11443.7197265625,6688.60009765625,20548.109375
2015-08-04,2093.320068359375,11456.0703125,6686.60009765625,20520.359375
2015-08-05,2099.840087890625,11636.2998046875,6752.39990234375,20614.060546875
2015-08-06,2083.56005859375,11585.099609375,6747.10009765625,20664.439453125
2015-08-07,2077.570068359375,11490.830078125,6718.5,20724.560546875
2015-08-10,2104.179931640625,11604.7802734375,6736.2001953125,20808.689453125
2015-08-11,2084.070068359375,11293.650390625,6664.5,20720.75
2015-08-12,2086.050048828125,10924.6103515625,6571.2001953125,20392.76953125
2015-08-13,2083.389892578125,11014.6298828125,6568.2998046875,20595.55078125
2015-08-14,2091.5400390625,10985.1396484375,6550.7001953125,20519.44921875
2015-08-17,2102.43994140625,10940.330078125,6550.2998046875,20620.259765625
2015-08-18,2096.919921875,10915.919921875,6526.2998046875,20554.470703125
2015-08-19,2079.610107421875,10682.150390625,6403.5,20222.630859375
2015-08-20,2035.72998046875,10432.1904296875,6367.89990234375,20033.51953125
2015-08-21,1970.8900146484375,10124.51953125,6187.7001953125,19435.830078125
2015-08-24,1893.2099609375,9648.4296875,5898.89990234375,18540.6796875
2015-08-25,1867.6099853515625,10128.1201171875,6081.2998046875,17806.69921875
2015-08-26,1940.510009765625,9997.4296875,5979.2001953125,18376.830078125
2015-08-27,1987.6600341796875,10315.6201171875,6192.0,18574.439453125
2015-08-28,1988.8699951171875,10298.5302734375,6247.89990234375,19136.3203125
2015-08-31,1972.1800537109375,10259.4599609375,,18890.48046875
2015-09-01,1913.8499755859375,10015.5703125,6058.5,18165.689453125
2015-09-02,1948.8599853515625,10048.0498046875,6083.2998046875,18095.400390625
2015-09-03,1951.1300048828125,10317.83984375,6194.10009765625,18182.390625
2015-09-04,1921.219970703125,10038.0400390625,6042.89990234375,17792.16015625
2015-09-07,,10108.6103515625,6074.5,17860.470703125
2015-09-08,1969.4100341796875,10271.3603515625,6146.10009765625,17427.080078125
2015-09-09,1942.0400390625,10303.1201171875,6229.0,18770.509765625
2015-09-10,1952.2900390625,10210.4404296875,6155.7998046875,18299.619140625
2015-09-11,1961.050048828125,10123.5595703125,6117.7998046875,18264.220703125
2015-09-14,1953.030029296875,10131.740234375,6084.60009765625,17965.69921875
2015-09-15,1978.0899658203125,10188.1298828125,6137.60009765625,18026.48046875
2015-09-16,1995.31005859375,10227.2099609375,6229.2001953125,18171.599609375
2015-09-17,1990.199951171875,10229.580078125,6187.0,18432.26953125
2015-09-18,1958.030029296875,9916.16015625,6104.10009765625,18070.2109375
2015-09-21,1966.969970703125,9948.509765625,6108.7001953125,
2015-09-22,1942.739990234375,9570.66015625,5935.7998046875,
2015-09-23,1938.760009765625,9612.6201171875,6032.2001953125,
2015-09-24,1932.239990234375,9427.6396484375,5961.5,17571.830078125
2015-09-25,1931.3399658203125,9688.5302734375,6109.0,17880.509765625
2015-09-28,1881.77001953125,9483.5498046875,5958.89990234375,17645.109375
2015-09-29,1884.0899658203125,9450.400390625,5909.2001953125,16930.83984375
2015-09-30,1920.030029296875,9660.4404296875,6061.60009765625,17388.150390625
2015-10-01,1923.8199462890625,9509.25,6072.5,17722.419921875
2015-10-02,1951.3599853515625,9553.0703125,6130.0,17725.130859375
2015-10-05,1987.050048828125,9814.7900390625,6298.89990234375,18005.490234375
2015-10-06,1979.9200439453125,9902.830078125,6326.2001953125,18186.099609375
2015-10-07,1995.8299560546875,9970.400390625,6336.39990234375,18322.98046875
2015-10-08,2013.4300537109375,9993.0703125,6374.7998046875,18141.169921875
2015-10-09,2014.8900146484375,10096.599609375,6416.2001953125,18438.669921875
2015-10-12,2017.4599609375,10119.830078125,6371.2001953125,
2015-10-13,2003.68994140625,10032.8203125,6342.2998046875,18234.740234375
2015-10-14,1994.239990234375,9915.849609375,6269.60009765625,17891.0
2015-10-15,2023.8599853515625,10064.7998046875,6338.7001953125,18096.900390625
2015-10-16,2033.1099853515625,10104.4296875,6378.0,18291.80078125
2015-10-19,2033.6600341796875,10164.3095703125,6352.2998046875,18131.23046875
2015-10-20,2030.77001953125,10147.6796875,6345.10009765625,18207.150390625
2015-10-21,2018.93994140625,10238.099609375,6348.39990234375,18554.279296875
2015-10-22,2052.510009765625,10491.9697265625,6376.2998046875,18435.869140625
2015-10-23,2075.14990234375,10794.5400390625,6444.10009765625,18825.30078125
2015-10-26,2071.179931640625,10801.33984375,6417.0,18947.119140625
2015-10-27,2065.889892578125,10692.1904296875,6365.2998046875,18777.0390625
2015-10-28,2090.35009765625,10831.9599609375,6437.7998046875,18903.01953125
2015-10-29,2089.409912109375,10800.83984375,6395.7998046875,18935.7109375
2015-10-30,2079.360107421875,10850.1396484375,6361.10009765625,19083.099609375
2015-11-02,2104.050048828125,10950.669921875,6361.7998046875,18683.240234375
2015-11-03,2109.7900390625,10951.150390625,6383.60009765625,
2015-11-04,2102.31005859375,10845.240234375,6412.89990234375,18926.91015625
2015-11-05,2099.929931640625,10887.740234375,6364.89990234375,19116.41015625
2015-11-06,2099.199951171875,10988.0302734375,6353.7998046875,19265.599609375
2015-11-09,2078.580078125,10815.4501953125,6295.2001953125,19642.740234375
2015-11-10,2081.719970703125,10832.51953125,6275.2998046875,19671.259765625
2015-11-11,2075.0,10907.8701171875,6297.2001953125,19691.390625
2015-11-12,2045.969970703125,10782.6298828125,6178.7001953125,19697.76953125
2015-11-13,2023.0400390625,10708.400390625,6118.2998046875,19596.91015625
2015-11-16,2053.18994140625,10713.23046875,6146.39990234375,19393.689453125
2015-11-17,2050.43994140625,10971.0400390625,6268.7998046875,19630.630859375
2015-11-18,2083.580078125,10959.9501953125,6279.0,19649.1796875
2015-11-19,2081.239990234375,11085.4404296875,6329.89990234375,19859.810546875
2015-11-20,2089.169921875,11119.830078125,6334.60009765625,19879.810546875
2015-11-23,2086.590087890625,11092.3095703125,6305.5,
2015-11-24,2089.139892578125,10933.990234375,6277.2001953125,19924.890625
2015-11-25,2088.8701171875,11169.5400390625,6337.60009765625,19847.580078125
2015-11-26,,11320.76953125,6393.10009765625,19944.41015625
2015-11-27,2090.110107421875,11293.759765625,6375.2001953125,19883.939453125
2015-11-30,2080.409912109375,11382.23046875,6356.10009765625,19747.470703125
2015-12-01,2102.6298828125,11261.240234375,6395.7001953125,20012.400390625
2015-12-02,2079.510009765625,11190.01953125,6420.89990234375,19938.130859375
2015-12-03,2049.6201171875,10789.240234375,6275.0,19939.900390625
2015-12-04,2091.68994140625,10752.099609375,6238.2998046875,19504.48046875
2015-12-07,2077.070068359375,10886.08984375,6223.5,19698.150390625
2015-12-08,2063.590087890625,10673.599609375,6135.2001953125,19492.599609375
2015-12-09,2047.6199951171875,10592.490234375,6126.7001953125,19301.0703125
2015-12-10,2052.22998046875,10598.9296875,6088.10009765625,19046.55078125
2015-12-11,2012.3699951171875,10340.0595703125,5952.7998046875,19230.48046875
2015-12-14,2021.93994140625,10139.33984375,5874.10009765625,18883.419921875
2015-12-15,2043.4100341796875,10450.3798828125,6017.7998046875,18565.900390625
2015-12-16,2073.070068359375,10469.259765625,6061.2001953125,19049.91015625
2015-12-17,2041.8900146484375,10738.1201171875,6102.5,19353.560546875
2015-12-18,2005.550048828125,10608.1904296875,6052.39990234375,18986.80078125
2015-12-21,2021.1500244140625,10497.76953125,6034.7998046875,18916.01953125
2015-12-22,2038.969970703125,10488.75,6083.10009765625,18886.69921875
2015-12-23,2064.2900390625,10727.6396484375,6241.0,
2015-12-24,2060.989990234375,,6254.60009765625,18789.689453125
2015-12-25,,,,18769.060546875
2015-12-28,2056.5,10653.91015625,,18873.349609375
2015-12-29,2078.360107421875,10860.1396484375,6314.60009765625,18982.23046875
2015-12-30,2063.360107421875,10743.009765625,6274.10009765625,19033.7109375
2015-12-31,2043.93994140625,,6242.2998046875,
2016-01-04,2012.6600341796875,10283.4404296875,6093.39990234375,18450.98046875
2016-01-05,2016.7099609375,10310.099609375,6137.2001953125,18374.0
2016-01-06,1990.260009765625,10214.01953125,6073.39990234375,18191.3203125
2016-01-07,1943.0899658203125,9979.849609375,5954.10009765625,17767.33984375
2016-01-08,1922.030029296875,9849.33984375,5912.39990234375,17697.9609375
2016-01-11,1923.6700439453125,9825.0703125,5871.7998046875,
2016-01-12,1938.6800537109375,9985.4296875,5929.2001953125,17218.9609375
2016-01-13,1890.280029296875,9960.9599609375,5961.0,17715.630859375
2016-01-14,1921.8399658203125,9794.2001953125,5918.2001953125,17240.94921875
2016-01-15,1880.3299560546875,9545.26953125,5804.10009765625,17147.109375
2016-01-18,,9521.849609375,5779.89990234375,16955.5703125
2016-01-19,1881.3299560546875,9664.2099609375,5876.7998046875,17048.369140625
2016-01-20,1859.3299560546875,9391.6396484375,5673.60009765625,16416.189453125
2016-01-21,1868.989990234375,9574.16015625,5773.7998046875,16017.259765625
2016-01-22,1906.9000244140625,9764.8798828125,5900.0,16958.529296875
2016-01-25,1877.0799560546875,9736.150390625,5877.0,17110.91015625
2016-01-26,1903.6300048828125,9822.75,5911.5,16708.900390625
2016-01-27,1882.949951171875,9880.8203125,5990.39990234375,17163.919921875
2016-01-28,1893.3599853515625,9639.58984375,5931.7998046875,17041.44921875
2016-01-29,1940.239990234375,9798.1103515625,6083.7998046875,17518.30078125
2016-02-01,1939.3800048828125,9757.8798828125,6060.10009765625,17865.23046875
2016-02-02,1903.030029296875,9581.0400390625,5922.0,17750.6796875
2016-02-03,1912.530029296875,9434.8203125,5837.10009765625,17191.25
2016-02-04,1915.449951171875,9393.3603515625,5898.7998046875,17044.990234375
2016-02-05,1880.050048828125,9286.23046875,5848.10009765625,16819.58984375
2016-02-08,1853.43994140625,8979.3603515625,5689.39990234375,17004.30078125
2016-02-09,1852.2099609375,8879.400390625,5632.2001953125,16085.4404296875
2016-02-10,1851.8599853515625,9017.2900390625,5672.2998046875,15713.3896484375
2016-02-11,1829.0799560546875,8752.8701171875,5537.0,
2016-02-12,1864.780029296875,8967.509765625,5707.60009765625,14952.6103515625
2016-02-15,,9206.83984375,5824.2998046875,16022.580078125
2016-02-16,1895.5799560546875,9135.1103515625,5862.2001953125,16054.4296875
2016-02-17,1926.8199462890625,9377.2099609375,6030.2998046875,15836.3603515625
2016-02-18,1917.8299560546875,9463.6396484375,5972.0,16196.7998046875
2016-02-19,1917.780029296875,9388.0498046875,5950.2001953125,15967.169921875
2016-02-22,1945.5,9573.58984375,6037.7001953125,16111.0498046875
2016-02-23,1921.27001953125,9416.76953125,5962.2998046875,16052.0498046875
2016-02-24,1929.800048828125,9167.7998046875,5867.2001953125,15915.7900390625
2016-02-25,1951.699951171875,9331.48046875,6012.7998046875,16140.33984375
2016-02-26,1948.050048828125,9513.2998046875,6096.0,16188.41015625
2016-02-29,1932.22998046875,9495.400390625,6097.10009765625,16026.759765625
2016-03-01,1978.3499755859375,9717.16015625,6152.89990234375,16085.509765625
2016-03-02,1986.449951171875,9776.6201171875,6147.10009765625,16746.55078125
2016-03-03,1993.4000244140625,9751.919921875,6130.5,16960.16015625
2016-03-04,1999.989990234375,9824.169921875,6199.39990234375,17014.779296875
2016-03-07,2001.760009765625,9778.9296875,6182.39990234375,16911.3203125
2016-03-08,1979.260009765625,9692.8203125,6125.39990234375,16783.150390625
2016-03-09,1989.260009765625,9723.08984375,6146.2998046875,16642.19921875
2016-03-10,1989.5699462890625,9498.150390625,6036.7001953125,16852.349609375
2016-03-11,2022.18994140625,9831.1298828125,6139.7998046875,16938.869140625
2016-03-14,2019.6400146484375,9990.259765625,6174.60009765625,17233.75
2016-03-15,2015.9300537109375,9933.849609375,6140.0,17117.0703125
2016-03-16,2027.219970703125,9983.41015625,6175.5,16974.44921875
2016-03-17,2040.5899658203125,9892.2001953125,6201.10009765625,16936.380859375
2016-03-18,2049.580078125,9950.7998046875,6189.60009765625,16724.810546875
2016-03-21,2051.60009765625,9948.6396484375,6184.60009765625,
2016-03-22,2049.800048828125,9990.0,6192.7001953125,17048.55078125
2016-03-23,2036.7099609375,10022.9296875,6199.10009765625,17000.98046875
2016-03-24,2035.93994140625,9851.349609375,6106.5,16892.330078125
2016-03-25,,,,17002.75
2016-03-28,2037.050048828125,,,17134.369140625
2016-03-29,2055.010009765625,9887.9404296875,6105.89990234375,17103.529296875
2016-03-30,2063.949951171875,10046.6103515625,6203.2001953125,16878.9609375
2016-03-31,2059.739990234375,9965.509765625,6174.89990234375,16758.669921875
2016-04-01,2072.780029296875,9794.6396484375,6146.10009765625,16164.16015625
2016-04-04,2066.1298828125,9822.080078125,6164.7001953125,16123.26953125
2016-04-05,2045.1700439453125,9563.3603515625,6091.2001953125,15732.8203125
2016-04-06,2066.659912109375,9624.509765625,6161.60009765625,15715.3603515625
2016-04-07,2041.9100341796875,9530.6201171875,6136.89990234375,15749.83984375
2016-04-08,2047.5999755859375,9622.259765625,6204.39990234375,15821.51953125
2016-04-11,2041.989990234375,9682.990234375,6200.10009765625,15751.1298828125
2016-04-12,2061.719970703125,9761.4697265625,6242.39990234375,15928.7900390625
2016-04-13,2082.419921875,10026.099609375,6362.89990234375,16381.2197265625
2016-04-14,2082.780029296875,10093.650390625,6365.10009765625,16911.05078125
2016-04-15,2080.72998046875,10051.5703125,6343.7998046875,16848.029296875
2016-04-18,2094.340087890625,10120.3095703125,6353.5,16275.9501953125
2016-04-19,2100.800048828125,10349.58984375,6405.39990234375,16874.439453125
2016-04-20,2102.39990234375,10421.2900390625,6410.2998046875,16906.5390625
2016-04-21,2091.47998046875,10435.73046875,6381.39990234375,17363.619140625
2016-04-22,2091.580078125,10373.490234375,6310.39990234375,17572.490234375
2016-04-25,2087.7900390625,10294.349609375,6260.89990234375,17439.30078125
2016-04-26,2091.699951171875,10259.58984375,6284.5,17353.279296875
2016-04-27,2095.14990234375,10299.830078125,6319.89990234375,17290.490234375
2016-04-28,2075.81005859375,10321.150390625,6322.39990234375,16666.05078125
2016-04-29,2065.300048828125,10038.9697265625,6241.89990234375,
2016-05-02,2081.429931640625,10123.26953125,,16147.3798828125
2016-05-03,2063.3701171875,9926.76953125,6185.60009765625,
2016-05-04,2051.1201171875,9828.25,6112.0,
2016-05-05,2050.6298828125,9851.8603515625,6117.2998046875,
2016-05-06,2057.139892578125,9869.9501953125,6125.7001953125,16106.7197265625
2016-05-09,2058.68994140625,9980.490234375,6114.7998046875,16216.0302734375
2016-05-10,2084.389892578125,10045.4404296875,6156.7001953125,16565.189453125
2016-05-11,2064.4599609375,9975.3203125,6162.5,16579.009765625
2016-05-12,2064.110107421875,9862.1201171875,6104.2001953125,16646.33984375
2016-05-13,2046.6099853515625,9952.900390625,6138.5,16412.2109375
2016-05-16,2066.659912109375,,6151.39990234375,16466.400390625
2016-05-17,2047.2099609375,9890.1904296875,6167.7998046875,16652.80078125
2016-05-18,2047.6300048828125,9943.23046875,6165.7998046875,16644.689453125
2016-05-19,2040.0400390625,9795.8896484375,6053.39990234375,16646.66015625
2016-05-20,2052.320068359375,9916.01953125,6156.2998046875,16736.349609375
2016-05-23,2048.0400390625,9842.2900390625,6136.39990234375,16654.599609375
2016-05-24,2076.06005859375,10057.3095703125,6219.2998046875,16498.759765625
2016-05-25,2090.5400390625,10205.2099609375,6262.89990234375,16757.349609375
2016-05-26,2090.10009765625,10272.7099609375,6265.7001953125,16772.4609375
2016-05-27,2099.06005859375,10286.3095703125,6270.7998046875,16834.83984375
2016-05-30,,10333.23046875,,17068.01953125
2016-05-31,2096.949951171875,10262.740234375,6230.7998046875,17234.98046875
2016-06-01,2099.330078125,10204.4404296875,6191.89990234375,16955.73046875
2016-06-02,2105.260009765625,10208.0,6185.60009765625,16562.55078125
2016-06-03,2099.1298828125,10103.259765625,6209.60009765625,16642.23046875
2016-06-06,2109.409912109375,10121.080078125,6273.39990234375,16580.029296875
2016-06-07,2112.1298828125,10287.6796875,6284.5,16675.44921875
2016-06-08,2119.1201171875,10217.0302734375,6301.5,16830.919921875
2016-06-09,2115.47998046875,10088.8701171875,6231.89990234375,16668.41015625
2016-06-10,2096.070068359375,9834.6201171875,6115.7998046875,16601.359375
2016-06-13,2079.06005859375,9657.4404296875,6045.0,16019.1796875
2016-06-14,2075.320068359375,9519.2001953125,5923.5,15859.0
2016-06-15,2071.5,9606.7099609375,5966.7998046875,15919.580078125
2016-06-16,2077.989990234375,9550.4697265625,5950.5,15434.1396484375
2016-06-17,2071.219970703125,9631.3603515625,6021.10009765625,15599.66015625
2016-06-20,2083.25,9962.01953125,6204.0,15965.2998046875
2016-06-21,2088.89990234375,10015.5400390625,6226.60009765625,16169.1103515625
2016-06-22,2085.449951171875,10071.0595703125,6261.2001953125,16065.7197265625
2016-06-23,2113.320068359375,10257.0302734375,6338.10009765625,16238.349609375
2016-06-24,2037.4100341796875,9557.16015625,6138.7001953125,14952.01953125
2016-06-27,2000.5400390625,9268.66015625,5982.2001953125,15309.2099609375
2016-06-28,2036.0899658203125,9447.2802734375,6140.39990234375,15323.1396484375
2016-06-29,2070.77001953125,9612.26953125,6360.10009765625,15566.830078125
2016-06-30,2098.860107421875,9680.08984375,6504.2998046875,15575.919921875
2016-07-01,2102.949951171875,9776.1201171875,6577.7998046875,15682.48046875
2016-07-04,,9709.08984375,6522.2998046875,15775.7998046875
2016-07-05,2088.550048828125,9532.6103515625,6545.39990234375,15669.330078125
2016-07-06,2099.72998046875,9373.259765625,6463.60009765625,15378.990234375
2016-07-07,2097.89990234375,9418.7802734375,6533.7998046875,15276.240234375
2016-07-08,2129.89990234375,9629.66015625,6590.60009765625,15106.98046875
2016-07-11,2137.159912109375,9833.41015625,6682.89990234375,15708.8203125
2016-07-12,2152.139892578125,9964.0703125,6680.7001953125,16095.650390625
2016-07-13,2152.429931640625,9930.7099609375,6670.39990234375,16231.4296875
2016-07-14,2163.75,10068.2998046875,6654.5,16385.890625
2016-07-15,2161.739990234375,10066.900390625,6669.2001953125,16497.849609375
2016-07-18,2166.889892578125,10063.1298828125,6695.39990234375,
2016-07-19,2163.780029296875,9981.240234375,6697.39990234375,16723.310546875
2016-07-20,2173.02001953125,10142.009765625,6729.0,16681.890625
2016-07-21,2165.169921875,10156.2099609375,6699.89990234375,16810.220703125
2016-07-22,2175.030029296875,10147.4599609375,6730.5,16627.25
2016-07-25,2168.47998046875,10198.240234375,6710.10009765625,16620.2890625
2016-07-26,2169.179931640625,10247.759765625,6724.0,16383.0400390625
2016-07-27,2166.580078125,10319.5498046875,6750.39990234375,16664.8203125
2016-07-28,2170.06005859375,10274.9296875,6721.10009765625,16476.83984375
2016-07-29,2173.60009765625,10337.5,6724.39990234375,16569.26953125
2016-08-01,2170.840087890625,10330.51953125,6694.0,16635.76953125
2016-08-02,2157.030029296875,10144.33984375,6645.39990234375,16391.44921875
2016-08-03,2163.7900390625,10170.2099609375,6634.39990234375,16083.1103515625
2016-08-04,2164.25,10227.8603515625,6740.2001953125,16254.8896484375
2016-08-05,2182.8701171875,10367.2099609375,6793.5,16254.4501953125
2016-08-08,2180.889892578125,10432.3603515625,6809.10009765625,16650.5703125
2016-08-09,2181.739990234375,10692.900390625,6851.2998046875,16764.970703125
2016-08-10,2175.489990234375,10650.8896484375,6866.39990234375,16735.119140625
2016-08-11,2185.7900390625,10742.83984375,6914.7001953125,
2016-08-12,2184.050048828125,10713.4296875,6916.0,16919.919921875
2016-08-15,2190.14990234375,10739.2099609375,6941.2001953125,16869.560546875
2016-08-16,2178.14990234375,10676.650390625,6893.89990234375,16596.509765625
2016-08-17,2182.219970703125,10537.669921875,6859.2001953125,16745.640625
2016-08-18,2187.02001953125,10603.0302734375,6869.0,16486.009765625
2016-08-19,2183.8701171875,10544.3603515625,6859.0,16545.8203125
2016-08-22,2182.639892578125,10494.349609375,6828.5,16598.189453125
2016-08-23,2186.89990234375,10592.8798828125,6868.5,16497.359375
2016-08-24,2175.43994140625,10622.9697265625,6835.7998046875,16597.30078125
2016-08-25,2172.469970703125,10529.58984375,6816.89990234375,16555.94921875
2016-08-26,2169.0400390625,10587.76953125,6838.10009765625,16360.7099609375
2016-08-29,2180.3798828125,10544.4404296875,,16737.490234375
2016-08-30,2176.1201171875,10657.6396484375,6820.7998046875,16725.359375
2016-08-31,2170.949951171875,10592.6904296875,6781.5,16887.400390625
2016-09-01,2170.860107421875,10534.3095703125,6746.0,16926.83984375
2016-09-02,2179.97998046875,10683.8203125,6894.60009765625,16925.6796875
2016-09-05,,10672.2197265625,6879.39990234375,17037.630859375
2016-09-06,2186.47998046875,10687.1396484375,6826.10009765625,17081.98046875
2016-09-07,2186.159912109375,10752.98046875,6846.60009765625,17012.439453125
2016-09-08,2181.300048828125,10675.2900390625,6858.7001953125,16958.76953125
2016-09-09,2127.81005859375,10573.4404296875,6777.0,16965.759765625
2016-09-12,2159.0400390625,10431.76953125,6700.89990234375,16672.919921875
2016-09-13,2127.02001953125,10386.599609375,6665.60009765625,16729.0390625
2016-09-14,2125.77001953125,10378.400390625,6673.2998046875,16614.240234375
2016-09-15,2147.260009765625,10431.2001953125,6730.2998046875,16405.009765625
2016-09-16,2139.159912109375,10276.169921875,6710.2998046875,16519.2890625
2016-09-19,2139.1201171875,10373.8701171875,6813.60009765625,
2016-09-20,2139.760009765625,10393.8603515625,6830.7998046875,16492.150390625
2016-09-21,2163.1201171875,10436.490234375,6834.7998046875,16807.619140625
2016-09-22,2177.179931640625,10674.1796875,6911.39990234375,
2016-09-23,2164.68994140625,10626.9697265625,6909.39990234375,16754.01953125
2016-09-26,2146.10009765625,10393.7099609375,6818.0,16544.560546875
2016-09-27,2159.929931640625,10361.48046875,6807.7001953125,16683.9296875
2016-09-28,2171.3701171875,10438.33984375,6849.39990234375,16465.400390625
2016-09-29,2151.1298828125,10405.5400390625,6919.39990234375,16693.7109375
2016-09-30,2168.27001953125,10511.01953125,6899.2998046875,16449.83984375
2016-10-03,2161.199951171875,,6983.5,16598.669921875
2016-10-04,2150.489990234375,10619.6103515625,7074.2998046875,16735.650390625
2016-10-05,2159.72998046875,10585.7802734375,7033.2998046875,16819.240234375
2016-10-06,2160.77001953125,10568.7998046875,7000.0,16899.099609375
2016-10-07,2153.739990234375,10490.8603515625,7044.39990234375,16860.08984375
2016-10-10,2163.659912109375,10624.080078125,7097.5,
2016-10-11,2136.72998046875,10577.16015625,7070.89990234375,17024.759765625
2016-10-12,2139.179931640625,10523.0703125,7024.0,16840.0
2016-10-13,2132.550048828125,10414.0703125,6977.7001953125,16774.240234375
2016-10-14,2132.97998046875,10580.3798828125,7013.60009765625,16856.369140625
2016-10-17,2126.5,10503.5703125,6947.60009765625,16900.119140625
2016-10-18,2139.60009765625,10631.5498046875,7000.10009765625,16963.609375
2016-10-19,2144.2900390625,10645.6796875,7021.89990234375,16998.91015625
2016-10-20,2141.340087890625,10701.3896484375,7026.89990234375,17235.5
2016-10-21,2141.159912109375,10710.73046875,7020.5,17184.58984375
2016-10-24,2151.330078125,10761.169921875,6986.39990234375,17234.419921875
2016-10-25,2143.159912109375,10757.3095703125,7017.60009765625,17365.25
2016-10-26,2139.429931640625,10709.6796875,6958.10009765625,17391.83984375
2016-10-27,2133.0400390625,10717.080078125,6986.60009765625,17336.419921875
2016-10-28,2126.409912109375,10696.1904296875,6996.2998046875,17446.41015625
2016-10-31,2126.14990234375,10665.009765625,6954.2001953125,17425.01953125
2016-11-01,2111.719970703125,10526.16015625,6917.10009765625,17442.400390625
2016-11-02,2097.93994140625,10370.9296875,6845.39990234375,17134.6796875
2016-11-03,2088.659912109375,10325.8798828125,6790.5,
2016-11-04,2085.179931640625,10259.1298828125,6693.2998046875,16905.359375
2016-11-07,2131.52001953125,10456.9501953125,6806.89990234375,17177.2109375
2016-11-08,2139.56005859375,10482.3203125,6843.10009765625,17171.380859375
2016-11-09,2163.260009765625,10646.009765625,6911.7998046875,16251.5400390625
2016-11-10,2167.47998046875,10630.1201171875,6828.0,17344.419921875
2016-11-11,2164.449951171875,10667.9501953125,6730.39990234375,17374.7890625
2016-11-14,2164.199951171875,10693.6904296875,6753.2001953125,17672.619140625
2016-11-15,2180.389892578125,10735.1396484375,6792.7001953125,17668.150390625
2016-11-16,2176.93994140625,10663.8701171875,6749.7001953125,17862.2109375
2016-11-17,2187.1201171875,10685.5400390625,6794.7001953125,17862.630859375
2016-11-18,2181.89990234375,10664.5595703125,6775.7998046875,17967.41015625
2016-11-21,2198.179931640625,10685.1298828125,6778.0,18106.01953125
2016-11-22,2202.93994140625,10713.849609375,6819.7001953125,18162.939453125
2016-11-23,2204.719970703125,10662.4404296875,6817.7001953125,
2016-11-24,,10689.259765625,6829.2001953125,18333.41015625
2016-11-25,2213.35009765625,10699.26953125,6840.7998046875,18381.220703125
2016-11-28,2201.719970703125,10582.669921875,6799.5,18356.890625
2016-11-29,2204.659912109375,10620.490234375,6772.0,18307.0390625
2016-11-30,2198.81005859375,10640.2998046875,6783.7998046875,18308.48046875
2016-12-01,2191.080078125,10534.0498046875,6752.89990234375,18513.119140625
2016-12-02,2191.949951171875,10513.349609375,6730.7001953125,18426.080078125
2016-12-05,2204.7099609375,10684.830078125,6746.7998046875,18274.990234375
2016-12-06,2212.22998046875,10775.3203125,6779.7998046875,18360.5390625
2016-12-07,2241.35009765625,10986.6904296875,6902.2001953125,18496.689453125
2016-12-08,2246.18994140625,11179.419921875,6931.60009765625,18765.470703125
2016-12-09,2259.530029296875,11203.6298828125,6954.2001953125,18996.369140625
2016-12-12,2256.9599609375,11190.2099609375,6890.39990234375,19155.029296875
2016-12-13,2271.719970703125,11284.650390625,6968.60009765625,19250.51953125
2016-12-14,2253.280029296875,11244.83984375,6949.2001953125,19253.609375
2016-12-15,2262.030029296875,11366.400390625,6999.0,19273.7890625
2016-12-16,2258.070068359375,11404.009765625,7011.60009765625,19401.150390625
2016-12-19,2262.530029296875,11426.7001953125,7017.2001953125,19391.599609375
2016-12-20,2270.760009765625,11464.740234375,7044.0,19494.529296875
2016-12-21,2265.179931640625,11468.6396484375,7041.39990234375,19444.490234375
2016-12-22,2260.9599609375,11456.099609375,7063.7001953125,19427.669921875
2016-12-23,2263.7900390625,11449.9296875,7068.2001953125,
2016-12-26,,,,19396.640625
2016-12-27,2268.8798828125,11472.240234375,,19403.060546875
2016-12-28,2249.919921875,11474.990234375,7106.10009765625,19401.720703125
2016-12-29,2249.260009765625,11451.0498046875,7120.2998046875,19145.140625
2016-12-30,2238.830078125,11481.0595703125,7142.7998046875,19114.369140625
2017-01-02,,11598.330078125,,
2017-01-03,2257.830078125,11584.240234375,7177.89990234375,
2017-01-04,2270.75,11584.3095703125,7189.7001953125,19594.16015625
2017-01-05,2269.0,11584.9404296875,7195.2998046875,19520.689453125
2017-01-06,2276.97998046875,11599.009765625,7210.10009765625,19454.330078125
2017-01-09,2268.89990234375,11563.990234375,7237.7998046875,
2017-01-10,2268.89990234375,11583.2998046875,7275.5,19301.439453125
2017-01-11,2275.320068359375,11646.169921875,7290.5,19364.669921875
2017-01-12,2270.43994140625,11521.0400390625,7292.39990234375,19134.69921875
2017-01-13,2274.639892578125,11629.1796875,7337.7998046875,19287.279296875
2017-01-16,,11554.7099609375,7327.10009765625,19095.240234375
2017-01-17,2267.889892578125,11540.0,7220.39990234375,18813.529296875
2017-01-18,2271.889892578125,11599.3896484375,7247.60009765625,18894.369140625
2017-01-19,2263.68994140625,11596.8896484375,7208.39990234375,19072.25
2017-01-20,2271.31005859375,11630.1298828125,7198.39990234375,19137.91015625
2017-01-23,2265.199951171875,11545.75,7151.2001953125,18891.029296875
2017-01-24,2280.070068359375,11594.9404296875,7150.2998046875,18787.990234375
2017-01-25,2298.3701171875,11806.0498046875,7164.39990234375,19057.5
2017-01-26,2296.679931640625,11848.6298828125,7161.5,19402.390625
2017-01-27,2294.68994140625,11814.26953125,7184.5,19467.400390625
2017-01-30,2280.89990234375,11681.8896484375,7118.5,19368.849609375
2017-01-31,2278.8701171875,11535.3095703125,7099.2001953125,19041.33984375
2017-02-01,2279.550048828125,11659.5,7107.7001953125,19148.080078125
2017-02-02,2280.85009765625,11627.9501953125,7140.7998046875,18914.580078125
2017-02-03,2297.419921875,11651.490234375,7188.2998046875,18918.19921875
2017-02-06,2292.56005859375,11509.83984375,7172.2001953125,18976.7109375
2017-02-07,2293.080078125,11549.4404296875,7186.2001953125,18910.779296875
2017-02-08,2294.669921875,11543.3798828125,7188.7998046875,19007.599609375
2017-02-09,2307.8701171875,11642.8603515625,7229.5,18907.669921875
2017-02-10,2316.10009765625,11666.9697265625,7258.7998046875,19378.9296875
2017-02-13,2328.25,11774.4296875,7278.89990234375,19459.150390625
2017-02-14,2337.580078125,11771.8095703125,7268.60009765625,19238.98046875
2017-02-15,2349.25,11793.9296875,7302.39990234375,19437.98046875
2017-02-16,2347.219970703125,11757.240234375,7277.89990234375,19347.529296875
2017-02-17,2351.159912109375,11757.01953125,7300.0,19234.619140625
2017-02-20,,11827.6201171875,7299.89990234375,19251.080078125
2017-02-21,2365.3798828125,11967.490234375,7274.7998046875,19381.439453125
2017-02-22,2362.820068359375,11998.58984375,7302.2998046875,19379.869140625
2017-02-23,2363.81005859375,11947.830078125,7271.39990234375,19371.4609375
2017-02-24,2367.340087890625,11804.0302734375,7243.7001953125,19283.5390625
2017-02-27,2369.75,11822.669921875,7253.0,19107.470703125
2017-02-28,2363.639892578125,11834.41015625,7263.39990234375,19118.990234375
2017-03-01,2395.9599609375,12067.1904296875,7382.89990234375,19393.5390625
2017-03-02,2381.919921875,12059.5703125,7382.39990234375,19564.80078125
2017-03-03,2383.1201171875,12027.3603515625,7374.2998046875,19469.169921875
2017-03-06,2375.31005859375,11958.400390625,7350.10009765625,19379.140625
2017-03-07,2368.389892578125,11966.1396484375,7339.0,19344.150390625
2017-03-08,2362.97998046875,11967.3095703125,7334.60009765625,19254.029296875
2017-03-09,2364.8701171875,11978.3896484375,7315.0,19318.580078125
2017-03-10,2372.60009765625,11963.1796875,7343.10009765625,19604.609375
2017-03-13,2373.469970703125,11990.0302734375,7367.10009765625,19633.75
2017-03-14,2365.449951171875,11988.7900390625,7357.89990234375,19609.5
2017-03-15,2385.260009765625,12009.8701171875,7368.60009765625,19577.380859375
2017-03-16,2381.3798828125,12083.1796875,7416.0,19590.140625
2017-03-17,2378.25,12095.240234375,7425.0,19521.58984375
2017-03-20,2373.469970703125,12052.900390625,7429.7998046875,
2017-03-21,2344.02001953125,11962.1298828125,7378.2998046875,19455.880859375
2017-03-22,2348.449951171875,11904.1201171875,7324.7001953125,19041.380859375
2017-03-23,2345.9599609375,12039.6796875,7340.7001953125,19085.310546875
2017-03-24,2343.97998046875,12064.26953125,7336.7998046875,19262.529296875
2017-03-27,2341.590087890625,11996.0703125,7293.5,18985.58984375
2017-03-28,2358.570068359375,12149.419921875,7343.39990234375,19202.869140625
2017-03-29,2361.1298828125,12203.0,7373.7001953125,19217.48046875
2017-03-30,2368.06005859375,12256.4296875,7369.5,19063.220703125
2017-03-31,2362.719970703125,12312.8701171875,7322.89990234375,18909.259765625
2017-04-03,2358.840087890625,12257.2001953125,7282.7001953125,18983.23046875
2017-04-04,2360.159912109375,12282.33984375,7321.7998046875,18810.25
2017-04-05,2352.949951171875,12217.5400390625,7331.7001953125,18861.26953125
2017-04-06,2357.489990234375,12230.8896484375,7303.2001953125,18597.060546875
2017-04-07,2355.5400390625,12225.0595703125,7349.39990234375,18664.630859375
2017-04-10,2357.159912109375,12200.51953125,7348.89990234375,18797.880859375
2017-04-11,2353.780029296875,12139.349609375,7365.5,18747.869140625
2017-04-12,2344.929931640625,12154.7001953125,7349.0,18552.609375
2017-04-13,2328.949951171875,12109.0,7327.60009765625,18426.83984375
2017-04-14,,,,18335.630859375
2017-04-17,2349.010009765625,,,18355.259765625
2017-04-18,2342.18994140625,12000.4404296875,7147.5,18418.58984375
2017-04-19,2338.169921875,12016.4501953125,7114.39990234375,18432.19921875
2017-04-20,2355.840087890625,12027.3203125,7118.5,18430.490234375
2017-04-21,2348.68994140625,12048.5703125,7114.60009765625,18620.75
2017-04-24,2374.14990234375,12454.98046875,7264.7001953125,18875.880859375
2017-04-25,2388.610107421875,12467.0400390625,7275.60009765625,19079.330078125
2017-04-26,2387.449951171875,12472.7998046875,7288.7001953125,19289.4296875
2017-04-27,2388.77001953125,12443.7900390625,7237.2001953125,19251.869140625
2017-04-28,2384.199951171875,12438.009765625,7203.89990234375,19196.740234375
2017-05-01,2388.330078125,,,19310.51953125
2017-05-02,2391.169921875,12507.900390625,7250.10009765625,19445.69921875
2017-05-03,2388.1298828125,12527.83984375,7234.5,
2017-05-04,2389.52001953125,12647.7802734375,7248.10009765625,
2017-05-05,2399.2900390625,12716.8896484375,7297.39990234375,
2017-05-08,2399.3798828125,12694.5498046875,7300.89990234375,19895.69921875
2017-05-09,2396.919921875,12749.1201171875,7342.2001953125,19843.0
2017-05-10,2399.6298828125,12757.4599609375,7385.2001953125,19900.08984375
2017-05-11,2394.43994140625,12711.0595703125,7386.60009765625,19961.55078125
2017-05-12,2390.89990234375,12770.41015625,7435.39990234375,19883.900390625
2017-05-15,2402.320068359375,12807.0400390625,7454.39990234375,19869.849609375
2017-05-16,2400.669921875,12804.5302734375,7522.0,19919.8203125
2017-05-17,2357.030029296875,12631.6103515625,7503.5,19814.880859375
2017-05-18,2365.719970703125,12590.0595703125,7436.39990234375,19553.859375
2017-05-19,2381.72998046875,12638.6904296875,7470.7001953125,19590.759765625
2017-05-22,2394.02001953125,12619.4599609375,7496.2998046875,19678.279296875
2017-05-23,2398.419921875,12659.150390625,7485.2998046875,19613.279296875
2017-05-24,2404.389892578125,12642.8701171875,7514.89990234375,19742.98046875
2017-05-25,2415.070068359375,12621.7197265625,7517.7001953125,19813.130859375
2017-05-26,2415.820068359375,12602.1796875,7547.60009765625,19686.83984375
2017-05-29,,12628.9501953125,,19682.5703125
2017-05-30,2412.909912109375,12598.6796875,7526.5,19677.849609375
2017-05-31,2411.800048828125,12615.0595703125,7520.0,19650.5703125
2017-06-01,2430.06005859375,12664.919921875,7543.7998046875,19860.029296875
2017-06-02,2439.070068359375,12822.9404296875,7547.60009765625,20177.279296875
2017-06-05,2436.10009765625,,7525.7998046875,20170.8203125
2017-06-06,2429.330078125,12690.1201171875,7525.0,19979.900390625
2017-06-07,2433.139892578125,12672.490234375,7478.60009765625,19984.619140625
2017-06-08,2433.7900390625,12713.580078125,7450.0,19909.259765625
2017-06-09,2431.77001953125,12815.7197265625,7527.2998046875,20013.259765625
2017-06-12,2429.389892578125,12690.4404296875,7511.89990234375,19908.580078125
2017-06-13,2440.35009765625,12764.98046875,7500.39990234375,19898.75
2017-06-14,2437.919921875,12805.9501953125,7474.39990234375,19883.51953125
2017-06-15,2432.4599609375,12691.8095703125,7419.39990234375,19831.8203125
2017-06-16,2433.14990234375,12752.73046875,7463.5,19943.259765625
2017-06-19,2453.4599609375,12888.9501953125,7523.7998046875,20067.75
2017-06-20,2437.030029296875,12814.7900390625,7472.7001953125,20230.41015625
2017-06-21,2435.610107421875,12774.259765625,7447.7998046875,20138.7890625
2017-06-22,2434.5,12794.0,7439.2998046875,20110.509765625
2017-06-23,2438.300048828125,12733.41015625,7424.10009765625,20132.669921875
2017-06-26,2439.070068359375,12770.830078125,7446.7998046875,20153.349609375
2017-06-27,2419.3798828125,12671.01953125,7434.39990234375,20225.08984375
2017-06-28,2440.68994140625,12647.26953125,7387.7998046875,20130.41015625
2017-06-29,2419.699951171875,12416.1904296875,7350.2998046875,20220.30078125
2017-06-30,2423.409912109375,12325.1201171875,7312.7001953125,20033.4296875
2017-07-03,2429.010009765625,12475.3095703125,7377.10009765625,20055.80078125
2017-07-04,,12437.1298828125,7357.2001953125,20032.349609375
2017-07-05,2432.5400390625,12453.6796875,7367.60009765625,20081.630859375
2017-07-06,2409.75,12381.25,7337.2998046875,19994.060546875
2017-07-07,2425.179931640625,12388.6796875,7350.89990234375,19929.08984375
2017-07-10,2427.429931640625,12445.919921875,7370.0,20080.98046875
2017-07-11,2425.530029296875,12437.01953125,7329.7998046875,20195.48046875
2017-07-12,2443.25,12626.580078125,7416.89990234375,20098.380859375
2017-07-13,2447.830078125,12641.330078125,7413.39990234375,20099.810546875
2017-07-14,2459.27001953125,12631.7197265625,7378.39990234375,20118.859375
2017-07-17,2459.139892578125,12587.16015625,7404.10009765625,
2017-07-18,2460.610107421875,12430.3896484375,7390.2001953125,19999.91015625
2017-07-19,2473.830078125,12452.0498046875,7430.89990234375,20020.859375
2017-07-20,2473.449951171875,12447.25,7487.89990234375,20144.58984375
2017-07-21,2472.5400390625,12240.0595703125,7452.89990234375,20099.75
2017-07-24,2469.909912109375,12208.9501953125,7377.7001953125,19975.669921875
2017-07-25,2477.1298828125,12264.3095703125,7434.7998046875,19955.19921875
2017-07-26,2477.830078125,12305.1103515625,7452.2998046875,20050.16015625
2017-07-27,2475.419921875,12212.0400390625,7443.0,20079.640625
2017-07-28,2472.10009765625,12162.7001953125,7368.39990234375,19959.83984375
2017-07-31,2470.300048828125,12118.25,7372.0,19925.1796875
2017-08-01,2476.35009765625,12251.2900390625,7423.7001953125,19985.7890625
2017-08-02,2477.570068359375,12181.48046875,7411.39990234375,20080.0390625
2017-08-03,2472.159912109375,12154.7197265625,7474.7998046875,20029.259765625
2017-08-04,2476.830078125,12297.7197265625,7511.7001953125,19952.330078125
2017-08-07,2480.909912109375,12257.169921875,7531.89990234375,20055.890625
2017-08-08,2474.919921875,12292.0498046875,7542.7001953125,19996.009765625
2017-08-09,2474.02001953125,12154.0,7498.10009765625,19738.7109375
2017-08-10,2438.2099609375,12014.2998046875,7389.89990234375,19729.740234375
2017-08-11,2441.320068359375,12014.0595703125,7310.0,
2017-08-14,2465.840087890625,12165.1201171875,7353.89990234375,19537.099609375
2017-08-15,2464.610107421875,12177.0400390625,7383.89990234375,19753.310546875
2017-08-16,2468.110107421875,12263.8603515625,7433.0,19729.279296875
2017-08-17,2430.010009765625,12203.4599609375,7387.89990234375,19702.630859375
2017-08-18,2425.550048828125,12165.1904296875,7324.0,19470.41015625
2017-08-21,2428.3701171875,12065.990234375,7318.89990234375,19393.130859375
2017-08-22,2452.510009765625,12229.33984375,7381.7001953125,19383.83984375
2017-08-23,2444.0400390625,12174.2998046875,7382.7001953125,19434.640625
2017-08-24,2438.969970703125,12180.830078125,7407.10009765625,19353.76953125
2017-08-25,2443.050048828125,12167.9404296875,7401.5,19452.609375
2017-08-28,2444.239990234375,12123.4697265625,,19449.900390625
2017-08-29,2446.300048828125,11945.8798828125,7337.39990234375,19362.55078125
2017-08-30,2457.590087890625,12002.4697265625,7365.2998046875,19506.5390625
2017-08-31,2471.64990234375,12055.83984375,7430.60009765625,19646.240234375
2017-09-01,2476.550048828125,12142.6396484375,7438.5,19691.470703125
2017-09-04,,12102.2099609375,7411.5,19508.25
2017-09-05,2457.85009765625,12123.7099609375,7372.89990234375,19385.810546875
2017-09-06,2465.5400390625,12214.5400390625,7354.10009765625,19357.970703125
2017-09-07,2465.10009765625,12296.6298828125,7397.0,19396.51953125
2017-09-08,2461.429931640625,12303.98046875,7377.60009765625,19274.8203125
2017-09-11,2488.110107421875,12475.240234375,7413.60009765625,19545.76953125
2017-09-12,2496.47998046875,12524.76953125,7400.7001953125,19776.619140625
2017-09-13,2498.3701171875,12553.5703125,7379.7001953125,19865.8203125
2017-09-14,2495.6201171875,12540.4501953125,7295.39990234375,19807.439453125
2017-09-15,2500.22998046875,12518.8095703125,7215.5,19909.5
2017-09-18,2503.8701171875,12559.3896484375,7253.2998046875,
2017-09-19,2506.64990234375,12561.7900390625,7275.2998046875,20299.380859375
2017-09-20,2508.239990234375,12569.169921875,7272.0,20310.4609375
2017-09-21,2500.60009765625,12600.0302734375,7263.89990234375,20347.48046875
2017-09-22,2502.219970703125,12592.349609375,7310.60009765625,20296.44921875
2017-09-25,2496.659912109375,12594.8095703125,7301.2998046875,20397.580078125
2017-09-26,2496.840087890625,12605.2001953125,7285.7001953125,20330.189453125
2017-09-27,2507.0400390625,12657.41015625,7313.5,20267.05078125
2017-09-28,2510.06005859375,12704.650390625,7322.7998046875,20363.109375
2017-09-29,2519.360107421875,12828.8603515625,7372.7998046875,20356.279296875
2017-10-02,2529.1201171875,12902.650390625,7438.7998046875,20400.779296875
2017-10-03,2534.580078125,,7468.10009765625,20614.0703125
2017-10-04,2537.739990234375,12970.51953125,7467.60009765625,20626.66015625
2017-10-05,2552.070068359375,12968.0498046875,7508.0,20628.560546875
2017-10-06,2549.330078125,12955.9404296875,7522.89990234375,20690.7109375
2017-10-09,2544.72998046875,12976.400390625,7507.89990234375,
2017-10-10,2550.639892578125,12949.25,7538.2998046875,20823.509765625
2017-10-11,2555.239990234375,12970.6796875,7533.7998046875,20881.26953125
2017-10-12,2550.929931640625,12982.8896484375,7556.2001953125,20954.720703125
2017-10-13,2553.169921875,12991.8701171875,7535.39990234375,21155.1796875
2017-10-16,2557.639892578125,13003.7001953125,7527.0,21255.560546875
2017-10-17,2559.360107421875,12995.0595703125,7516.2001953125,21336.119140625
2017-10-18,2561.260009765625,13043.0302734375,7542.89990234375,21363.05078125
2017-10-19,2562.10009765625,12990.099609375,7523.0,21448.51953125
2017-10-20,2575.2099609375,12991.2802734375,7523.2001953125,21457.640625
2017-10-23,2564.97998046875,13003.1396484375,7524.5,21696.650390625
2017-10-24,2569.1298828125,13013.1904296875,7526.5,21805.169921875
2017-10-25,2557.14990234375,12953.41015625,7447.2001953125,21707.619140625
2017-10-26,2560.39990234375,13133.2802734375,7486.5,21739.779296875
2017-10-27,2581.070068359375,13217.5400390625,7505.0,22008.44921875
2017-10-30,2572.830078125,13229.5703125,7487.7998046875,22011.669921875
2017-10-31,2575.260009765625,,7493.10009765625,22011.609375
2017-11-01,2579.360107421875,13465.509765625,7488.0,22420.080078125
2017-11-02,2579.85009765625,13440.9296875,7555.2998046875,22539.119140625
2017-11-03,2587.840087890625,13478.8603515625,7560.39990234375,
2017-11-06,2591.1298828125,13468.7900390625,7562.2998046875,22548.349609375
2017-11-07,2590.639892578125,13379.26953125,7513.10009765625,22937.599609375
2017-11-08,2594.3798828125,13382.419921875,7529.7001953125,22913.8203125
2017-11-09,2584.6201171875,13182.5595703125,7484.10009765625,22868.7109375
2017-11-10,2582.300048828125,13127.4697265625,7433.0,22681.419921875
2017-11-13,2584.840087890625,13074.419921875,7415.2001953125,22380.990234375
2017-11-14,2578.8701171875,13033.48046875,7414.39990234375,22380.009765625
2017-11-15,2564.6201171875,12976.3701171875,7372.60009765625,22028.3203125
2017-11-16,2585.639892578125,13047.2197265625,7386.89990234375,22351.119140625
2017-11-17,2578.85009765625,12993.73046875,7380.7001953125,22396.80078125
2017-11-20,2582.139892578125,13058.66015625,7389.5,22261.759765625
2017-11-21,2599.030029296875,13167.5400390625,7411.2998046875,22416.48046875
2017-11-22,2597.080078125,13015.0400390625,7419.0,22523.150390625
2017-11-23,,13008.5498046875,7417.2001953125,
2017-11-24,2602.419921875,13059.83984375,7409.60009765625,22550.849609375
2017-11-27,2601.419921875,13000.2001953125,7383.89990234375,22495.990234375
2017-11-28,2627.0400390625,13059.5302734375,7460.7001953125,22486.240234375
2017-11-29,2626.070068359375,13061.8701171875,7393.60009765625,22597.19921875
2017-11-30,2647.580078125,13023.98046875,7326.7001953125,22724.9609375
2017-12-01,2642.219970703125,12861.490234375,7300.5,22819.029296875
2017-12-04,2639.43994140625,13058.5498046875,7339.0,22707.16015625
2017-12-05,2629.570068359375,13048.5400390625,7327.5,22622.380859375
2017-12-06,2629.27001953125,12998.849609375,7348.0,22177.0390625
2017-12-07,2636.97998046875,13045.150390625,7320.7998046875,22498.029296875
2017-12-08,2651.5,13153.7001953125,7394.0,22811.080078125
2017-12-11,2659.989990234375,13123.650390625,7453.5,22938.73046875
2017-12-12,2664.110107421875,13183.5302734375,7500.39990234375,22866.169921875
2017-12-13,2662.85009765625,13125.6396484375,7496.5,22758.0703125
2017-12-14,2652.010009765625,13068.080078125,7448.10009765625,22694.44921875
2017-12-15,2675.81005859375,13103.5595703125,7490.60009765625,22553.220703125
2017-12-18,2690.159912109375,13312.2998046875,7537.0,22901.76953125
2017-12-19,2681.469970703125,13215.7900390625,7544.10009765625,22868.0
2017-12-20,2679.25,13069.169921875,7525.2001953125,22891.720703125
2017-12-21,2684.570068359375,13109.740234375,7604.0,22866.099609375
2017-12-22,2683.340087890625,13072.7900390625,7592.7001953125,22902.759765625
2017-12-25,,,,22939.1796875
2017-12-26,2680.5,,,22892.689453125
2017-12-27,2682.6201171875,13070.01953125,7620.7001953125,22911.2109375
2017-12-28,2687.5400390625,12979.9404296875,7622.89990234375,22783.98046875
2017-12-29,2673.610107421875,12917.6396484375,7687.7998046875,22764.939453125
2018-01-02,2695.81005859375,12871.3896484375,7648.10009765625,
2018-01-03,2713.06005859375,12978.2099609375,7671.10009765625,
2018-01-04,2723.989990234375,13167.8896484375,7695.89990234375,23506.330078125
2018-01-05,2743.14990234375,13319.6396484375,7724.2001953125,23714.529296875
2018-01-08,2747.7099609375,13367.7802734375,7696.5,
2018-01-09,2751.2900390625,13385.58984375,7731.0,23849.990234375
2018-01-10,2748.22998046875,13281.33984375,7748.5,23788.19921875
2018-01-11,2767.56005859375,13202.900390625,7762.89990234375,23710.4296875
2018-01-12,2786.239990234375,13245.0302734375,7778.60009765625,23653.8203125
2018-01-15,,13200.509765625,7769.10009765625,23714.880859375
2018-01-16,2776.419921875,13246.330078125,7755.89990234375,23951.810546875
2018-01-17,2802.56005859375,13183.9599609375,7725.39990234375,23868.33984375
2018-01-18,2798.030029296875,13281.4296875,7701.0,23763.369140625
2018-01-19,2810.300048828125,13434.4501953125,7730.7998046875,23808.060546875
2018-01-22,2832.969970703125,13463.6904296875,7715.39990234375,23816.330078125
2018-01-23,2839.1298828125,13559.599609375,7731.7998046875,24124.150390625
2018-01-24,2837.5400390625,13414.740234375,7643.39990234375,23940.779296875
2018-01-25,2839.25,13298.3603515625,7615.7998046875,23669.490234375
2018-01-26,2872.8701171875,13340.169921875,7665.5,23631.880859375
2018-01-29,2853.530029296875,13324.48046875,7671.5,23629.33984375
2018-01-30,2822.429931640625,13197.7099609375,7588.0,23291.970703125
2018-01-31,2823.81005859375,13189.48046875,7533.60009765625,23098.2890625
2018-02-01,2821.97998046875,13003.900390625,7490.39990234375,23486.109375
2018-02-02,2762.1298828125,12785.16015625,7443.39990234375,23274.529296875
2018-02-05,2648.93994140625,12687.490234375,7335.0,22682.080078125
2018-02-06,2695.139892578125,12392.66015625,7141.39990234375,21610.240234375
2018-02-07,2681.659912109375,12590.4296875,7279.39990234375,21645.369140625
2018-02-08,2581.0,12260.2900390625,7170.7001953125,21890.859375
2018-02-09,2619.550048828125,12107.48046875,7092.39990234375,21382.619140625
2018-02-12,2656.0,12282.76953125,7177.10009765625,
2018-02-13,2662.93994140625,12196.5,7168.0,21244.6796875
2018-02-14,2698.6298828125,12339.16015625,7214.0,21154.169921875
2018-02-15,2731.199951171875,12346.169921875,7234.7998046875,21464.98046875
2018-02-16,2732.219970703125,12451.9599609375,7294.7001953125,21720.25
2018-02-19,,12385.599609375,7247.7001953125,22149.2109375
2018-02-20,2716.260009765625,12487.900390625,7246.7998046875,21925.099609375
2018-02-21,2701.330078125,12470.490234375,7281.60009765625,21970.810546875
2018-02-22,2703.9599609375,12461.91015625,7252.39990234375,21736.439453125
2018-02-23,2747.300048828125,12483.7900390625,7244.39990234375,21892.779296875
2018-02-26,2779.60009765625,12527.0400390625,7289.60009765625,22153.630859375
2018-02-27,2744.280029296875,12490.73046875,7282.5,22389.859375
2018-02-28,2713.830078125,12435.849609375,7231.89990234375,22068.240234375
2018-03-01,2677.669921875,12190.9404296875,7175.60009765625,21724.470703125
2018-03-02,2691.25,11913.7099609375,7069.89990234375,21181.640625
2018-03-05,2720.93994140625,12090.8701171875,7116.0,21042.08984375
2018-03-06,2728.1201171875,12113.8701171875,7146.7998046875,21417.759765625
2018-03-07,2726.800048828125,12245.3603515625,7157.7998046875,21252.720703125
2018-03-08,2738.969970703125,12355.5703125,7203.2001953125,21368.0703125
2018-03-09,2786.570068359375,12346.6796875,7224.5,21469.19921875
2018-03-12,2783.02001953125,12418.3896484375,7214.7998046875,21824.029296875
2018-03-13,2765.31005859375,12221.0302734375,7138.7998046875,21968.099609375
2018-03-14,2749.47998046875,12237.740234375,7132.7001953125,21777.2890625
2018-03-15,2747.330078125,12345.5595703125,7139.7998046875,21803.94921875
2018-03-16,2752.010009765625,12389.580078125,7164.10009765625,21676.509765625
2018-03-19,2712.919921875,12217.01953125,7042.89990234375,21480.900390625
2018-03-20,2716.93994140625,12307.330078125,7061.2998046875,21380.970703125
2018-03-21,2711.929931640625,12309.150390625,7039.0,
2018-03-22,2643.68994140625,12100.080078125,6952.60009765625,21591.990234375
2018-03-23,2588.260009765625,11886.3095703125,6921.89990234375,20617.859375
2018-03-26,2658.550048828125,11787.259765625,6888.7001953125,20766.099609375
2018-03-27,2612.6201171875,11970.830078125,7000.10009765625,21317.3203125
2018-03-28,2605.0,11940.7099609375,7044.7001953125,21031.310546875
2018-03-29,2640.8701171875,12096.73046875,7056.60009765625,21159.080078125
2018-03-30,,,,21454.30078125
2018-04-02,2581.8798828125,,,21388.580078125
2018-04-03,2614.449951171875,12002.4501953125,7030.5,21292.2890625
2018-04-04,2644.68994140625,11957.900390625,7034.0,21319.55078125
2018-04-05,2662.840087890625,12305.1904296875,7199.5,21645.419921875
2018-04-06,2604.469970703125,12241.26953125,7183.60009765625,21567.51953125
2018-04-09,2613.159912109375,12261.75,7194.7998046875,21678.259765625
2018-04-10,2656.8701171875,12397.3203125,7266.7998046875,21794.3203125
2018-04-11,2642.18994140625,12293.9697265625,7257.10009765625,21687.099609375
2018-04-12,2663.989990234375,12415.009765625,7258.2998046875,21660.279296875
2018-04-13,2656.300048828125,12442.400390625,7264.60009765625,21778.740234375
2018-04-16,2677.840087890625,12391.41015625,7198.2001953125,21835.529296875
2018-04-17,2706.389892578125,12585.5703125,7226.10009765625,21847.58984375
2018-04-18,2708.639892578125,12590.830078125,7317.2998046875,22158.19921875
2018-04-19,2693.1298828125,12567.419921875,7328.89990234375,22191.1796875
2018-04-20,2670.139892578125,12540.5,7368.2001953125,22162.240234375
2018-04-23,2670.2900390625,12572.3896484375,7398.89990234375,22088.0390625
2018-04-24,2634.56005859375,12550.8203125,7425.39990234375,22278.119140625
2018-04-25,2639.39990234375,12422.2998046875,7379.2998046875,22215.3203125
2018-04-26,2666.93994140625,12500.4697265625,7421.39990234375,22319.609375
2018-04-27,2669.909912109375,12580.8701171875,7502.2001953125,22467.869140625
2018-04-30,2648.050048828125,12612.1103515625,7509.2998046875,
2018-05-01,2654.800048828125,,7520.39990234375,22508.029296875
2018-05-02,2635.669921875,12802.25,7543.2001953125,22472.779296875
2018-05-03,2629.72998046875,12690.150390625,7502.7001953125,
2018-05-04,2663.419921875,12819.599609375,7567.10009765625,
2018-05-07,2672.6298828125,12948.1396484375,,22467.16015625
2018-05-08,2671.919921875,12912.2099609375,7565.7998046875,22508.689453125
2018-05-09,2697.7900390625,12943.0595703125,7662.5,22408.880859375
2018-05-10,2723.070068359375,13022.8701171875,7701.0,22497.1796875
2018-05-11,2727.719970703125,13001.240234375,7724.60009765625,22758.48046875
2018-05-14,2730.1298828125,12977.7099609375,7711.0,22865.859375
2018-05-15,2711.449951171875,12970.0400390625,7723.0,22818.01953125
2018-05-16,2722.4599609375,12996.330078125,7734.2001953125,22717.23046875
2018-05-17,2720.1298828125,13114.6103515625,7788.0,22838.369140625
2018-05-18,2712.969970703125,13077.7197265625,7778.7998046875,22930.359375
2018-05-21,2733.010009765625,,7859.2001953125,23002.369140625
2018-05-22,2724.43994140625,13169.919921875,7877.5,22960.33984375
2018-05-23,2733.2900390625,12976.83984375,7788.39990234375,22689.740234375
2018-05-24,2727.760009765625,12855.08984375,7716.7001953125,22437.009765625
2018-05-25,2721.330078125,12938.009765625,7730.2998046875,22450.7890625
2018-05-28,,12863.4599609375,,22481.08984375
2018-05-29,2689.860107421875,12666.509765625,7632.60009765625,22358.4296875
2018-05-30,2724.010009765625,12783.759765625,7689.60009765625,22018.51953125
2018-05-31,2705.27001953125,12604.8896484375,7678.2001953125,22201.8203125
2018-06-01,2734.6201171875,12724.26953125,7701.7998046875,22171.349609375
2018-06-04,2746.8701171875,12770.75,7741.2998046875,22475.939453125
2018-06-05,2748.800048828125,12787.1298828125,7686.7998046875,22539.5390625
2018-06-06,2772.35009765625,12830.0703125,7712.39990234375,22625.73046875
2018-06-07,2770.3701171875,12811.0498046875,7704.39990234375,22823.259765625
2018-06-08,2779.030029296875,12766.5498046875,7681.10009765625,22694.5
2018-06-11,2782.0,12842.91015625,7737.39990234375,22804.0390625
2018-06-12,2786.85009765625,12842.2998046875,7703.7998046875,22878.349609375
2018-06-13,2775.6298828125,12890.580078125,7703.7001953125,22966.380859375
2018-06-14,2782.489990234375,13107.099609375,7765.7998046875,22738.609375
2018-06-15,2779.659912109375,13010.5498046875,7633.89990234375,22851.75
2018-06-18,2773.75,12834.1103515625,7631.2998046875,22680.330078125
2018-06-19,2762.590087890625,12677.9697265625,7603.89990234375,22278.48046875
2018-06-20,2767.320068359375,12695.16015625,7627.39990234375,22555.4296875
2018-06-21,2749.760009765625,12511.91015625,7556.39990234375,22693.0390625
2018-06-22,2754.8798828125,12579.7197265625,7682.2998046875,22516.830078125
2018-06-25,2717.070068359375,12270.330078125,7509.7998046875,22338.150390625
2018-06-26,2723.06005859375,12234.33984375,7537.89990234375,22342.0
2018-06-27,2699.6298828125,12348.6103515625,7621.7001953125,22271.76953125
2018-06-28,2716.31005859375,12177.23046875,7615.60009765625,22270.390625
2018-06-29,2718.3701171875,12306.0,7636.89990234375,22304.509765625
2018-07-02,2726.7099609375,12238.169921875,7547.89990234375,21811.9296875
2018-07-03,2713.219970703125,12349.1396484375,7593.2998046875,21785.5390625
2018-07-04,,12317.6103515625,7573.10009765625,21717.0390625
2018-07-05,2736.610107421875,12464.2900390625,7603.2001953125,21546.990234375
2018-07-06,2759.820068359375,12496.169921875,7617.7001953125,21788.140625
2018-07-09,2784.169921875,12543.8896484375,7688.0,22052.1796875
2018-07-10,2793.840087890625,12609.849609375,7692.0,22196.890625
2018-07-11,2774.02001953125,12417.1298828125,7592.0,21932.2109375
2018-07-12,2798.2900390625,12492.9697265625,7651.2998046875,22187.9609375
2018-07-13,2801.31005859375,12540.73046875,7661.89990234375,22597.349609375
2018-07-16,2798.429931640625,12561.01953125,7600.5,22597.349609375
2018-07-17,2809.550048828125,12661.5400390625,7626.2998046875,22697.359375
2018-07-18,2815.6201171875,12765.9404296875,7676.2998046875,22794.189453125
2018-07-19,2804.489990234375,12686.2900390625,7684.0,22764.6796875
2018-07-20,2801.830078125,12561.419921875,7678.7998046875,22697.880859375
2018-07-23,2806.97998046875,12548.5703125,7655.7998046875,22396.990234375
2018-07-24,2820.39990234375,12689.3896484375,7709.10009765625,22510.48046875
2018-07-25,2846.070068359375,12579.330078125,7658.2998046875,22614.25
2018-07-26,2837.43994140625,12809.23046875,7663.2001953125,22586.869140625
2018-07-27,2818.820068359375,12860.400390625,7701.2998046875,22712.75
2018-07-30,2802.60009765625,12798.2001953125,7700.89990234375,22544.83984375
2018-07-31,2816.2900390625,12805.5,7748.7998046875,22553.720703125
2018-08-01,2813.360107421875,12737.0498046875,7652.89990234375,22746.69921875
2018-08-02,2827.219970703125,12546.330078125,7575.89990234375,22512.529296875
2018-08-03,2840.35009765625,12615.759765625,7659.10009765625,22525.1796875
2018-08-06,2850.39990234375,12598.2099609375,7663.7998046875,22507.3203125
2018-08-07,2858.449951171875,12648.1904296875,7718.5,22662.740234375
2018-08-08,2857.699951171875,12633.5400390625,7776.7001953125,22644.310546875
2018-08-09,2853.580078125,12676.1103515625,7741.7998046875,22598.390625
2018-08-10,2833.280029296875,12424.349609375,7667.0,22298.080078125
2018-08-13,2821.929931640625,12358.740234375,7642.5,21857.4296875
2018-08-14,2839.9599609375,12358.8701171875,7611.60009765625,22356.080078125
2018-08-15,2818.3701171875,12163.009765625,7497.89990234375,22204.220703125
2018-08-16,2840.68994140625,12237.169921875,7556.39990234375,22192.0390625
2018-08-17,2850.1298828125,12210.5498046875,7558.60009765625,22270.380859375
2018-08-20,2857.050048828125,12331.2998046875,7591.2998046875,22199.0
2018-08-21,2862.9599609375,12384.490234375,7565.7001953125,22219.73046875
2018-08-22,2861.820068359375,12385.7001953125,7574.2001953125,22362.55078125
2018-08-23,2856.97998046875,12365.580078125,7563.2001953125,22410.8203125
2018-08-24,2874.68994140625,12394.51953125,7577.5,22601.76953125
2018-08-27,2896.739990234375,12538.3095703125,,22799.640625
2018-08-28,2897.52001953125,12527.419921875,7617.2001953125,22813.470703125
2018-08-29,2914.0400390625,12561.6796875,7563.2001953125,22848.220703125
2018-08-30,2901.1298828125,12494.240234375,7516.0,22869.5
2018-08-31,2901.52001953125,12364.0595703125,7432.39990234375,22865.150390625
2018-09-03,,12346.41015625,7504.60009765625,22707.380859375
2018-09-04,2896.719970703125,12210.2099609375,7457.89990234375,22696.900390625
2018-09-05,2888.60009765625,12040.4599609375,7383.2998046875,22580.830078125
2018-09-06,2878.050048828125,11955.25,7319.0,22487.939453125
2018-09-07,2871.679931640625,11959.6298828125,7277.7001953125,22307.060546875
2018-09-10,2877.1298828125,11986.33984375,7279.2998046875,22373.08984375
2018-09-11,2887.889892578125,11970.26953125,7273.5,22664.689453125
2018-09-12,2888.919921875,12032.2998046875,7313.39990234375,22604.609375
2018-09-13,2904.179931640625,12055.5498046875,7281.60009765625,22821.3203125
2018-09-14,2904.97998046875,12124.330078125,7304.0,23094.669921875
2018-09-17,2888.800048828125,12096.41015625,7302.10009765625,
2018-09-18,2904.31005859375,12157.669921875,7300.2001953125,23420.5390625
2018-09-19,2907.949951171875,12219.01953125,7331.10009765625,23672.51953125
2018-09-20,2930.75,12326.48046875,7367.2998046875,23674.9296875
2018-09-21,2929.669921875,12430.8798828125,7490.2001953125,23869.9296875
2018-09-24,2919.3701171875,12350.8203125,7458.39990234375,
2018-09-25,2915.56005859375,12374.66015625,7507.60009765625,23940.259765625
2018-09-26,2905.969970703125,12385.8896484375,7511.5,24033.7890625
2018-09-27,2914.0,12435.58984375,7545.39990234375,23796.740234375
2018-09-28,2913.97998046875,12246.73046875,7510.2001953125,24120.0390625
2018-10-01,2924.590087890625,12339.0302734375,7495.7001953125,24245.759765625
2018-10-02,2923.429931640625,12287.580078125,7474.60009765625,24270.619140625
2018-10-03,2925.510009765625,,7510.2998046875,24110.9609375
2018-10-04,2901.610107421875,12244.1396484375,7418.2998046875,23975.619140625
2018-10-05,2885.570068359375,12111.900390625,7318.5,23783.720703125
2018-10-08,2884.429931640625,11947.16015625,7233.2998046875,
2018-10-09,2880.340087890625,11977.2197265625,7237.60009765625,23469.390625
2018-10-10,2785.679931640625,11712.5,7145.7001953125,23506.0390625
2018-10-11,2728.3701171875,11539.349609375,7006.89990234375,22590.859375
2018-10-12,2767.1298828125,11523.8095703125,6995.89990234375,22694.66015625
2018-10-15,2750.7900390625,11614.16015625,7029.2001953125,22271.30078125
2018-10-16,2809.919921875,11776.5498046875,7059.39990234375,22549.240234375
2018-10-17,2809.2099609375,11715.0302734375,7054.60009765625,22841.119140625
2018-10-18,2768.780029296875,11589.2099609375,7027.0,22658.16015625
2018-10-19,2767.780029296875,11553.830078125,7049.7998046875,22532.080078125
2018-10-22,2755.8798828125,11524.33984375,7042.7998046875,22614.8203125
2018-10-23,2740.68994140625,11274.2802734375,6955.2001953125,22010.779296875
2018-10-24,2656.10009765625,11191.6298828125,6963.0,22091.1796875
2018-10-25,2705.570068359375,11307.1201171875,7004.10009765625,21268.73046875
2018-10-26,2658.68994140625,11200.6201171875,6939.60009765625,21184.599609375
2018-10-29,2641.25,11335.48046875,7026.2998046875,21149.80078125
2018-10-30,2682.6298828125,11287.3896484375,7035.89990234375,21457.2890625
2018-10-31,2711.739990234375,11447.509765625,7128.10009765625,21920.4609375
2018-11-01,2740.3701171875,11468.5400390625,7114.7001953125,21687.650390625
2018-11-02,2723.06005859375,11518.990234375,7094.10009765625,22243.66015625
2018-11-05,2738.31005859375,11494.9599609375,7103.7998046875,21898.990234375
2018-11-06,2755.449951171875,11484.33984375,7040.7001953125,22147.75
2018-11-07,2813.889892578125,11579.099609375,7117.2998046875,22085.80078125
2018-11-08,2806.830078125,11527.3203125,7140.7001953125,22486.919921875
2018-11-09,2781.010009765625,11529.16015625,7105.2998046875,22250.25
2018-11-12,2726.219970703125,11325.4404296875,7053.10009765625,22269.880859375
2018-11-13,2722.179931640625,11472.2197265625,7053.7998046875,21810.51953125
2018-11-14,2701.580078125,11412.5302734375,7033.7998046875,21846.48046875
2018-11-15,2730.199951171875,11353.669921875,7038.0,21803.619140625
2018-11-16,2736.27001953125,11341.0,7013.89990234375,21680.33984375
2018-11-19,2690.72998046875,11244.5400390625,7000.89990234375,21821.16015625
2018-11-20,2641.889892578125,11066.41015625,6947.89990234375,21583.119140625
2018-11-21,2649.929931640625,11244.169921875,7050.2001953125,21507.5390625
2018-11-22,,11138.490234375,6960.2998046875,21646.55078125
2018-11-23,2632.56005859375,11192.6904296875,6952.89990234375,
2018-11-26,2673.449951171875,11354.7197265625,7036.0,21812.0
2018-11-27,2682.169921875,11309.1103515625,7016.89990234375,21952.400390625
2018-11-28,2743.7900390625,11298.8798828125,7004.5,22177.01953125
2018-11-29,2737.800048828125,11298.23046875,7039.0,22262.599609375
2018-11-30,2760.169921875,11257.240234375,6980.2001953125,22351.060546875
2018-12-03,2790.3701171875,11465.4599609375,7062.39990234375,22574.759765625
2018-12-04,2700.06005859375,11335.3203125,7022.7998046875,22036.05078125
2018-12-05,,11200.240234375,6921.7998046875,21919.330078125
2018-12-06,2695.949951171875,10810.98046875,6704.10009765625,21501.619140625
2018-12-07,2633.080078125,10788.08984375,6778.10009765625,21678.6796875
2018-12-10,2637.719970703125,10622.0703125,6721.5,21219.5
2018-12-11,2636.780029296875,10780.509765625,6806.89990234375,21148.01953125
2018-12-12,2651.070068359375,10929.4296875,6880.2001953125,21602.75
2018-12-13,2650.5400390625,10924.7001953125,6877.5,21816.189453125
2018-12-14,2599.949951171875,10865.76953125,6845.2001953125,21374.830078125
2018-12-17,2545.93994140625,10772.2001953125,6773.2001953125,21506.880859375
2018-12-18,2546.159912109375,10740.8896484375,6701.60009765625,21115.44921875
2018-12-19,2506.9599609375,10766.2099609375,6765.89990234375,20987.919921875
2018-12-20,2467.419921875,10611.099609375,6711.89990234375,20392.580078125
2018-12-21,2416.6201171875,10633.8203125,6721.2001953125,20166.189453125
2018-12-24,2351.10009765625,,6686.0,
2018-12-25,,,,19155.740234375
2018-12-26,2467.699951171875,,,19327.060546875
2018-12-27,2488.830078125,10381.509765625,6584.7001953125,20077.619140625
2018-12-28,2485.739990234375,10558.9599609375,6734.0,20014.76953125
2018-12-31,2506.85009765625,,6728.10009765625,
2019-01-02,2510.030029296875,10580.1904296875,6734.2001953125,
2019-01-03,2447.889892578125,10416.66015625,6692.7001953125,
2019-01-04,2531.93994140625,10767.6904296875,6837.39990234375,19561.9609375
2019-01-07,2549.68994140625,10747.8095703125,6810.89990234375,20038.970703125
2019-01-08,2574.409912109375,10803.98046875,6861.60009765625,20204.0390625
2019-01-09,2584.9599609375,10893.3203125,6906.60009765625,20427.060546875
2019-01-10,2596.639892578125,10921.58984375,6942.89990234375,20163.80078125
2019-01-11,2596.260009765625,10887.4599609375,6918.2001953125,20359.69921875
2019-01-14,2582.610107421875,10855.91015625,6855.0,
2019-01-15,2610.300048828125,10891.7900390625,6895.0,20555.2890625
2019-01-16,2616.10009765625,10931.240234375,6862.7001953125,20442.75
2019-01-17,2635.9599609375,10918.6201171875,6834.89990234375,20402.26953125
2019-01-18,2670.7099609375,11205.5400390625,6968.2998046875,20666.0703125
2019-01-21,,11136.2001953125,6970.60009765625,20719.330078125
2019-01-22,2632.89990234375,11090.1103515625,6901.39990234375,20622.91015625
2019-01-23,2638.699951171875,11071.5400390625,6842.89990234375,20593.720703125
2019-01-24,2642.330078125,11130.1796875,6819.0,20574.630859375
2019-01-25,2664.760009765625,11281.7900390625,6809.2001953125,20773.560546875
2019-01-28,2643.85009765625,11210.3095703125,6747.10009765625,20649.0
2019-01-29,2640.0,11218.830078125,6833.89990234375,20664.640625
2019-01-30,2681.050048828125,11181.66015625,6941.60009765625,20556.5390625
2019-01-31,2704.10009765625,11173.099609375,6968.89990234375,20773.490234375
2019-02-01,2706.530029296875,11180.66015625,7020.2001953125,20788.390625
2019-02-04,2724.8701171875,11176.580078125,7034.10009765625,20883.76953125
2019-02-05,2737.699951171875,11367.98046875,7177.39990234375,20844.44921875
2019-02-06,2731.610107421875,11324.7197265625,7173.10009765625,20874.060546875
2019-02-07,2706.050048828125,11022.01953125,7093.60009765625,20751.279296875
2019-02-08,2707.8798828125,10906.7802734375,7071.2001953125,20333.169921875
2019-02-11,2709.800048828125,11014.58984375,7129.10009765625,
2019-02-12,2744.72998046875,11126.080078125,7133.10009765625,20864.2109375
2019-02-13,2753.030029296875,11167.2197265625,7190.7998046875,21144.48046875
2019-02-14,2745.72998046875,11089.7900390625,7197.0,21139.7109375
2019-02-15,2775.60009765625,11299.7998046875,7236.7001953125,20900.630859375
2019-02-18,,11299.2001953125,7219.5,21281.849609375
2019-02-19,2779.760009765625,11309.2099609375,7179.2001953125,21302.650390625
2019-02-20,2784.699951171875,11401.9697265625,7228.60009765625,21431.490234375
2019-02-21,2774.8798828125,11423.2802734375,7167.39990234375,21464.23046875
2019-02-22,2792.669921875,11457.7001953125,7178.60009765625,21425.509765625
2019-02-25,2796.110107421875,11505.3896484375,7183.7001953125,21528.23046875
2019-02-26,2793.89990234375,11540.7900390625,7151.10009765625,21449.390625
2019-02-27,2792.3798828125,11487.330078125,7107.2001953125,21556.509765625
2019-02-28,2784.489990234375,11515.6396484375,7074.7001953125,21385.16015625
2019-03-01,2803.68994140625,11601.6796875,7106.7001953125,21602.689453125
2019-03-04,2792.81005859375,11592.66015625,7134.39990234375,21822.0390625
2019-03-05,2789.64990234375,11620.740234375,7183.39990234375,21726.279296875
2019-03-06,2771.449951171875,11587.6298828125,7196.0,21596.810546875
2019-03-07,2748.929931640625,11517.7998046875,7157.60009765625,21456.009765625
2019-03-08,2743.070068359375,11457.83984375,7104.2998046875,21025.560546875
2019-03-11,2783.300048828125,11543.48046875,7130.60009765625,21125.08984375
2019-03-12,2791.52001953125,11524.169921875,7151.2001953125,21503.689453125
2019-03-13,2810.919921875,11572.41015625,7159.2001953125,21290.240234375
2019-03-14,2808.47998046875,11587.4697265625,7185.39990234375,21287.01953125
2019-03-15,2822.47998046875,11685.6904296875,7228.2998046875,21450.849609375
2019-03-18,2832.93994140625,11657.0595703125,7299.2001953125,21584.5
2019-03-19,2832.570068359375,11788.41015625,7324.0,21566.849609375
2019-03-20,2824.22998046875,11603.8896484375,7291.0,21608.919921875
2019-03-21,2854.8798828125,11549.9599609375,7355.2998046875,
2019-03-22,2800.7099609375,11364.169921875,7207.60009765625,21627.33984375
2019-03-25,2798.360107421875,11346.650390625,7177.60009765625,20977.109375
2019-03-26,2818.4599609375,11419.48046875,7196.2998046875,21428.390625
2019-03-27,2805.3701171875,11419.0400390625,7194.2001953125,21378.73046875
2019-03-28,2815.43994140625,11428.16015625,7234.2998046875,21033.759765625
2019-03-29,2834.39990234375,11526.0400390625,7279.2001953125,21205.810546875
2019-04-01,2867.18994140625,11681.990234375,7317.39990234375,21509.029296875
2019-04-02,2867.239990234375,11754.7900390625,7391.10009765625,21505.310546875
2019-04-03,2873.39990234375,11954.400390625,7418.2998046875,21713.2109375
2019-04-04,2879.389892578125,11988.009765625,7401.89990234375,21724.94921875
2019-04-05,2892.739990234375,12009.75,7446.89990234375,21807.5
2019-04-08,2895.77001953125,11963.400390625,7451.89990234375,21761.650390625
2019-04-09,2878.199951171875,11850.5703125,7425.60009765625,21802.58984375
2019-04-10,2888.2099609375,11905.91015625,7421.89990234375,21687.5703125
2019-04-11,2888.320068359375,11935.2001953125,7418.0,21711.380859375
2019-04-12,2907.409912109375,11999.9296875,7437.10009765625,21870.560546875
2019-04-15,2905.580078125,12020.2802734375,7436.89990234375,22169.109375
2019-04-16,2907.06005859375,12101.3203125,7469.89990234375,22221.66015625
2019-04-17,2900.449951171875,12153.0703125,7471.2998046875,22277.970703125
2019-04-18,2905.030029296875,12222.3896484375,7459.89990234375,22090.119140625
2019-04-19,,,,22200.560546875
2019-04-22,2907.969970703125,,,22217.900390625
2019-04-23,2933.679931640625,12235.509765625,7523.10009765625,22259.740234375
2019-04-24,2927.25,12313.16015625,7471.7998046875,22200.0
2019-04-25,2926.169921875,12282.599609375,7434.10009765625,22307.580078125
2019-04-26,2939.8798828125,12315.1796875,7428.2001953125,22258.73046875
2019-04-29,2943.030029296875,12328.01953125,7440.7001953125,
2019-04-30,2945.830078125,12344.080078125,7418.2001953125,
2019-05-01,2923.72998046875,,7385.2998046875,
2019-05-02,2917.52001953125,12345.419921875,7351.2998046875,
2019-05-03,2945.639892578125,12412.75,7380.60009765625,
2019-05-06,2932.469970703125,12286.8798828125,,
2019-05-07,2884.050048828125,12092.740234375,7260.5,21923.720703125
2019-05-08,2879.419921875,12179.9296875,7271.0,21602.58984375
2019-05-09,2870.719970703125,11973.919921875,7207.39990234375,21402.130859375
2019-05-10,2881.39990234375,12059.830078125,7203.2998046875,21344.919921875
2019-05-13,2811.8701171875,11876.650390625,7163.7001953125,21191.279296875
2019-05-14,2834.409912109375,11991.6201171875,7241.60009765625,21067.23046875
2019-05-15,2850.9599609375,12099.5703125,7297.0,21188.560546875
2019-05-16,2876.320068359375,12310.3701171875,7353.5,21062.98046875
2019-05-17,2859.530029296875,12238.9404296875,7348.60009765625,21250.08984375
2019-05-20,2840.22998046875,12041.2900390625,7310.89990234375,21301.73046875
2019-05-21,2864.360107421875,12143.4697265625,7328.89990234375,21272.44921875
2019-05-22,2856.27001953125,12168.740234375,7334.2001953125,21283.369140625
2019-05-23,2822.239990234375,11952.41015625,7231.0,21151.140625
2019-05-24,2826.06005859375,12011.0400390625,7277.7001953125,21117.220703125
2019-05-27,,12071.1796875,,21182.580078125
2019-05-28,2802.389892578125,12027.0498046875,7269.0,21260.140625
2019-05-29,2783.02001953125,11837.8095703125,7185.2998046875,21003.369140625
2019-05-30,2788.860107421875,11902.080078125,7218.2001953125,20942.529296875
2019-05-31,2752.06005859375,11726.83984375,7161.7001953125,20601.189453125
2019-06-03,2744.449951171875,11792.8095703125,7184.7998046875,20410.880859375
2019-06-04,2803.27001953125,11971.169921875,7214.2998046875,20408.5390625
2019-06-05,2826.14990234375,11980.8095703125,7220.2001953125,20776.099609375
2019-06-06,2843.489990234375,11953.1396484375,7259.89990234375,20774.0390625
2019-06-07,2873.340087890625,12045.3798828125,7331.89990234375,20884.7109375
2019-06-10,2886.72998046875,,7375.5,21134.419921875
2019-06-11,2885.719970703125,12155.8095703125,7398.5,21204.279296875
2019-06-12,2879.840087890625,12115.6796875,7367.60009765625,21129.720703125
2019-06-13,2891.639892578125,12169.0498046875,7368.60009765625,21032.0
2019-06-14,2886.97998046875,12096.400390625,7345.7998046875,21116.890625
2019-06-17,2889.669921875,12085.8203125,7357.2998046875,21124.0
2019-06-18,2917.75,12331.75,7443.0,20972.7109375
2019-06-19,2926.4599609375,12308.5302734375,7403.5,21333.869140625
2019-06-20,2954.179931640625,12355.3896484375,7424.39990234375,21462.859375
2019-06-21,2950.4599609375,12339.919921875,7407.5,21258.640625
2019-06-24,2945.35009765625,12274.5703125,7416.7001953125,21285.990234375
2019-06-25,2917.3798828125,12228.4404296875,7422.39990234375,21193.810546875
2019-06-26,2913.780029296875,12245.3203125,7416.39990234375,21086.58984375
2019-06-27,2924.919921875,12271.0302734375,7402.2998046875,21338.169921875
2019-06-28,2941.760009765625,12398.7998046875,7425.60009765625,21275.919921875
2019-07-01,2964.330078125,12521.3798828125,7497.5,21729.970703125
2019-07-02,2973.010009765625,12526.7197265625,7559.2001953125,21754.26953125
2019-07-03,2995.820068359375,12616.240234375,7609.2998046875,21638.16015625
2019-07-04,,12629.900390625,7603.60009765625,21702.44921875
2019-07-05,2990.409912109375,12568.5302734375,7553.10009765625,21746.380859375
2019-07-08,2975.949951171875,12543.509765625,7549.2998046875,21534.349609375
2019-07-09,2979.6298828125,12436.5498046875,7536.5,21565.150390625
2019-07-10,2993.070068359375,12373.41015625,7530.7001953125,21533.48046875
2019-07-11,2999.909912109375,12332.1201171875,7509.7998046875,21643.529296875
2019-07-12,3013.77001953125,12323.3203125,7506.0,21685.900390625
2019-07-15,3014.300048828125,12387.33984375,7531.7001953125,
2019-07-16,3004.0400390625,12430.9697265625,7577.2001953125,21535.25
2019-07-17,2984.419921875,12341.0302734375,7535.5,21469.1796875
2019-07-18,2995.110107421875,12227.849609375,7493.10009765625,21046.240234375
2019-07-19,2976.610107421875,12260.0703125,7508.7001953125,21466.990234375
2019-07-22,2985.030029296875,12289.400390625,7514.89990234375,21416.7890625
2019-07-23,3005.469970703125,12490.740234375,7556.89990234375,21620.880859375
2019-07-24,3019.56005859375,12522.8896484375,7501.5,21709.5703125
2019-07-25,3003.669921875,12362.099609375,7489.10009765625,21756.55078125
2019-07-26,3025.860107421875,12419.900390625,7549.10009765625,21658.150390625
2019-07-29,3020.969970703125,12417.4697265625,7686.60009765625,21616.80078125
2019-07-30,3013.179931640625,12147.240234375,7646.7998046875,21709.310546875
2019-07-31,2980.3798828125,12189.0400390625,7586.7998046875,21521.529296875
2019-08-01,2953.56005859375,12253.150390625,7584.89990234375,21540.990234375
2019-08-02,2932.050048828125,11872.4404296875,7407.10009765625,21087.16015625
2019-08-05,2844.739990234375,11658.509765625,7223.89990234375,20720.2890625
2019-08-06,2881.77001953125,11567.9599609375,7171.7001953125,20585.310546875
2019-08-07,2883.97998046875,11650.150390625,7198.7001953125,20516.560546875
2019-08-08,2938.090087890625,11845.41015625,7285.89990234375,20593.349609375
2019-08-09,2918.64990234375,11693.7998046875,7253.89990234375,20684.8203125
2019-08-12,2882.699951171875,11679.6796875,7226.7001953125,
2019-08-13,2926.320068359375,11750.1298828125,7250.89990234375,20455.439453125
2019-08-14,2840.60009765625,11492.66015625,7147.89990234375,20655.130859375
2019-08-15,2847.60009765625,11412.669921875,7067.0,20405.650390625
2019-08-16,2888.679931640625,11562.740234375,7117.2001953125,20418.810546875
2019-08-19,2923.64990234375,11715.3701171875,7189.7001953125,20563.16015625
2019-08-20,2900.510009765625,11651.1796875,7125.0,20677.220703125
2019-08-21,2924.429931640625,11802.849609375,7204.0,20618.5703125
2019-08-22,2922.949951171875,11747.0400390625,7128.2001953125,20628.009765625
2019-08-23,2847.110107421875,11611.509765625,7095.0,20710.91015625
2019-08-26,2878.3798828125,11658.0400390625,,20261.0390625
2019-08-27,2869.159912109375,11730.01953125,7089.60009765625,20456.080078125
2019-08-28,2887.93994140625,11701.01953125,7114.7001953125,20479.419921875
2019-08-29,2924.580078125,11838.8798828125,7184.2998046875,20460.9296875
2019-08-30,2926.4599609375,11939.2802734375,7207.2001953125,20704.369140625
2019-09-02,,11953.7802734375,7281.89990234375,20620.189453125
2019-09-03,2906.27001953125,11910.8603515625,7268.2001953125,20625.16015625
2019-09-04,2937.780029296875,12025.0400390625,7311.2998046875,20649.140625
2019-09-05,2976.0,12126.7802734375,7271.2001953125,21085.939453125
2019-09-06,2978.7099609375,12191.73046875,7282.2998046875,21199.5703125
2019-09-09,2978.429931640625,12226.099609375,7235.7998046875,21318.419921875
2019-09-10,2979.389892578125,12268.7099609375,7268.0,21392.099609375
2019-09-11,3000.929931640625,12359.0703125,7338.0,21597.759765625
2019-09-12,3009.570068359375,12410.25,7344.7001953125,21759.609375
2019-09-13,3007.389892578125,12468.5302734375,7367.5,21988.2890625
2019-09-16,2997.9599609375,12380.3095703125,7321.39990234375,
2019-09-17,3005.699951171875,12372.6103515625,7320.39990234375,22001.3203125
2019-09-18,3006.72998046875,12389.6201171875,7314.10009765625,21960.7109375
2019-09-19,3006.7900390625,12457.7001953125,7356.39990234375,22044.44921875
2019-09-20,2992.070068359375,12468.009765625,7344.89990234375,22079.08984375
2019-09-23,2991.780029296875,12342.330078125,7326.10009765625,
2019-09-24,2966.60009765625,12307.150390625,7291.39990234375,22098.83984375
2019-09-25,2984.8701171875,12234.1796875,7290.0,22020.150390625
2019-09-26,2977.6201171875,12288.5400390625,7351.10009765625,22048.240234375
2019-09-27,2961.7900390625,12380.9404296875,7426.2001953125,21878.900390625
2019-09-30,2976.739990234375,12428.080078125,7408.2001953125,21755.83984375
2019-10-01,2940.25,12263.830078125,7360.2998046875,21885.240234375
2019-10-02,2887.610107421875,11925.25,7122.5,21778.609375
2019-10-03,2910.6298828125,,7077.60009765625,21341.740234375
2019-10-04,2952.010009765625,12012.8095703125,7155.39990234375,21410.19921875
2019-10-07,2938.7900390625,12097.4296875,7197.89990234375,21375.25
2019-10-08,2893.06005859375,11970.2001953125,7143.2001953125,21587.779296875
2019-10-09,2919.39990234375,12094.259765625,7166.5,21456.380859375
2019-10-10,2938.1298828125,12164.2001953125,7186.39990234375,21551.98046875
2019-10-11,2970.27001953125,12511.650390625,7247.10009765625,21798.869140625
2019-10-14,2966.14990234375,12486.5595703125,7213.5,
2019-10-15,2995.679931640625,12629.7900390625,7211.60009765625,22207.2109375
2019-10-16,2989.68994140625,12670.1103515625,7168.0,22472.919921875
2019-10-17,2997.949951171875,12654.9501953125,7182.2998046875,22451.859375
2019-10-18,2986.199951171875,12633.599609375,7150.60009765625,22492.6796875
2019-10-21,3006.719970703125,12747.9599609375,7163.60009765625,22548.900390625
2019-10-22,2995.989990234375,12754.6904296875,7212.5,
2019-10-23,3004.52001953125,12798.1904296875,7260.7001953125,22625.380859375
2019-10-24,3010.2900390625,12872.099609375,7328.2998046875,22750.599609375
2019-10-25,3022.550048828125,12894.509765625,7324.5,22799.810546875
2019-10-28,3039.419921875,12941.7099609375,7331.2998046875,22867.26953125
2019-10-29,3036.889892578125,12939.6201171875,7306.2998046875,22974.130859375
2019-10-30,3046.77001953125,12910.23046875,7330.7998046875,22843.119140625
2019-10-31,3037.56005859375,12866.7900390625,7248.39990234375,22927.0390625
2019-11-01,3066.909912109375,12961.0498046875,7302.39990234375,22850.76953125
2019-11-04,3078.27001953125,13136.2802734375,7369.7001953125,
2019-11-05,3074.6201171875,13148.5,7388.10009765625,23251.990234375
2019-11-06,3076.780029296875,13179.8896484375,7396.7001953125,23303.8203125
2019-11-07,3085.179931640625,13289.4599609375,7406.39990234375,23330.3203125
2019-11-08,3093.080078125,13228.5595703125,7359.39990234375,23391.869140625
2019-11-11,3087.010009765625,13198.3701171875,7328.5,23331.83984375
2019-11-12,3091.840087890625,13283.509765625,7365.39990234375,23520.009765625
2019-11-13,3094.0400390625,13230.0703125,7351.2001953125,23319.869140625
2019-11-14,3096.6298828125,13180.23046875,7292.7998046875,23141.55078125
2019-11-15,3120.4599609375,13241.75,7302.89990234375,23303.3203125
2019-11-18,3122.030029296875,13207.009765625,7307.7001953125,23416.759765625
2019-11-19,3120.179931640625,13221.1201171875,7323.7998046875,23292.650390625
2019-11-20,3108.4599609375,13158.1396484375,7262.5,23148.5703125
2019-11-21,3103.5400390625,13137.7001953125,7238.60009765625,23038.580078125
2019-11-22,3110.2900390625,13163.8798828125,7326.7998046875,23112.880859375
2019-11-25,3133.639892578125,13246.4501953125,7396.2998046875,23292.810546875
2019-11-26,3140.52001953125,13236.419921875,7403.10009765625,23373.3203125
2019-11-27,3153.6298828125,13287.0703125,7429.7998046875,23437.76953125
2019-11-28,,13245.580078125,7416.39990234375,23409.140625
2019-11-29,3140.97998046875,13236.3798828125,7346.5,23293.91015625
2019-12-02,3113.8701171875,12964.6796875,7285.89990234375,23529.5
2019-12-03,3093.199951171875,12989.2900390625,7158.7998046875,23379.810546875
2019-12-04,3112.760009765625,13140.5703125,7188.5,23135.23046875
2019-12-05,3117.429931640625,13054.7998046875,7137.89990234375,23300.08984375
2019-12-06,3145.909912109375,13166.580078125,7239.7001953125,23354.400390625
2019-12-09,3135.9599609375,13105.6103515625,7233.89990234375,23430.69921875
2019-12-10,3132.52001953125,13070.7197265625,7213.7998046875,23410.189453125
2019-12-11,3141.6298828125,13146.740234375,7216.2998046875,23391.859375
2019-12-12,3168.570068359375,13221.6396484375,7273.5,23424.810546875
2019-12-13,3168.800048828125,13282.7197265625,7353.39990234375,24023.099609375
2019-12-16,3191.449951171875,13407.66015625,7519.10009765625,23952.349609375
2019-12-17,3192.52001953125,13287.830078125,7525.2998046875,24066.119140625
2019-12-18,3191.139892578125,13222.16015625,7540.7998046875,23934.4296875
2019-12-19,3205.3701171875,13211.9599609375,7573.7998046875,23864.849609375
2019-12-20,3221.219970703125,13318.900390625,7582.5,23816.630859375
2019-12-23,3224.010009765625,13300.98046875,7623.60009765625,23821.109375
2019-12-24,3223.3798828125,,7632.2001953125,23830.580078125
2019-12-25,,,,23782.869140625
2019-12-26,3239.909912109375,,,23924.919921875
2019-12-27,3240.02001953125,13337.1103515625,7644.89990234375,23837.720703125
2019-12-30,3221.2900390625,13249.009765625,7587.10009765625,23656.619140625
2019-12-31,3230.780029296875,,7542.39990234375,
2020-01-02,3257.85009765625,13385.9296875,7604.2998046875,
2020-01-03,3234.85009765625,13219.1396484375,7622.39990234375,
2020-01-06,3246.280029296875,13126.990234375,7575.2998046875,23204.859375
2020-01-07,3237.179931640625,13226.830078125,7573.89990234375,23575.720703125
2020-01-08,3253.050048828125,13320.1796875,7574.89990234375,23204.759765625
2020-01-09,3274.699951171875,13495.0595703125,7598.10009765625,23739.869140625
2020-01-10,3265.35009765625,13483.3095703125,7587.89990234375,23850.5703125
2020-01-13,3288.1298828125,13451.51953125,7617.60009765625,
2020-01-14,3283.14990234375,13456.490234375,7622.39990234375,24025.169921875
2020-01-15,3289.2900390625,13432.2998046875,7642.7998046875,23916.580078125
2020-01-16,3316.81005859375,13429.4296875,7609.7998046875,23933.130859375
2020-01-17,3329.6201171875,13526.1298828125,7674.60009765625,24041.259765625
2020-01-20,,13548.9404296875,7651.39990234375,24083.509765625
2020-01-21,3320.7900390625,13555.8701171875,7610.7001953125,23864.560546875
2020-01-22,3321.75,13515.75,7571.89990234375,24031.349609375
2020-01-23,3325.5400390625,13388.419921875,7507.7001953125,23795.439453125
2020-01-24,3295.469970703125,13576.6796875,7586.0,23827.1796875
2020-01-27,3243.6298828125,13204.76953125,7412.10009765625,23343.509765625
2020-01-28,3276.239990234375,13323.6904296875,7480.7001953125,23215.7109375
2020-01-29,3273.39990234375,13345.0,7483.60009765625,23379.400390625
2020-01-30,3283.659912109375,13157.1201171875,7382.0,22977.75
2020-01-31,3225.52001953125,12981.9697265625,7286.0,23205.1796875
2020-02-03,3248.919921875,13045.1904296875,7326.2998046875,22971.939453125
2020-02-04,3297.590087890625,13281.740234375,7439.7998046875,23084.58984375
2020-02-05,3334.68994140625,13478.330078125,7482.5,23319.560546875
2020-02-06,3345.780029296875,13574.8203125,7504.7998046875,23873.58984375
2020-02-07,3327.7099609375,13513.8095703125,7466.7001953125,23827.98046875
2020-02-10,3352.090087890625,13494.0302734375,7446.89990234375,23685.98046875
2020-02-11,3357.75,13627.83984375,7499.39990234375,
2020-02-12,3379.449951171875,13749.7802734375,7534.39990234375,23861.2109375
2020-02-13,3373.93994140625,13745.4296875,7452.0,23827.73046875
2020-02-14,3380.159912109375,13744.2099609375,7409.10009765625,23687.58984375
2020-02-17,,13783.8896484375,7433.2998046875,23523.240234375
2020-02-18,3370.2900390625,13681.1904296875,7382.0,23193.80078125
2020-02-19,3386.14990234375,13789.0,7457.0,23400.69921875
2020-02-20,3373.22998046875,13664.0,7436.60009765625,23479.150390625
2020-02-21,3337.75,13579.330078125,7403.89990234375,23386.740234375
2020-02-24,3225.889892578125,13035.240234375,7156.7998046875,
2020-02-25,3128.2099609375,12790.490234375,7017.89990234375,22605.41015625
2020-02-26,3116.389892578125,12774.8798828125,7042.5,22426.189453125
2020-02-27,2978.760009765625,12367.4599609375,6796.39990234375,21948.23046875
2020-02-28,2954.219970703125,11890.349609375,6580.60009765625,21142.9609375
2020-03-02,3090.22998046875,11857.8701171875,6654.89990234375,21344.080078125
2020-03-03,3003.3701171875,11985.3896484375,6718.2001953125,21082.73046875
2020-03-04,3130.1201171875,12127.6904296875,6815.60009765625,21100.060546875
2020-03-05,3023.93994140625,11944.7197265625,6705.39990234375,21329.119140625
2020-03-06,2972.3701171875,11541.8701171875,6462.60009765625,20749.75
2020-03-09,2746.56005859375,10625.01953125,5965.7998046875,19698.759765625
2020-03-10,2882.22998046875,10475.490234375,5960.2001953125,19867.119140625
2020-03-11,2741.3798828125,10438.6796875,5876.5,19416.060546875
2020-03-12,2480.639892578125,9161.1298828125,5237.5,18559.630859375
2020-03-13,2711.02001953125,9232.080078125,5366.10009765625,17431.05078125
2020-03-16,2386.1298828125,8742.25,5151.10009765625,17002.0390625
2020-03-17,2529.18994140625,8939.099609375,5294.89990234375,17011.529296875
2020-03-18,2398.10009765625,8441.7099609375,5080.60009765625,16726.55078125
2020-03-19,2409.389892578125,8610.4296875,5151.60009765625,16552.830078125
2020-03-20,2304.919921875,8928.9501953125,5190.7998046875,
2020-03-23,2237.39990234375,8741.150390625,4993.89990234375,16887.779296875
2020-03-24,2447.330078125,9700.5703125,5446.0,18092.349609375
2020-03-25,2475.56005859375,9874.259765625,5688.2001953125,19546.630859375
2020-03-26,2630.070068359375,10000.9599609375,5815.7001953125,18664.599609375
2020-03-27,2541.469970703125,9632.51953125,5510.2998046875,19389.4296875
2020-03-30,2626.64990234375,9815.9697265625,5563.7001953125,19084.970703125
2020-03-31,2584.590087890625,9935.83984375,5672.0,18917.009765625
2020-04-01,2470.5,9544.75,5454.60009765625,18065.41015625
2020-04-02,2526.89990234375,9570.8203125,5480.2001953125,17818.720703125
2020-04-03,2488.64990234375,9525.76953125,5415.5,17820.189453125
2020-04-06,2663.679931640625,10075.169921875,5582.39990234375,18576.30078125
2020-04-07,2659.409912109375,10356.7001953125,5704.5,18950.1796875
2020-04-08,2749.97998046875,10332.8896484375,5677.7001953125,19353.240234375
2020-04-09,2789.820068359375,10564.740234375,5842.7001953125,19345.76953125
2020-04-10,,,,19498.5
2020-04-13,2761.6298828125,,,19043.400390625
2020-04-14,2846.06005859375,10696.5595703125,5791.2998046875,19638.810546875
2020-04-15,2783.360107421875,10279.759765625,5597.7001953125,19550.08984375
2020-04-16,2799.550048828125,10301.5400390625,5628.39990234375,19290.19921875
2020-04-17,2874.56005859375,10625.7802734375,5787.0,19897.259765625
2020-04-20,2823.159912109375,10675.900390625,5812.7998046875,19669.119140625
2020-04-21,2736.56005859375,10249.849609375,5641.0,19280.779296875
2020-04-22,2799.31005859375,10415.0302734375,5770.60009765625,19137.94921875
2020-04-23,2797.800048828125,10513.7900390625,5826.60009765625,19429.439453125
2020-04-24,2836.739990234375,10336.08984375,5752.2001953125,19262.0
2020-04-27,2878.47998046875,10659.990234375,5846.7998046875,19783.220703125
2020-04-28,2863.389892578125,10795.6298828125,5958.5,19771.189453125
2020-04-29,2939.510009765625,11107.740234375,6115.2998046875,
2020-04-30,2912.429931640625,10861.6396484375,5901.2001953125,20193.689453125
2020-05-01,2830.7099609375,,5763.10009765625,19619.349609375
2020-05-04,2842.739990234375,10466.7998046875,5753.7998046875,
2020-05-05,2868.43994140625,10729.4599609375,5849.39990234375,
2020-05-06,2848.419921875,10606.2001953125,5853.7998046875,
2020-05-07,2881.18994140625,10759.26953125,5936.0,19674.76953125
2020-05-08,2929.800048828125,10904.48046875,,20179.08984375
2020-05-11,2930.18994140625,10824.990234375,5939.7001953125,20390.66015625
2020-05-12,2870.1201171875,10819.5,5994.7998046875,20366.48046875
2020-05-13,2820.0,10542.66015625,5904.10009765625,20267.05078125
2020-05-14,2852.5,10337.01953125,5741.5,19914.779296875
2020-05-15,2863.699951171875,10465.169921875,5799.7998046875,20037.470703125
2020-05-18,2953.909912109375,11058.8701171875,6048.60009765625,20133.73046875
2020-05-19,2922.93994140625,11075.2900390625,6002.2001953125,20433.44921875
2020-05-20,2971.610107421875,11223.7099609375,6067.2001953125,20595.150390625
2020-05-21,2948.510009765625,11065.9296875,6015.2998046875,20552.310546875
2020-05-22,2955.449951171875,11073.8701171875,5993.2998046875,20388.16015625
2020-05-25,,11391.2802734375,,20741.650390625
2020-05-26,2991.77001953125,11504.650390625,6067.7998046875,21271.169921875
2020-05-27,3036.1298828125,11657.6904296875,6144.2998046875,21419.23046875
2020-05-28,3029.72998046875,11781.1298828125,6218.7998046875,21916.310546875
2020-05-29,3044.31005859375,11586.849609375,6076.60009765625,21877.890625
2020-06-01,3055.72998046875,,6166.39990234375,22062.390625
2020-06-02,3080.820068359375,12021.2802734375,6220.10009765625,22325.609375
2020-06-03,3122.8701171875,12487.3603515625,6382.39990234375,22613.759765625
2020-06-04,3112.35009765625,12430.5595703125,6341.39990234375,22695.740234375
2020-06-05,3193.929931640625,12847.6796875,6484.2998046875,22863.73046875
2020-06-08,3232.389892578125,12819.58984375,6472.60009765625,23178.099609375
2020-06-09,3207.179931640625,12617.990234375,6335.7001953125,23091.029296875
2020-06-10,3190.139892578125,12530.16015625,6329.10009765625,23124.94921875
2020-06-11,3002.10009765625,11970.2900390625,6076.7001953125,22472.91015625
2020-06-12,3041.31005859375,11949.2802734375,6105.2001953125,22305.48046875
2020-06-15,3066.590087890625,11911.349609375,6064.7001953125,21530.94921875
2020-06-16,3124.739990234375,12315.66015625,6242.7998046875,22582.2109375
2020-06-17,3113.489990234375,12382.1396484375,6253.2998046875,22455.759765625
2020-06-18,3115.340087890625,12281.5302734375,6224.10009765625,22355.4609375
2020-06-19,3097.739990234375,12330.759765625,6292.60009765625,22478.7890625
2020-06-22,3117.860107421875,12262.9697265625,6244.60009765625,22437.26953125
2020-06-23,3131.2900390625,12523.759765625,6320.10009765625,22549.05078125
2020-06-24,3050.330078125,12093.9404296875,6123.7001953125,22534.3203125
2020-06-25,3083.760009765625,12177.8701171875,6147.10009765625,22259.7890625
2020-06-26,3009.050048828125,12089.3896484375,6159.2998046875,22512.080078125
2020-06-29,3053.239990234375,12232.1201171875,6225.7998046875,21995.0390625
2020-06-30,3100.2900390625,12310.9296875,6169.7001953125,22288.140625
2020-07-01,3115.860107421875,12260.5703125,6158.0,22121.73046875
2020-07-02,3130.010009765625,12608.4599609375,6240.39990234375,22145.9609375
2020-07-03,,12528.1796875,6157.2998046875,22306.48046875
2020-07-06,3179.719970703125,12733.4501953125,6285.89990234375,22714.439453125
2020-07-07,3145.320068359375,12616.7998046875,6189.89990234375,22614.689453125
2020-07-08,3169.93994140625,12494.8095703125,6156.2001953125,22438.650390625
2020-07-09,3152.050048828125,12489.4599609375,6049.60009765625,22529.2890625
2020-07-10,3185.0400390625,12633.7099609375,6095.39990234375,22290.810546875
2020-07-13,3155.219970703125,12799.9697265625,6176.2001953125,22784.740234375
2020-07-14,3197.52001953125,12697.3603515625,6179.7998046875,22587.009765625
2020-07-15,3226.56005859375,12930.98046875,6292.7001953125,22945.5
2020-07-16,3215.570068359375,12874.9697265625,6250.7001953125,22770.359375
2020-07-17,3224.72998046875,12919.6103515625,6290.2998046875,22696.419921875
2020-07-20,3251.840087890625,13046.919921875,6261.5,22717.48046875
2020-07-21,3257.300048828125,13171.830078125,6269.7001953125,22884.220703125
2020-07-22,3276.02001953125,13104.25,6207.10009765625,22751.609375
2020-07-23,3235.659912109375,13103.3896484375,6211.39990234375,
2020-07-24,3215.6298828125,12838.0595703125,6123.7998046875,
2020-07-27,3239.409912109375,12838.66015625,6104.89990234375,22715.849609375
2020-07-28,3218.43994140625,12835.2802734375,6129.2998046875,22657.380859375
2020-07-29,3258.43994140625,12822.259765625,6131.5,22397.109375
2020-07-30,3246.219970703125,12379.650390625,5990.0,22339.23046875
2020-07-31,3271.1201171875,12313.3603515625,5897.7998046875,21710.0
2020-08-03,3294.610107421875,12646.98046875,6032.89990234375,22195.380859375
2020-08-04,3306.510009765625,12600.8701171875,6036.0,22573.66015625
2020-08-05,3327.77001953125,12660.25,6104.7001953125,22514.849609375
2020-08-06,3349.159912109375,12591.6796875,6026.89990234375,22418.150390625
2020-08-07,3351.280029296875,12674.8798828125,6032.2001953125,22329.939453125
2020-08-10,3360.469970703125,12687.5302734375,6050.60009765625,
2020-08-11,3333.68994140625,12946.8896484375,6154.2998046875,22750.240234375
2020-08-12,3380.35009765625,13058.6298828125,6280.10009765625,22843.9609375
2020-08-13,3373.429931640625,12993.7099609375,6185.60009765625,23249.609375
2020-08-14,3372.85009765625,12901.33984375,6090.0,23289.359375
2020-08-17,3381.989990234375,12920.66015625,6127.39990234375,23096.75
2020-08-18,3389.780029296875,12881.759765625,6076.60009765625,23051.080078125
2020-08-19,3374.85009765625,12977.330078125,6112.0,23110.609375
2020-08-20,3385.510009765625,12830.0,6013.2998046875,22880.619140625
2020-08-21,3397.159912109375,12764.7998046875,6001.89990234375,22920.30078125
2020-08-24,3431.280029296875,13066.5400390625,6104.7001953125,22985.509765625
2020-08-25,3443.6201171875,13061.6201171875,6037.0,23296.76953125
2020-08-26,3478.72998046875,13190.150390625,6045.60009765625,23290.859375
2020-08-27,3484.550048828125,13096.3603515625,6000.0,23208.859375
2020-08-28,3508.010009765625,13033.2001953125,5963.60009765625,22882.650390625
2020-08-31,3500.31005859375,12945.3798828125,,23139.759765625
2020-09-01,3526.64990234375,12974.25,5862.10009765625,23138.0703125
2020-09-02,3580.840087890625,13243.4296875,5941.0,23247.150390625
2020-09-03,3455.06005859375,13057.76953125,5850.89990234375,23465.529296875
2020-09-04,3426.9599609375,12842.66015625,5799.10009765625,23205.4296875
2020-09-07,,13100.2802734375,5937.39990234375,23089.94921875
2020-09-08,3331.840087890625,12968.330078125,5930.2998046875,23274.130859375
2020-09-09,3398.9599609375,13237.2099609375,6012.7998046875,23032.5390625
2020-09-10,3339.18994140625,13208.8896484375,6003.2998046875,23235.470703125
2020-09-11,3340.969970703125,13202.83984375,6032.10009765625,23406.490234375
2020-09-14,3383.5400390625,13193.66015625,6026.2998046875,23559.30078125
2020-09-15,3401.199951171875,13217.669921875,6105.5,23454.890625
2020-09-16,3385.489990234375,13255.3701171875,6078.5,23475.529296875
2020-09-17,3357.010009765625,13208.1201171875,6049.89990234375,23319.369140625
2020-09-18,3319.469970703125,13116.25,6007.10009765625,23360.30078125
2020-09-21,3281.06005859375,12542.4404296875,5804.2998046875,
2020-09-22,3315.570068359375,12594.3896484375,5829.5,
2020-09-23,3236.919921875,12642.9697265625,5899.2998046875,23346.490234375
2020-09-24,3246.590087890625,12606.5703125,5822.7998046875,23087.8203125
2020-09-25,3298.4599609375,12469.2001953125,5842.7001953125,23204.619140625
2020-09-28,3351.60009765625,12870.8701171875,5927.89990234375,23511.619140625
2020-09-29,3335.469970703125,12825.8203125,5897.5,23539.099609375
2020-09-30,3363.0,12760.73046875,5866.10009765625,23185.119140625
2020-10-01,3380.800048828125,12730.76953125,5879.5,
2020-10-02,3348.419921875,12689.0400390625,5902.10009765625,23029.900390625
2020-10-05,3408.60009765625,12828.3095703125,5942.89990234375,23312.140625
2020-10-06,3360.969970703125,12906.01953125,5949.89990234375,23433.73046875
2020-10-07,3419.43994140625,12928.5703125,5946.2998046875,23422.8203125
2020-10-08,3446.830078125,13042.2099609375,5978.0,23647.0703125
2020-10-09,3477.139892578125,13051.23046875,6016.7001953125,23619.689453125
2020-10-12,3534.219970703125,13138.41015625,6001.39990234375,23558.689453125
2020-10-13,3511.929931640625,13018.990234375,5969.7001953125,23601.779296875
2020-10-14,3488.669921875,13028.0595703125,5935.10009765625,23626.73046875
2020-10-15,3483.340087890625,12703.75,5832.5,23507.23046875
2020-10-16,3483.81005859375,12908.990234375,5919.60009765625,23410.630859375
2020-10-19,3426.919921875,12854.66015625,5884.7001953125,23671.130859375
2020-10-20,3443.1201171875,12736.9501953125,5889.2001953125,23567.0390625
2020-10-21,3435.56005859375,12557.6396484375,5776.5,23639.4609375
2020-10-22,3453.489990234375,12543.0595703125,5785.7001953125,23474.26953125
2020-10-23,3465.389892578125,12645.75,5860.2998046875,23516.58984375
2020-10-26,3400.969970703125,12177.1796875,5792.0,23494.33984375
2020-10-27,3390.679931640625,12063.5703125,5729.0,23485.80078125
2020-10-28,3271.030029296875,11560.509765625,5582.7998046875,23418.509765625
2020-10-29,3310.110107421875,11598.0703125,5581.7998046875,23331.939453125
2020-10-30,3269.9599609375,11556.48046875,5577.2998046875,22977.130859375
2020-11-02,3310.239990234375,11788.2802734375,5655.0,23295.48046875
2020-11-03,3369.159912109375,12088.98046875,5786.7998046875,
2020-11-04,3443.43994140625,12324.2197265625,5883.2998046875,23695.23046875
2020-11-05,3510.449951171875,12568.08984375,5906.2001953125,24105.279296875
2020-11-06,3509.43994140625,12480.01953125,5910.0,24325.23046875
2020-11-09,3550.5,13095.9697265625,6186.2998046875,24839.83984375
2020-11-10,3545.530029296875,13163.1103515625,6296.89990234375,24905.58984375
2020-11-11,3572.659912109375,13216.1796875,6382.10009765625,25349.599609375
2020-11-12,3537.010009765625,13052.9501953125,6338.89990234375,25520.880859375
2020-11-13,3585.14990234375,13076.7197265625,6316.39990234375,25385.869140625
2020-11-16,3626.909912109375,13138.6103515625,6421.2998046875,25906.9296875
2020-11-17,3609.530029296875,13133.4697265625,6365.2998046875,26014.619140625
2020-11-18,3567.7900390625,13201.8896484375,6385.2001953125,25728.140625
2020-11-19,3581.8701171875,13086.16015625,6334.39990234375,25634.33984375
2020-11-20,3557.5400390625,13137.25,6351.5,25527.369140625
2020-11-23,3577.590087890625,13126.9697265625,6333.7998046875,
2020-11-24,3635.409912109375,13292.4404296875,6432.2001953125,26165.58984375
2020-11-25,3629.64990234375,13289.7998046875,6391.10009765625,26296.859375
2020-11-26,,13286.5703125,6362.89990234375,26537.310546875
2020-11-27,3638.35009765625,13335.6796875,6367.60009765625,26644.7109375
2020-11-30,3621.6298828125,13291.16015625,6266.2001953125,26433.619140625
2020-12-01,3662.449951171875,13382.2998046875,6384.7001953125,26787.5390625
2020-12-02,3669.010009765625,13313.240234375,6463.39990234375,26800.98046875
2020-12-03,3666.719970703125,13252.8603515625,6490.2998046875,26809.369140625
2020-12-04,3699.1201171875,13298.9599609375,6550.2001953125,26751.240234375
2020-12-07,3691.9599609375,13271.0,6555.39990234375,26547.439453125
2020-12-08,3702.25,13278.490234375,6558.7998046875,26467.080078125
2020-12-09,3672.820068359375,13340.259765625,6564.2998046875,26817.939453125
2020-12-10,3668.10009765625,13295.73046875,6599.7998046875,26756.240234375
2020-12-11,3663.4599609375,13114.2998046875,6546.7998046875,26652.51953125
2020-12-14,3647.489990234375,13223.16015625,6531.7998046875,26732.439453125
2020-12-15,3694.6201171875,13362.8701171875,6513.2998046875,26687.83984375
2020-12-16,3701.169921875,13565.98046875,6570.89990234375,26757.400390625
2020-12-17,3722.47998046875,13667.25,6551.10009765625,26806.669921875
2020-12-18,3709.409912109375,13630.509765625,6529.2001953125,26763.390625
2020-12-21,3694.919921875,13246.2998046875,6416.2998046875,26714.419921875
2020-12-22,3687.260009765625,13418.1103515625,,26436.390625
2020-12-23,3690.010009765625,13587.23046875,6495.7998046875,26524.7890625
2020-12-24,3703.06005859375,,6502.10009765625,26668.349609375
2020-12-25,,,,26656.609375
2020-12-28,3735.360107421875,13790.2900390625,,26854.029296875
2020-12-29,3727.0400390625,13761.3798828125,6602.7001953125,27568.150390625
2020-12-30,3732.0400390625,13718.7802734375,6555.7998046875,27444.169921875
2020-12-31,3756.070068359375,,6460.5,
2021-01-04,3700.64990234375,13726.740234375,6571.89990234375,27258.380859375
2021-01-05,3726.860107421875,13651.2197265625,6612.2998046875,27158.630859375
2021-01-06,3748.139892578125,13891.9697265625,6841.89990234375,27055.939453125
2021-01-07,3803.7900390625,13968.240234375,6857.0,27490.130859375
2021-01-08,3824.679931640625,14049.5302734375,6873.2998046875,28139.029296875
2021-01-11,3799.610107421875,13936.66015625,6798.5,
2021-01-12,3801.18994140625,13925.0595703125,6754.10009765625,28164.33984375
2021-01-13,3809.840087890625,13939.7099609375,6745.5,28456.58984375
2021-01-14,3795.5400390625,13988.7001953125,6802.0,28698.259765625
2021-01-15,3768.25,13787.73046875,6735.7001953125,28519.1796875
2021-01-18,,13848.349609375,6720.7001953125,28242.2109375
2021-01-19,3798.909912109375,13815.0595703125,6713.0,28633.4609375
2021-01-20,3851.85009765625,13921.3701171875,6740.39990234375,28523.259765625
2021-01-21,3853.070068359375,13906.669921875,6715.39990234375,28756.859375
2021-01-22,3841.469970703125,13873.9697265625,6695.10009765625,28631.44921875
2021-01-25,3855.360107421875,13643.9501953125,6638.89990234375,28822.2890625
2021-01-26,3849.6201171875,13870.990234375,6654.0,28546.1796875
2021-01-27,3750.77001953125,13620.4599609375,6567.39990234375,28635.2109375
2021-01-28,3787.3798828125,13665.9296875,6526.2001953125,28197.419921875
2021-01-29,3714.239990234375,13432.8701171875,6407.5,27663.390625
2021-02-01,3773.860107421875,13622.01953125,6466.39990234375,28091.05078125
2021-02-02,3826.31005859375,13835.16015625,6516.7001953125,28362.169921875
2021-02-03,3830.169921875,13933.6298828125,6507.7998046875,28646.5
2021-02-04,3871.739990234375,14060.2900390625,6503.7001953125,28341.94921875
2021-02-05,3886.830078125,14056.7197265625,6489.2998046875,28779.189453125
2021-02-08,3915.590087890625,14059.91015625,6523.5,29388.5
2021-02-09,3911.22998046875,14011.7998046875,6531.60009765625,29505.9296875
2021-02-10,3909.8798828125,13932.9697265625,6524.39990234375,29562.9296875
2021-02-11,3916.3798828125,14040.91015625,6528.7001953125,
2021-02-12,3934.830078125,14049.8896484375,6589.7998046875,29520.0703125
2021-02-15,,14109.48046875,6756.10009765625,30084.150390625
2021-02-16,3932.590087890625,14064.599609375,6748.89990234375,30467.75
2021-02-17,3931.330078125,13909.26953125,6710.89990234375,30292.189453125
2021-02-18,3913.969970703125,13886.9296875,6617.2001953125,30236.08984375
2021-02-19,3906.7099609375,13993.23046875,6624.0,30017.919921875
2021-02-22,3876.5,13950.0400390625,6612.2001953125,30156.029296875
2021-02-23,3881.3701171875,13864.8095703125,6625.89990234375,
2021-02-24,3925.429931640625,13976.0,6659.0,29671.69921875
2021-02-25,3829.340087890625,13879.330078125,6652.0,30168.26953125
2021-02-26,3811.14990234375,13786.2900390625,6483.39990234375,28966.009765625
2021-03-01,3901.820068359375,14012.8203125,6588.5,29663.5
2021-03-02,3870.2900390625,14039.7998046875,6613.7998046875,29408.169921875
2021-03-03,3819.719970703125,14080.0302734375,6675.5,29559.099609375
2021-03-04,3768.469970703125,14056.33984375,6650.89990234375,28930.109375
2021-03-05,3841.93994140625,13920.6904296875,6630.5,28864.3203125
2021-03-08,3821.35009765625,14380.91015625,6719.10009765625,28743.25
2021-03-09,3875.43994140625,14437.9404296875,6730.2998046875,29027.939453125
2021-03-10,3898.81005859375,14540.25,6725.60009765625,29036.560546875
2021-03-11,3939.340087890625,14569.3896484375,6737.0,29211.640625
2021-03-12,3943.340087890625,14502.3896484375,6761.5,29717.830078125
2021-03-15,3968.93994140625,14461.419921875,6749.7001953125,29766.970703125
2021-03-16,3962.7099609375,14557.580078125,6803.60009765625,29921.08984375
2021-03-17,3974.1201171875,14596.6103515625,6762.7001953125,29914.330078125
2021-03-18,3915.4599609375,14775.51953125,6779.7001953125,30216.75
2021-03-19,3913.10009765625,14621.0,6708.7001953125,29792.05078125
2021-03-22,3940.590087890625,14657.2099609375,6726.10009765625,29174.150390625
2021-03-23,3910.52001953125,14662.01953125,6699.2001953125,28995.919921875
2021-03-24,3889.139892578125,14610.3896484375,6712.89990234375,28405.51953125
2021-03-25,3909.52001953125,14621.3603515625,6674.7998046875,28729.880859375
2021-03-26,3974.5400390625,14748.9404296875,6740.60009765625,29176.69921875
2021-03-29,3971.090087890625,14817.7197265625,6736.2001953125,29384.51953125
2021-03-30,3958.550048828125,15008.6103515625,6772.10009765625,29432.69921875
2021-03-31,3972.889892578125,15008.33984375,6713.60009765625,29178.80078125
2021-04-01,4019.8701171875,15107.169921875,6737.2998046875,29388.869140625
2021-04-02,,,,29854.0
2021-04-05,4077.909912109375,,,30089.25
2021-04-06,4073.93994140625,15212.6796875,6823.60009765625,29696.630859375
2021-04-07,4079.949951171875,15176.3603515625,6885.2998046875,29730.7890625
2021-04-08,4097.169921875,15202.6796875,6942.2001953125,29708.98046875
2021-04-09,4128.7998046875,15234.16015625,6915.7998046875,29768.060546875
2021-04-12,4127.990234375,15215.0,6889.10009765625,29538.73046875
2021-04-13,4141.58984375,15234.3603515625,6890.5,29751.609375
2021-04-14,4124.66015625,15209.150390625,6939.60009765625,29620.990234375
2021-04-15,4170.419921875,15255.330078125,6983.5,29642.689453125
2021-04-16,4185.47021484375,15459.75,7019.5,29683.369140625
2021-04-19,4163.259765625,15368.3896484375,7000.10009765625,29685.369140625
2021-04-20,4134.93994140625,15129.509765625,6859.89990234375,29100.380859375
2021-04-21,4173.419921875,15195.9697265625,6895.2998046875,28508.55078125
2021-04-22,4134.97998046875,15320.51953125,6938.2001953125,29188.169921875
2021-04-23,4180.169921875,15279.6201171875,6938.60009765625,29020.630859375
2021-04-26,4187.6201171875,15296.33984375,6963.10009765625,29126.23046875
2021-04-27,4186.72021484375,15249.26953125,6945.0,28991.890625
2021-04-28,4183.18017578125,15292.1796875,6963.7001953125,29053.970703125
2021-04-29,4211.47021484375,15154.2001953125,6961.5,
2021-04-30,4181.169921875,15135.91015625,6969.7998046875,28812.630859375
2021-05-03,4192.66015625,15236.4697265625,,
2021-05-04,4164.66015625,14856.48046875,6923.2001953125,
2021-05-05,4167.58984375,15170.7802734375,7039.2998046875,
2021-05-06,4201.6201171875,15196.740234375,7076.2001953125,29331.369140625
2021-05-07,4232.60009765625,15399.650390625,7129.7001953125,29357.8203125
2021-05-10,4188.43017578125,15400.41015625,7123.7001953125,29518.33984375
2021-05-11,4152.10009765625,15119.75,6948.0,28608.58984375
2021-05-12,4063.0400390625,15150.2197265625,7004.60009765625,28147.509765625
2021-05-13,4112.5,15199.6796875,6963.2998046875,27448.009765625
2021-05-14,4173.85009765625,15416.6396484375,7043.60009765625,28084.470703125
2021-05-17,4163.2900390625,15396.6201171875,7032.89990234375,27824.830078125
2021-05-18,4127.830078125,15386.580078125,7034.2001953125,28406.83984375
2021-05-19,4115.68017578125,15113.5595703125,6950.2001953125,28044.44921875
2021-05-20,4159.1201171875,15370.259765625,7019.7998046875,28098.25
2021-05-21,4155.85986328125,15437.509765625,7018.10009765625,28317.830078125
2021-05-24,4197.0498046875,,7051.60009765625,28364.609375
2021-05-25,4188.1298828125,15465.08984375,7029.7998046875,28553.98046875
2021-05-26,4195.990234375,15450.7197265625,7026.89990234375,28642.189453125
2021-05-27,4200.8798828125,15406.73046875,7019.7001953125,28549.009765625
2021-05-28,4204.10986328125,15519.98046875,7022.60009765625,29149.41015625
2021-05-31,,15421.1298828125,,28860.080078125
2021-06-01,4202.0400390625,15567.3603515625,7080.5,28814.33984375
2021-06-02,4208.1201171875,15602.7099609375,7108.0,28946.140625
2021-06-03,4192.85009765625,15632.669921875,7064.39990234375,29058.109375
2021-06-04,4229.89013671875,15692.900390625,7069.0,28941.51953125
2021-06-07,4226.52001953125,15677.150390625,7077.2001953125,29019.240234375
2021-06-08,4227.259765625,15640.599609375,7095.10009765625,28963.560546875
2021-06-09,4219.5498046875,15581.1396484375,7081.0,28860.80078125
2021-06-10,4239.18017578125,15571.2197265625,7088.2001953125,28958.560546875
2021-06-11,4247.43994140625,15693.26953125,7134.10009765625,28948.73046875
2021-06-14,4255.14990234375,15673.6396484375,7146.7001953125,29161.80078125
2021-06-15,4246.58984375,15729.51953125,7172.5,29441.30078125
2021-06-16,4223.7001953125,15710.5703125,7185.0,29291.009765625
2021-06-17,4221.85986328125,15727.669921875,7153.39990234375,29018.330078125
2021-06-18,4166.4501953125,15448.0400390625,7017.5,28964.080078125
2021-06-21,4224.7900390625,15603.240234375,7062.2998046875,28010.9296875
2021-06-22,4246.43994140625,15636.330078125,7090.0,28884.130859375
2021-06-23,4241.83984375,15456.3896484375,7074.10009765625,28874.890625
2021-06-24,4266.490234375,15589.23046875,7110.0,28875.23046875
2021-06-25,4280.7001953125,15607.9697265625,7136.10009765625,29066.1796875
2021-06-28,4290.60986328125,15554.1796875,7073.0,29048.01953125
2021-06-29,4291.7998046875,15690.58984375,7087.60009765625,28812.609375
2021-06-30,4297.5,15531.0400390625,7037.5,28791.529296875
2021-07-01,4319.93994140625,15603.8095703125,7125.2001953125,28707.0390625
2021-07-02,4352.33984375,15650.08984375,7123.2998046875,28783.279296875
2021-07-05,,15661.9697265625,7164.89990234375,28598.189453125
2021-07-06,4343.5400390625,15511.3798828125,7100.89990234375,28643.2109375
2021-07-07,4358.1298828125,15692.7099609375,7151.0,28366.94921875
2021-07-08,4320.81982421875,15420.6396484375,7030.7001953125,28118.029296875
2021-07-09,4369.5498046875,15687.9296875,7121.89990234375,27940.419921875
2021-07-12,4384.6298828125,15790.509765625,7125.39990234375,28569.01953125
2021-07-13,4369.2099609375,15789.6396484375,7124.7001953125,28718.240234375
2021-07-14,4374.2998046875,15788.98046875,7091.2001953125,28608.490234375
2021-07-15,4360.02978515625,15629.66015625,7012.0,28279.08984375
2021-07-16,4327.16015625,15540.3095703125,7008.10009765625,28003.080078125
2021-07-19,4258.490234375,15133.2001953125,6844.39990234375,27652.740234375
2021-07-20,4323.06005859375,15216.26953125,6881.10009765625,27388.16015625
2021-07-21,4358.68994140625,15422.5,6998.2998046875,27548.0
2021-07-22,4367.47998046875,15514.5400390625,6968.2998046875,
2021-07-23,4411.7900390625,15669.2900390625,7027.60009765625,
2021-07-26,4422.2998046875,15618.98046875,7025.39990234375,27833.2890625
2021-07-27,4401.4599609375,15519.1298828125,6996.10009765625,27970.220703125
2021-07-28,4400.64013671875,15570.3603515625,7016.60009765625,27581.66015625
2021-07-29,4419.14990234375,15640.4697265625,7078.39990234375,27782.419921875
2021-07-30,4395.259765625,15544.3896484375,7032.2998046875,27283.58984375
2021-08-02,4387.16015625,15568.73046875,7081.7001953125,27781.01953125
2021-08-03,4423.14990234375,15555.080078125,7105.7001953125,27641.830078125
2021-08-04,4402.66015625,15692.1298828125,7123.89990234375,27584.080078125
2021-08-05,4429.10009765625,15744.669921875,7120.39990234375,27728.119140625
2021-08-06,4436.52001953125,15761.4501953125,7123.0,27820.0390625
2021-08-09,4432.35009765625,15745.41015625,7132.2998046875,
2021-08-10,4436.75,15770.7099609375,7161.0,27888.150390625
2021-08-11,4442.41015625,15826.08984375,7220.10009765625,28070.509765625
2021-08-12,4460.830078125,15937.509765625,7193.2001953125,28015.01953125
2021-08-13,4468.0,15977.4404296875,7218.7001953125,27977.150390625
2021-08-16,4479.7099609375,15925.73046875,7154.0,27523.189453125
2021-08-17,4448.080078125,15921.9501953125,7181.10009765625,27424.470703125
2021-08-18,4400.27001953125,15965.9697265625,7169.2998046875,27585.91015625
2021-08-19,4405.7998046875,15765.8095703125,7058.89990234375,27281.169921875
2021-08-20,4441.669921875,15808.0400390625,7087.89990234375,27013.25
2021-08-23,4479.52978515625,15852.7900390625,7109.0,27494.240234375
2021-08-24,4486.22998046875,15905.849609375,7125.7998046875,27732.099609375
2021-08-25,4496.18994140625,15860.66015625,7150.10009765625,27724.80078125
2021-08-26,4470.0,15793.6201171875,7125.0,27742.2890625
2021-08-27,4509.3701171875,15851.75,7148.0,27641.140625
2021-08-30,4528.7900390625,15887.3095703125,,27789.2890625
2021-08-31,4522.68017578125,15835.08984375,7119.7001953125,28089.5390625
2021-09-01,4524.08984375,15824.2900390625,7149.7998046875,28451.01953125
2021-09-02,4536.9501953125,15840.58984375,7163.89990234375,28543.509765625
2021-09-03,4535.43017578125,15781.2001953125,7138.39990234375,29128.109375
2021-09-06,,15932.1201171875,7187.2001953125,29659.890625
2021-09-07,4520.02978515625,15843.08984375,7149.39990234375,29916.140625
2021-09-08,4514.06982421875,15610.2802734375,7095.5,30181.2109375
2021-09-09,4493.27978515625,15623.150390625,7024.2001953125,30008.189453125
2021-09-10,4458.580078125,15609.8095703125,7029.2001953125,30381.83984375
2021-09-13,4468.72998046875,15701.419921875,7068.39990234375,30447.369140625
2021-09-14,4443.0498046875,15722.990234375,7034.10009765625,30670.099609375
2021-09-15,4480.7001953125,15616.0,7016.5,30511.7109375
2021-09-16,4473.75,15651.75,7027.5,30323.33984375
2021-09-17,4432.990234375,15490.169921875,6963.60009765625,30500.05078125
2021-09-20,4357.72998046875,15132.0595703125,6903.89990234375,
2021-09-21,4354.18994140625,15348.5302734375,6981.0,29839.7109375
2021-09-22,4395.64013671875,15506.740234375,7083.39990234375,29639.400390625
2021-09-23,4448.97998046875,15643.9697265625,7078.39990234375,
2021-09-24,4455.47998046875,15531.75,7051.5,30248.810546875
2021-09-27,4443.10986328125,15573.8798828125,7063.39990234375,30240.060546875
2021-09-28,4352.6298828125,15248.5595703125,7028.10009765625,30183.9609375
2021-09-29,4359.4599609375,15365.26953125,7108.2001953125,29544.2890625
2021-09-30,4307.5400390625,15260.6904296875,7086.39990234375,29452.66015625
2021-10-01,4357.0400390625,15156.4404296875,7027.10009765625,28771.0703125
2021-10-04,4300.4599609375,15036.5498046875,7011.0,28444.890625
2021-10-05,4345.72021484375,15194.490234375,7077.10009765625,27822.119140625
2021-10-06,4363.5498046875,14973.330078125,6995.89990234375,27528.869140625
2021-10-07,4399.759765625,15250.8603515625,7078.0,27678.2109375
2021-10-08,4391.33984375,15206.1298828125,7095.60009765625,28048.939453125
2021-10-11,4361.18994140625,15199.1396484375,7146.89990234375,28498.19921875
2021-10-12,4350.64990234375,15146.8701171875,7130.2001953125,28230.609375
2021-10-13,4363.7998046875,15249.3798828125,7141.7998046875,28140.279296875
2021-10-14,4438.259765625,15462.7197265625,7207.7001953125,28550.9296875
2021-10-15,4471.3701171875,15587.3603515625,7234.0,29068.630859375
2021-10-18,4486.4599609375,15474.4697265625,7203.7998046875,29025.4609375
2021-10-19,4519.6298828125,15515.830078125,7217.5,29215.51953125
2021-10-20,4536.18994140625,15522.919921875,7223.10009765625,29255.55078125
2021-10-21,4549.77978515625,15472.5595703125,7190.2998046875,28708.580078125
2021-10-22,4544.89990234375,15542.98046875,7204.60009765625,28804.849609375
2021-10-25,4566.47998046875,15599.23046875,7222.7998046875,28600.41015625
2021-10-26,4574.7900390625,15757.0595703125,7277.60009765625,29106.009765625
2021-10-27,4551.68017578125,15705.8095703125,7253.2998046875,29098.240234375
2021-10-28,4596.419921875,15696.330078125,7249.5,28820.08984375
2021-10-29,4605.3798828125,15688.76953125,7237.60009765625,28892.689453125
2021-11-01,4613.669921875,15806.2900390625,7288.60009765625,29647.080078125
2021-11-02,4630.64990234375,15954.4501953125,7274.7998046875,29520.900390625
2021-11-03,4660.56982421875,15959.98046875,7248.89990234375,
2021-11-04,4680.06005859375,16029.650390625,7279.89990234375,29794.369140625
2021-11-05,4697.52978515625,16054.3603515625,7304.0,29611.5703125
2021-11-08,4701.7001953125,16046.51953125,7300.39990234375,29507.05078125
2021-11-09,4685.25,16040.4697265625,7274.0,29285.4609375
2021-11-10,4646.7099609375,16067.830078125,7340.2001953125,29106.779296875
2021-11-11,4649.27001953125,16083.1103515625,7384.2001953125,29277.859375
2021-11-12,4682.85009765625,16094.0703125,7347.89990234375,29609.970703125
2021-11-15,4682.7998046875,16148.6396484375,7351.89990234375,29776.80078125
2021-11-16,4700.89990234375,16247.8603515625,7327.0,29808.119140625
2021-11-17,4688.669921875,16251.1298828125,7291.2001953125,29688.330078125
2021-11-18,4704.5400390625,16221.73046875,7256.0,29598.66015625
2021-11-19,4697.9599609375,16159.9697265625,7223.60009765625,29745.869140625
2021-11-22,4682.93994140625,16115.6904296875,7255.5,29774.109375
2021-11-23,4690.7001953125,15937.0,7266.7001953125,
2021-11-24,4701.4599609375,15878.3896484375,7286.2998046875,29302.66015625
2021-11-25,,15917.98046875,7310.39990234375,29499.279296875
2021-11-26,4594.6201171875,15257.0400390625,7044.0,28751.619140625
2021-11-29,4655.27001953125,15280.8603515625,7110.0,28283.919921875
2021-11-30,4567.0,15100.1298828125,7059.5,27821.759765625
2021-12-01,4513.0400390625,15472.669921875,7168.7001953125,27935.619140625
2021-12-02,4577.10009765625,15263.1103515625,7129.2001953125,27753.369140625
2021-12-03,4538.43017578125,15169.98046875,7122.2998046875,28029.5703125
2021-12-06,4591.669921875,15380.7900390625,7232.2998046875,27927.369140625
2021-12-07,4686.75,15813.9404296875,7339.89990234375,28455.599609375
2021-12-08,4701.2099609375,15687.08984375,7337.39990234375,28860.619140625
2021-12-09,4667.4501953125,15639.259765625,7321.2998046875,28725.470703125
2021-12-10,4712.02001953125,15623.3095703125,7291.7998046875,28437.76953125
2021-12-13,4668.97021484375,15621.7197265625,7231.39990234375,28640.490234375
2021-12-14,4634.08984375,15453.5595703125,7218.60009765625,28432.640625
2021-12-15,4709.85009765625,15476.349609375,7170.7998046875,28459.720703125
2021-12-16,4668.669921875,15636.400390625,7260.60009765625,29066.3203125
2021-12-17,4620.64013671875,15531.6904296875,7269.89990234375,28545.6796875
2021-12-20,4568.02001953125,15239.669921875,7198.0,27937.810546875
2021-12-21,4649.22998046875,15447.4404296875,7297.39990234375,28517.58984375
2021-12-22,4696.56005859375,15593.4697265625,7341.7001953125,28562.2109375
2021-12-23,4725.7900390625,15756.3095703125,7373.2998046875,28798.369140625
2021-12-24,,,7372.10009765625,28782.58984375
2021-12-27,4791.18994140625,15835.25,,28676.4609375
2021-12-28,4786.35009765625,15963.7001953125,,29069.16015625
2021-12-29,4793.06005859375,15852.25,7420.7001953125,28906.880859375
2021-12-30,4778.72998046875,15884.8603515625,7403.0,28791.7109375
2021-12-31,4766.18017578125,,7384.5,
2022-01-03,4796.56005859375,16020.73046875,,
2022-01-04,4793.5400390625,16152.6103515625,7505.2001953125,29301.7890625
2022-01-05,4700.580078125,16271.75,7516.89990234375,29332.16015625
2022-01-06,4696.0498046875,16052.0302734375,7450.39990234375,28487.869140625
2022-01-07,4677.02978515625,15947.740234375,7485.2998046875,28478.560546875
2022-01-10,4670.2900390625,15768.26953125,7445.2998046875,
2022-01-11,4713.06982421875,15941.8095703125,7491.39990234375,28222.48046875
2022-01-12,4726.35009765625,16010.3203125,7551.7001953125,28765.66015625
2022-01-13,4659.02978515625,16031.58984375,7563.89990234375,28489.130859375
2022-01-14,4662.85009765625,15883.240234375,7543.0,28124.279296875
2022-01-17,,15933.7197265625,7611.2001953125,28333.51953125
2022-01-18,4577.10986328125,15772.5595703125,7563.60009765625,28257.25
2022-01-19,4532.759765625,15809.7197265625,7589.7001953125,27467.23046875
2022-01-20,4482.72998046875,15912.330078125,7585.0,27772.9296875
2022-01-21,4397.93994140625,15603.8798828125,7494.10009765625,27522.259765625
2022-01-24,4410.1298828125,15011.1298828125,7297.2001953125,27588.369140625
2022-01-25,4356.4501953125,15123.8701171875,7371.5,27131.33984375
2022-01-26,4349.93017578125,15459.3896484375,7469.7998046875,27011.330078125
2022-01-27,4326.509765625,15524.26953125,7554.2998046875,26170.30078125
2022-01-28,4431.85009765625,15318.9501953125,7466.10009765625,26717.33984375
2022-01-31,4515.5498046875,15471.2001953125,7464.39990234375,27001.98046875
2022-02-01,4546.5400390625,15619.3896484375,7535.7998046875,27078.48046875
2022-02-02,4589.3798828125,15613.76953125,7583.0,27533.599609375
2022-02-03,4477.43994140625,15368.4697265625,7528.7998046875,27241.310546875
2022-02-04,4500.52978515625,15099.5595703125,7516.39990234375,27439.990234375
2022-02-07,4483.8701171875,15206.6396484375,7573.5,27248.869140625
2022-02-08,4521.5400390625,15242.3798828125,7567.10009765625,27284.51953125
2022-02-09,4587.18017578125,15482.009765625,7643.39990234375,27579.869140625
2022-02-10,4504.080078125,15490.4404296875,7672.39990234375,27696.080078125
2022-02-11,4418.64013671875,15425.1201171875,7661.0,
2022-02-14,4401.669921875,15113.9697265625,7531.60009765625,27079.58984375
2022-02-15,4471.06982421875,15412.7099609375,7608.89990234375,26865.189453125
2022-02-16,4475.009765625,15396.0703125,7603.7998046875,27460.400390625
2022-02-17,4380.259765625,15267.6298828125,7537.39990234375,27232.869140625
2022-02-18,4348.8701171875,15042.509765625,7513.60009765625,27122.0703125
2022-02-21,,14731.1201171875,7484.2998046875,26910.869140625
2022-02-22,4304.759765625,14693.0,7494.2001953125,26449.609375
2022-02-23,4225.5,14631.3603515625,7498.2001953125,
2022-02-24,4288.7001953125,14052.099609375,7207.0,25970.8203125
2022-02-25,4384.64990234375,14567.23046875,7489.5,26476.5
2022-02-28,4373.93994140625,14461.01953125,7458.2998046875,26526.8203125
2022-03-01,4306.259765625,13904.849609375,7330.2001953125,26844.720703125
2022-03-02,4386.5400390625,14000.1103515625,7429.60009765625,26393.029296875
2022-03-03,4363.490234375,13698.400390625,7238.89990234375,26577.26953125
2022-03-04,4328.8701171875,13094.5400390625,6987.10009765625,25985.470703125
2022-03-07,4201.08984375,12834.650390625,6959.5,25221.41015625
2022-03-08,4170.7001953125,12831.509765625,6964.10009765625,24790.94921875
2022-03-09,4277.8798828125,13847.9296875,7190.7001953125,24717.529296875
2022-03-10,4259.52001953125,13442.099609375,7099.10009765625,25690.400390625
2022-03-11,4204.31005859375,13628.1103515625,7155.60009765625,25162.779296875
2022-03-14,4173.10986328125,13929.1103515625,7193.5,25307.849609375
2022-03-15,4262.4501953125,13917.26953125,7175.7001953125,25346.48046875
2022-03-16,4357.85986328125,14440.740234375,7291.7001953125,25762.009765625
2022-03-17,4411.669921875,14388.0595703125,7385.2998046875,26652.890625
2022-03-18,4463.1201171875,14413.08984375,7404.7001953125,26827.4296875
2022-03-21,4461.18017578125,14326.9697265625,7442.39990234375,
2022-03-22,4511.60986328125,14473.2001953125,7476.7001953125,27224.109375
2022-03-23,4456.240234375,14283.650390625,7460.60009765625,28040.16015625
2022-03-24,4520.16015625,14273.7900390625,7467.39990234375,28110.390625
2022-03-25,4543.06005859375,14305.759765625,7483.39990234375,28149.83984375
2022-03-28,4575.52001953125,14417.3701171875,7473.10009765625,27943.890625
2022-03-29,4631.60009765625,14820.330078125,7537.2998046875,28252.419921875
2022-03-30,4602.4501953125,14606.0498046875,7578.7998046875,28027.25
2022-03-31,4530.41015625,14414.75,7515.7001953125,27821.4296875
2022-04-01,4545.85986328125,14446.48046875,7537.89990234375,27665.98046875
2022-04-04,4582.64013671875,14518.16015625,7558.89990234375,27736.470703125
2022-04-05,4525.1201171875,14424.3603515625,7613.7001953125,27787.98046875
2022-04-06,4481.14990234375,14151.6904296875,7587.7001953125,27350.30078125
2022-04-07,4500.2099609375,14078.150390625,7551.7998046875,26888.5703125
2022-04-08,4488.27978515625,14283.669921875,7669.60009765625,26985.80078125
2022-04-11,4412.52978515625,14192.7802734375,7618.2998046875,26821.51953125
2022-04-12,4397.4501953125,14124.9501953125,7576.7001953125,26334.98046875
2022-04-13,4446.58984375,14076.4404296875,7580.7998046875,26843.490234375
2022-04-14,4392.58984375,14163.849609375,7616.39990234375,27172.0
2022-04-15,,,,27093.189453125
2022-04-18,4391.68994140625,,,26799.7109375
2022-04-19,4462.2099609375,14153.4599609375,7601.2998046875,26985.08984375
2022-04-20,4459.4501953125,14362.0302734375,7629.2001953125,27217.849609375
2022-04-21,4393.66015625,14502.41015625,7628.0,27553.060546875
2022-04-22,4271.77978515625,14142.08984375,7521.7001953125,27105.259765625
2022-04-25,4296.1201171875,13924.169921875,7380.5,26590.779296875
2022-04-26,4175.2001953125,13756.400390625,7386.2001953125,26700.109375
2022-04-27,4183.9599609375,13793.9404296875,7425.60009765625,26386.630859375
2022-04-28,4287.5,13979.83984375,7509.2001953125,26847.900390625
2022-04-29,4131.93017578125,14097.8798828125,7544.60009765625,
2022-05-02,4155.3798828125,13939.0703125,,26818.529296875
2022-05-03,4175.47998046875,14039.4697265625,7561.2998046875,
2022-05-04,4300.169921875,13970.8203125,7493.5,
2022-05-05,4146.8701171875,13902.51953125,7503.2998046875,
2022-05-06,4123.33984375,13674.2900390625,7387.89990234375,27003.560546875
2022-05-09,3991.239990234375,13380.669921875,7216.60009765625,26319.33984375
2022-05-10,4001.050048828125,13534.740234375,7243.2001953125,26167.099609375
2022-05-11,3935.179931640625,13828.6396484375,7347.7001953125,26213.640625
2022-05-12,3930.080078125,13739.6396484375,7233.2998046875,25748.720703125
2022-05-13,4023.889892578125,14027.9296875,7418.2001953125,26427.650390625
2022-05-16,4008.010009765625,13964.3798828125,7464.7998046875,26547.05078125
2022-05-17,4088.85009765625,14185.9404296875,7518.39990234375,26659.75
2022-05-18,3923.679931640625,14007.759765625,7438.10009765625,26911.19921875
2022-05-19,3900.7900390625,13882.2998046875,7302.7001953125,26402.83984375
2022-05-20,3901.360107421875,13981.91015625,7390.0,26739.029296875
2022-05-23,3973.75,14175.400390625,7513.39990234375,27001.51953125
2022-05-24,3941.47998046875,13919.75,7484.39990234375,26748.140625
2022-05-25,3978.72998046875,14007.9296875,7522.7998046875,26677.80078125
2022-05-26,4057.840087890625,14231.2900390625,7564.89990234375,26604.83984375
2022-05-27,4158.240234375,14462.1904296875,7585.5,26781.6796875
2022-05-30,,14575.98046875,7600.10009765625,27369.4296875
2022-05-31,4132.14990234375,14388.349609375,7607.7001953125,27279.80078125
2022-06-01,4101.22998046875,14340.4697265625,7533.0,27457.890625
2022-06-02,4176.81982421875,14485.169921875,,27413.880859375
2022-06-03,4108.5400390625,14460.08984375,,27761.5703125
2022-06-06,4121.43017578125,14653.8095703125,7608.2001953125,27915.890625
2022-06-07,4160.68017578125,14556.6201171875,7598.89990234375,27943.94921875
2022-06-08,4115.77001953125,14445.990234375,7593.0,28234.2890625
2022-06-09,4017.820068359375,14198.7998046875,7476.2001953125,28246.529296875
2022-06-10,3900.860107421875,13761.830078125,7317.5,27824.2890625
2022-06-13,3749.6298828125,13427.0302734375,7205.7998046875,26987.439453125
2022-06-14,3735.47998046875,13304.3896484375,7187.5,26629.859375
2022-06-15,3789.989990234375,13485.2900390625,7273.39990234375,26326.16015625
2022-06-16,3666.77001953125,13038.490234375,7045.0,26431.19921875
2022-06-17,3674.840087890625,13126.259765625,7016.2998046875,25963.0
2022-06-20,,13265.599609375,7121.7998046875,25771.220703125
2022-06-21,3764.7900390625,13292.400390625,7152.10009765625,26246.310546875
2022-06-22,3759.889892578125,13144.2802734375,7089.2001953125,26149.55078125
2022-06-23,3795.72998046875,12912.58984375,7020.5,26171.25
2022-06-24,3911.739990234375,13118.1298828125,7208.7998046875,26491.970703125
2022-06-27,3900.110107421875,13186.0703125,7258.2998046875,26871.26953125
2022-06-28,3821.550048828125,13231.8203125,7323.39990234375,27049.470703125
2022-06-29,3818.830078125,13003.349609375,7312.2998046875,26804.599609375
2022-06-30,3785.3798828125,12783.76953125,7169.2998046875,26393.0390625
2022-07-01,3825.330078125,12813.0302734375,7168.7001953125,25935.619140625
2022-07-04,,12773.3798828125,7232.7001953125,26153.810546875
2022-07-05,3831.389892578125,12401.2001953125,7025.5,26423.470703125
2022-07-06,3845.080078125,12594.51953125,7107.7998046875,26107.650390625
2022-07-07,3902.6201171875,12843.2197265625,7189.10009765625,26490.529296875
2022-07-08,3899.3798828125,13015.23046875,7196.2001953125,26517.189453125
2022-07-11,3854.429931640625,12832.4404296875,7196.60009765625,26812.30078125
2022-07-12,3818.800048828125,12905.48046875,7209.89990234375,26336.66015625
2022-07-13,3801.780029296875,12756.3203125,7156.39990234375,26478.76953125
2022-07-14,3790.3798828125,12519.66015625,7039.7998046875,26643.390625
2022-07-15,3863.159912109375,12864.7197265625,7159.0,26788.470703125
2022-07-18,3830.85009765625,12959.8095703125,7223.2001953125,
2022-07-19,3936.68994140625,13308.41015625,7296.2998046875,26961.6796875
2022-07-20,3959.89990234375,13281.98046875,7264.2998046875,27680.259765625
2022-07-21,3998.949951171875,13246.6396484375,7270.5,27803.0
2022-07-22,3961.6298828125,13253.6796875,7276.39990234375,27914.66015625
2022-07-25,3966.840087890625,13210.3203125,7306.2998046875,27699.25
2022-07-26,3921.050048828125,13096.9296875,7306.2998046875,27655.2109375
2022-07-27,4023.610107421875,13166.3798828125,7348.2001953125,27715.75
2022-07-28,4072.429931640625,13282.1103515625,7345.2998046875,27815.48046875
2022-07-29,4130.2900390625,13484.0498046875,7423.39990234375,27801.640625
2022-08-01,4118.6298828125,13479.6298828125,7413.39990234375,27993.349609375
2022-08-02,4091.18994140625,13449.2001953125,7409.10009765625,27594.73046875
2022-08-03,4155.169921875,13587.5595703125,7445.7001953125,27741.900390625
2022-08-04,4151.93994140625,13662.6796875,7448.10009765625,27932.19921875
2022-08-05,4145.18994140625,13573.9296875,7439.7001953125,28175.869140625
2022-08-08,4140.06005859375,13687.6904296875,7482.39990234375,28249.240234375
2022-08-09,4122.47021484375,13534.9697265625,7488.2001953125,27999.9609375
2022-08-10,4210.240234375,13700.9296875,7507.10009765625,27819.330078125
2022-08-11,4207.27001953125,13694.509765625,7465.89990234375,
2022-08-12,4280.14990234375,13795.849609375,7500.89990234375,28546.98046875
2022-08-15,4297.14013671875,13816.6103515625,7509.2001953125,28871.779296875
2022-08-16,4305.2001953125,13910.1201171875,7536.10009765625,28868.91015625
2022-08-17,4274.0400390625,13626.7099609375,7515.7998046875,29222.76953125
2022-08-18,4283.740234375,13697.41015625,7541.89990234375,28942.140625
2022-08-19,4228.47998046875,13544.51953125,7550.39990234375,28930.330078125
2022-08-22,4137.990234375,13230.5703125,7533.7998046875,28794.5
2022-08-23,4128.72998046875,13194.23046875,7488.10009765625,28452.75
2022-08-24,4140.77001953125,13220.0595703125,7471.5,28313.470703125
2022-08-25,4199.1201171875,13271.9599609375,7479.7001953125,28479.009765625
2022-08-26,4057.659912109375,12971.4697265625,7427.2998046875,28641.380859375
2022-08-29,4030.610107421875,12892.990234375,,27878.9609375
2022-08-30,3986.159912109375,12961.1396484375,7361.60009765625,28195.580078125
2022-08-31,3955.0,12834.9599609375,7284.2001953125,28091.529296875
2022-09-01,3966.85009765625,12630.23046875,7148.5,27661.470703125
2022-09-02,3924.260009765625,13050.26953125,7281.2001953125,27650.83984375
2022-09-05,,12760.7802734375,7287.39990234375,27619.609375
2022-09-06,3908.18994140625,12871.4404296875,7300.39990234375,27626.509765625
2022-09-07,3979.8701171875,12915.9697265625,7237.7998046875,27430.30078125
2022-09-08,4006.179931640625,12904.3203125,7262.10009765625,28065.279296875
2022-09-09,4067.360107421875,13088.2099609375,7351.10009765625,28214.75
2022-09-12,4110.41015625,13402.26953125,7473.0,28542.109375
2022-09-13,3932.68994140625,13188.9501953125,7385.89990234375,28614.630859375
2022-09-14,3946.010009765625,13028.0,7277.2998046875,27818.619140625
2022-09-15,3901.35009765625,12956.66015625,7282.10009765625,27875.91015625
2022-09-16,3873.330078125,12741.259765625,7236.7001953125,27567.650390625
2022-09-19,3899.889892578125,12803.240234375,,
2022-09-20,3855.929931640625,12670.830078125,7192.7001953125,27688.419921875
2022-09-21,3789.929931640625,12767.150390625,7237.60009765625,27313.130859375
2022-09-22,3757.989990234375,12531.6298828125,7159.5,27153.830078125
2022-09-23,3693.22998046875,12284.1904296875,7018.60009765625,
2022-09-26,3655.0400390625,12227.919921875,7021.0,26431.55078125
2022-09-27,3647.2900390625,12139.6796875,6984.60009765625,26571.869140625
2022-09-28,3719.0400390625,12183.2802734375,7005.39990234375,26173.98046875
2022-09-29,3640.469970703125,11975.5498046875,6881.60009765625,26422.05078125
2022-09-30,3585.6201171875,12114.3603515625,6893.7998046875,25937.2109375
2022-10-03,3678.429931640625,12209.48046875,6908.7998046875,26215.7890625
2022-10-04,3790.929931640625,12670.48046875,7086.5,26992.2109375
2022-10-05,3783.280029296875,12517.1796875,7052.60009765625,27120.529296875
2022-10-06,3744.52001953125,12470.7802734375,6997.2998046875,27311.30078125
2022-10-07,3639.659912109375,12273.0,6991.10009765625,27116.109375
2022-10-10,3612.389892578125,12272.9404296875,6959.2998046875,
2022-10-11,3588.840087890625,12220.25,6885.2001953125,26401.25
2022-10-12,3577.030029296875,12172.259765625,6826.2001953125,26396.830078125
2022-10-13,3669.909912109375,12355.580078125,6850.2998046875,26237.419921875
2022-10-14,3583.070068359375,12437.8095703125,6858.7998046875,27090.759765625
2022-10-17,3677.949951171875,12649.0302734375,6920.2001953125,26775.7890625
2022-10-18,3719.97998046875,12765.6103515625,6936.7001953125,27156.140625
2022-10-19,3695.159912109375,12741.41015625,6925.0,27257.380859375
2022-10-20,3665.780029296875,12767.41015625,6943.89990234375,27006.9609375
2022-10-21,3752.75,12730.900390625,6969.7001953125,26890.580078125
2022-10-24,3797.340087890625,12931.4501953125,7014.0,26974.900390625
2022-10-25,3859.110107421875,13052.9599609375,7013.5,27250.279296875
2022-10-26,3830.60009765625,13195.8095703125,7056.10009765625,27431.83984375
2022-10-27,3807.300048828125,13211.23046875,7073.7001953125,27345.240234375
2022-10-28,3901.06005859375,13243.330078125,7047.7001953125,27105.19921875
2022-10-31,3871.97998046875,13253.740234375,7094.5,27587.4609375
2022-11-01,3856.10009765625,13338.740234375,7186.2001953125,27678.919921875
2022-11-02,3759.68994140625,13256.740234375,7144.10009765625,27663.390625
2022-11-03,3719.889892578125,13130.1904296875,7188.60009765625,
2022-11-04,3770.550048828125,13459.849609375,7334.7998046875,27199.740234375
2022-11-07,3806.800048828125,13533.51953125,7300.0,27527.640625
2022-11-08,3828.110107421875,13688.75,7306.10009765625,27872.109375
2022-11-09,3748.570068359375,13666.3203125,7296.2998046875,27716.4296875
2022-11-10,3956.3701171875,14146.08984375,7375.2998046875,27446.099609375
2022-11-11,3992.929931640625,14224.8603515625,7318.0,28263.5703125
2022-11-14,3957.25,14313.2998046875,7385.2001953125,27963.470703125
2022-11-15,3991.72998046875,14378.509765625,7369.39990234375,27990.169921875
2022-11-16,3958.7900390625,14234.0302734375,7351.2001953125,28028.30078125
2022-11-17,3946.56005859375,14266.3798828125,7346.5,27930.5703125
2022-11-18,3965.340087890625,14431.8603515625,7385.5,27899.76953125
2022-11-21,3949.93994140625,14379.9296875,7376.89990234375,27944.7890625
2022-11-22,4003.580078125,14422.349609375,7452.7998046875,28115.740234375
2022-11-23,4027.260009765625,14427.58984375,7465.2001953125,
2022-11-24,,14539.5595703125,7466.60009765625,28383.08984375
2022-11-25,4026.1201171875,14541.3798828125,7486.7001953125,28283.029296875
2022-11-28,3963.93994140625,14383.3603515625,7474.0,28162.830078125
2022-11-29,3957.6298828125,14355.4501953125,7512.0,28027.83984375
2022-11-30,4080.110107421875,14397.0400390625,7573.10009765625,27968.990234375
2022-12-01,4076.570068359375,14490.2998046875,7558.5,28226.080078125
2022-12-02,4071.699951171875,14529.3896484375,7556.2001953125,27777.900390625
2022-12-05,3998.840087890625,14447.6103515625,7567.5,27820.400390625
2022-12-06,3941.260009765625,14343.1904296875,7521.39990234375,27885.869140625
2022-12-07,3933.919921875,14261.1904296875,7489.2001953125,27686.400390625
2022-12-08,3963.510009765625,14264.5595703125,7472.2001953125,27574.4296875
2022-12-09,3934.3798828125,14370.7197265625,7476.60009765625,27901.009765625
2022-12-12,3990.56005859375,14306.6298828125,7446.0,27842.330078125
2022-12-13,4019.64990234375,14497.8896484375,7502.89990234375,27954.849609375
2022-12-14,3995.320068359375,14460.2001953125,7495.89990234375,28156.2109375
2022-12-15,3895.75,13986.23046875,7426.2001953125,28051.69921875
2022-12-16,3852.360107421875,13893.0703125,7332.10009765625,27527.119140625
2022-12-19,3817.659912109375,13942.8701171875,7361.2998046875,27237.640625
2022-12-20,3821.6201171875,13884.66015625,7370.60009765625,26568.029296875
2022-12-21,3878.43994140625,14097.8203125,7497.2998046875,26387.720703125
2022-12-22,3822.389892578125,13914.0703125,7469.2998046875,26507.869140625
2022-12-23,3844.820068359375,13940.9296875,7473.0,26235.25
2022-12-26,,,,26405.869140625
2022-12-27,3829.25,13995.099609375,,26447.869140625
2022-12-28,3783.219970703125,13925.599609375,7497.2001953125,26340.5
2022-12-29,3849.280029296875,14071.7197265625,7512.7001953125,26093.669921875
2022-12-30,3839.5,13923.58984375,7451.7001953125,26094.5
2023-01-02,,14069.259765625,,
2023-01-03,3824.139892578125,14181.669921875,7554.10009765625,
2023-01-04,3852.969970703125,14490.7802734375,7585.2001953125,25716.859375
2023-01-05,3808.10009765625,14436.3095703125,7633.5,25820.80078125
2023-01-06,3895.080078125,14610.01953125,7699.5,25973.849609375
2023-01-09,3892.090087890625,14792.830078125,7724.89990234375,
2023-01-10,3919.25,14774.599609375,7694.5,26175.560546875
2023-01-11,3969.610107421875,14947.91015625,7725.0,26446.0
2023-01-12,3983.169921875,15058.2998046875,7794.0,26449.8203125
2023-01-13,3999.090087890625,15086.51953125,7844.10009765625,26119.51953125
2023-01-16,,15134.0400390625,7860.10009765625,25822.3203125
2023-01-17,3990.969970703125,15187.0703125,7851.0,26138.6796875
2023-01-18,3928.860107421875,15181.7998046875,7830.7001953125,26791.119140625
2023-01-19,3898.85009765625,14920.3603515625,7747.2998046875,26405.23046875
2023-01-20,3972.610107421875,15033.5595703125,7770.60009765625,26553.529296875
2023-01-23,4019.81005859375,15102.9501953125,7784.7001953125,26906.0390625
2023-01-24,4016.949951171875,15093.1103515625,7757.39990234375,27299.189453125
2023-01-25,4016.219970703125,15081.6396484375,7744.89990234375,27395.009765625
2023-01-26,4060.429931640625,15132.849609375,7761.10009765625,27362.75
2023-01-27,4070.56005859375,15150.0302734375,7765.2001953125,27382.560546875
2023-01-30,4017.77001953125,15126.080078125,7784.89990234375,27433.400390625
2023-01-31,4076.60009765625,15128.26953125,7771.7001953125,27327.109375
2023-02-01,4119.2099609375,15180.740234375,7761.10009765625,27346.880859375
2023-02-02,4179.759765625,15509.1904296875,7820.2001953125,27402.05078125
2023-02-03,4136.47998046875,15476.4296875,7901.7998046875,27509.4609375
2023-02-06,4111.080078125,15345.91015625,7836.7001953125,27693.650390625
2023-02-07,4164.0,15320.8798828125,7864.7001953125,27685.470703125
2023-02-08,4117.85986328125,15412.0498046875,7885.2001953125,27606.4609375
2023-02-09,4081.5,15523.419921875,7911.2001953125,27584.349609375
2023-02-10,4090.4599609375,15307.98046875,7882.5,27670.98046875
2023-02-13,4137.2900390625,15397.33984375,7947.60009765625,27427.3203125
2023-02-14,4136.1298828125,15380.5595703125,7953.89990234375,27602.76953125
2023-02-15,4147.60009765625,15506.33984375,7997.7998046875,27501.859375
2023-02-16,4090.409912109375,15533.6396484375,8012.5,27696.439453125
2023-02-17,4079.090087890625,15482.0,8004.39990234375,27513.130859375
2023-02-20,,15477.5498046875,8014.2998046875,27531.939453125
2023-02-21,3997.340087890625,15397.6201171875,7977.7998046875,27473.099609375
2023-02-22,3991.050048828125,15399.8896484375,7930.60009765625,27104.3203125
2023-02-23,4012.320068359375,15475.6904296875,7907.7001953125,
2023-02-24,3970.0400390625,15209.740234375,7878.7001953125,27453.48046875
2023-02-27,3982.239990234375,15381.4296875,7935.10009765625,27423.9609375
2023-02-28,3970.14990234375,15365.1396484375,7876.2998046875,27445.560546875
2023-03-01,3951.389892578125,15305.01953125,7914.89990234375,27516.529296875
2023-03-02,3981.35009765625,15327.6396484375,7944.0,27498.869140625
2023-03-03,4045.639892578125,15578.3896484375,7947.10009765625,27927.470703125
2023-03-06,4048.419921875,15653.580078125,7929.7998046875,28237.779296875
2023-03-07,3986.3701171875,15559.5302734375,7919.5,28309.16015625
2023-03-08,3992.010009765625,15631.8701171875,7929.89990234375,28444.189453125
2023-03-09,3918.320068359375,15633.2099609375,7880.0,28623.150390625
2023-03-10,3861.590087890625,15427.9697265625,7748.39990234375,28143.970703125
2023-03-13,3855.760009765625,14959.4697265625,7548.60009765625,27832.9609375
2023-03-14,3919.2900390625,15232.830078125,7637.10009765625,27222.0390625
2023-03-15,3891.929931640625,14735.259765625,7344.5,27229.48046875
2023-03-16,3960.280029296875,14967.099609375,7410.0,27010.609375
2023-03-17,3916.639892578125,14768.2001953125,7335.39990234375,27333.7890625
2023-03-20,3951.570068359375,14933.3798828125,7403.89990234375,26945.669921875
2023-03-21,4002.8701171875,15195.33984375,7536.2001953125,
2023-03-22,3936.969970703125,15216.1904296875,7566.7998046875,27466.609375
2023-03-23,3948.719970703125,15210.3896484375,7499.60009765625,27419.609375
2023-03-24,3970.989990234375,14957.23046875,7405.5,27385.25
2023-03-27,3977.530029296875,15127.6796875,7471.7998046875,27476.869140625
2023-03-28,3971.27001953125,15142.01953125,7484.2998046875,27518.25
2023-03-29,4027.81005859375,15328.7802734375,7564.2998046875,27883.779296875
2023-03-30,4050.830078125,15522.400390625,7620.39990234375,27782.9296875
2023-03-31,4109.31005859375,15628.83984375,7631.7001953125,28041.48046875
2023-04-03,4124.509765625,15580.919921875,7673.0,28188.150390625
2023-04-04,4100.60009765625,15603.4697265625,7634.5,28287.419921875
2023-04-05,4090.3798828125,15520.169921875,7662.89990234375,27813.259765625
2023-04-06,4105.02001953125,15597.8896484375,7741.60009765625,27472.630859375
2023-04-07,,,,27518.310546875
2023-04-10,4109.10986328125,,,27633.66015625
2023-04-11,4108.93994140625,15655.169921875,7785.7001953125,27923.369140625
2023-04-12,4091.949951171875,15703.599609375,7824.7998046875,28082.69921875
2023-04-13,4146.22021484375,15729.4599609375,7843.39990234375,28156.970703125
2023-04-14,4137.64013671875,15807.5,7871.89990234375,28493.470703125
2023-04-17,4151.31982421875,15789.5302734375,7879.5,28514.779296875
2023-04-18,4154.8701171875,15882.669921875,7909.39990234375,28658.830078125
2023-04-19,4154.52001953125,15895.2001953125,7898.7998046875,28606.759765625
2023-04-20,4129.7900390625,15795.9697265625,7902.60009765625,28657.5703125
2023-04-21,4133.52001953125,15881.66015625,7914.10009765625,28564.369140625
2023-04-24,4137.0400390625,15863.9501953125,7912.2001953125,28593.51953125
2023-04-25,4071.6298828125,15872.1298828125,7891.10009765625,28620.0703125
2023-04-26,4055.989990234375,15795.73046875,7852.60009765625,28416.470703125
2023-04-27,4135.35009765625,15800.4501953125,7831.60009765625,28457.6796875
2023-04-28,4169.47998046875,15922.3798828125,7870.60009765625,28856.439453125
2023-05-01,4167.8701171875,,,29123.1796875
2023-05-02,4119.580078125,15726.9404296875,7773.0,29157.94921875
2023-05-03,4090.75,15815.0595703125,7788.39990234375,
2023-05-04,4061.219970703125,15734.240234375,7702.60009765625,
2023-05-05,4136.25,15961.01953125,7778.39990234375,
2023-05-08,4138.1201171875,15952.830078125,,28949.880859375
2023-05-09,4119.169921875,15955.48046875,7764.10009765625,29242.8203125
2023-05-10,4137.64013671875,15896.23046875,7741.2998046875,29122.1796875
2023-05-11,4130.6201171875,15834.91015625,7730.60009765625,29126.720703125
2023-05-12,4124.080078125,15913.8203125,7754.60009765625,29388.30078125
2023-05-15,4136.27978515625,15917.240234375,7777.7001953125,29626.33984375
2023-05-16,4109.89990234375,15897.9296875,7751.10009765625,29842.990234375
2023-05-17,4158.77001953125,15951.2998046875,7723.2001953125,30093.58984375
2023-05-18,4198.0498046875,16163.3603515625,7742.2998046875,30573.9296875
2023-05-19,4191.97998046875,16275.3798828125,7756.89990234375,30808.349609375
2023-05-22,4192.6298828125,16223.990234375,7771.0,31086.8203125
2023-05-23,4145.580078125,16152.8603515625,7763.0,30957.76953125
2023-05-24,4115.240234375,15842.1298828125,7627.10009765625,30682.6796875
2023-05-25,4151.27978515625,15793.7998046875,7570.89990234375,30801.130859375
2023-05-26,4205.4501953125,15983.9697265625,7627.2001953125,30916.310546875
2023-05-29,,15952.73046875,,31233.5390625
2023-05-30,4205.52001953125,15908.91015625,7522.10009765625,31328.16015625
2023-05-31,4179.830078125,15664.01953125,7446.10009765625,30887.880859375
2023-06-01,4221.02001953125,15853.66015625,7490.2998046875,31148.009765625
2023-06-02,4282.3701171875,16051.23046875,7607.2998046875,31524.220703125
2023-06-05,4273.7900390625,15963.8896484375,7600.0,32217.4296875
2023-06-06,4283.85009765625,15992.4404296875,7628.10009765625,32506.779296875
2023-06-07,4267.52001953125,15960.5595703125,7624.2998046875,31913.740234375
2023-06-08,4293.93017578125,15989.9599609375,7599.7001953125,31641.26953125
2023-06-09,4298.85986328125,15949.83984375,7562.39990234375,32265.169921875
2023-06-12,4338.93017578125,16097.8701171875,7570.7001953125,32434.0
2023-06-13,4369.009765625,16230.6796875,7594.7998046875,33018.6484375
2023-06-14,4372.58984375,16310.7900390625,7602.7001953125,33502.421875
2023-06-15,4425.83984375,16290.1201171875,7628.2998046875,33485.48828125
2023-06-16,4409.58984375,16357.6298828125,7642.7001953125,33706.078125
2023-06-19,,16201.2001953125,7588.5,33370.421875
2023-06-20,4388.7099609375,16111.3203125,7569.2998046875,33388.91015625
2023-06-21,4365.68994140625,16023.1298828125,7559.2001953125,33575.140625
2023-06-22,4381.89013671875,15988.16015625,7502.0,33264.87890625
2023-06-23,4348.330078125,15829.9404296875,7461.89990234375,32781.5390625
2023-06-26,4328.81982421875,15813.0595703125,7453.60009765625,32698.810546875
2023-06-27,4378.41015625,15846.8603515625,7461.5,32538.330078125
2023-06-28,4376.85986328125,15949.0,7500.5,33193.98828125
2023-06-29,4396.43994140625,15946.7197265625,7471.7001953125,33234.140625
2023-06-30,4450.3798828125,16147.900390625,7531.5,33189.0390625
2023-07-03,4455.58984375,16081.0400390625,7527.2998046875,33753.328125
2023-07-04,,16039.169921875,7519.7001953125,33422.51953125
2023-07-05,4446.81982421875,15937.580078125,7442.10009765625,33338.69921875
2023-07-06,4411.58984375,15528.5400390625,7280.5,32773.01953125
2023-07-07,4398.9501953125,15603.400390625,7256.89990234375,32388.419921875
2023-07-10,4409.52978515625,15673.16015625,7273.7998046875,32189.73046875
2023-07-11,4439.259765625,15790.33984375,7282.5,32203.5703125
2023-07-12,4472.16015625,16023.0,7416.10009765625,31943.9296875
2023-07-13,4510.0400390625,16141.0302734375,7440.2001953125,32419.330078125
2023-07-14,4505.419921875,16105.0703125,7434.60009765625,32391.259765625
2023-07-17,4522.7900390625,16068.650390625,7406.39990234375,
2023-07-18,4554.97998046875,16125.490234375,7453.7001953125,32493.890625
2023-07-19,4565.72021484375,16108.9296875,7588.2001953125,32896.03125
2023-07-20,4534.8701171875,16204.2197265625,7646.10009765625,32490.51953125
2023-07-21,4536.33984375,16177.2197265625,7663.7001953125,32304.25
2023-07-24,4554.64013671875,16190.9501953125,7678.60009765625,32700.939453125
2023-07-25,4567.4599609375,16211.58984375,7691.7998046875,32682.509765625
2023-07-26,4566.75,16131.4599609375,7676.89990234375,32668.33984375
2023-07-27,4537.41015625,16406.029296875,7692.7998046875,32891.16015625
2023-07-28,4582.22998046875,16469.75,7694.2998046875,32759.23046875
2023-07-31,4588.9599609375,16446.830078125,7699.39990234375,33172.21875
2023-08-01,4576.72998046875,16240.400390625,7666.2998046875,33476.578125
2023-08-02,4513.39013671875,16020.01953125,7561.60009765625,32707.689453125
2023-08-03,4501.89013671875,15893.3798828125,7529.2001953125,32159.279296875
2023-08-04,4478.02978515625,15951.8603515625,7564.39990234375,32192.75
2023-08-07,4518.43994140625,15950.759765625,7554.5,32254.560546875
2023-08-08,4499.3798828125,15774.9296875,7527.39990234375,32377.2890625
2023-08-09,4467.7099609375,15852.580078125,7587.2998046875,32204.330078125
2023-08-10,4468.830078125,15996.51953125,7618.60009765625,32473.650390625
2023-08-11,4464.0498046875,15832.169921875,7524.2001953125,
2023-08-14,4489.72021484375,15904.25,7507.2001953125,32059.91015625
2023-08-15,4437.85986328125,15767.2802734375,7389.60009765625,32238.890625
2023-08-16,4404.330078125,15789.4501953125,7356.89990234375,31766.8203125
2023-08-17,4370.35986328125,15676.900390625,7310.2001953125,31626.0
2023-08-18,4369.7099609375,15574.259765625,7262.39990234375,31450.759765625
2023-08-21,4399.77001953125,15603.2802734375,7257.7998046875,31565.640625
2023-08-22,4387.5498046875,15705.6201171875,7270.7998046875,31856.7109375
2023-08-23,4436.009765625,15728.41015625,7320.5,32010.259765625
2023-08-24,4376.31005859375,15621.490234375,7333.60009765625,32287.2109375
2023-08-25,4405.7099609375,15631.8203125,7338.60009765625,31624.279296875
2023-08-28,4433.31005859375,15792.6103515625,,32169.990234375
2023-08-29,4497.6298828125,15930.8798828125,7465.0,32226.970703125
2023-08-30,4514.8701171875,15891.9296875,7473.7001953125,32333.4609375
2023-08-31,4507.66015625,15947.080078125,7439.10009765625,32619.33984375
2023-09-01,4515.77001953125,15840.33984375,7464.5,32710.619140625
2023-09-04,,15824.849609375,7452.7998046875,32939.1796875
2023-09-05,4496.830078125,15771.7099609375,7437.89990234375,33036.76171875
2023-09-06,4465.47998046875,15741.3701171875,7426.10009765625,33241.01953125
2023-09-07,4451.14013671875,15718.66015625,7441.7001953125,32991.078125
2023-09-08,4457.490234375,15740.2998046875,7478.2001953125,32606.83984375
2023-09-11,4487.4599609375,15800.990234375,7496.89990234375,32467.759765625
2023-09-12,4461.89990234375,15715.5302734375,7527.5,32776.37109375
2023-09-13,4467.43994140625,15654.0302734375,7526.0,32706.51953125
2023-09-14,4505.10009765625,15805.2900390625,7673.10009765625,33168.1015625
2023-09-15,4450.31982421875,15893.5302734375,7711.39990234375,33533.08984375
2023-09-18,4453.52978515625,15727.1201171875,7652.89990234375,
2023-09-19,4443.9501953125,15664.48046875,7660.2001953125,33242.58984375
2023-09-20,4402.2001953125,15781.58984375,7731.7001953125,33023.78125
2023-09-21,4330.0,15571.8603515625,7678.60009765625,32571.029296875
2023-09-22,4320.06005859375,15557.2900390625,7683.89990234375,32402.41015625
2023-09-25,4337.43994140625,15405.490234375,7624.0,32678.619140625
2023-09-26,4273.52978515625,15255.8701171875,7625.7001953125,32315.05078125
2023-09-27,4274.509765625,15217.4501953125,7593.2001953125,32371.900390625
2023-09-28,4299.7001953125,15323.5,7601.89990234375,31872.51953125
2023-09-29,4288.0498046875,15386.580078125,7608.10009765625,31857.619140625
2023-10-02,4288.39013671875,15247.2099609375,7510.7001953125,31759.880859375
2023-10-03,4229.4501953125,15085.2099609375,7470.2001953125,31237.939453125
2023-10-04,4263.75,15099.919921875,7412.5,30526.880859375
2023-10-05,4258.18994140625,15070.2197265625,7451.5,31075.359375
2023-10-06,4308.5,15229.76953125,7494.60009765625,30994.669921875
2023-10-09,4335.66015625,15128.1103515625,7492.2001953125,
2023-10-10,4358.240234375,15423.51953125,7628.2001953125,31746.529296875
2023-10-11,4376.9501953125,15460.009765625,7620.0,31936.509765625
2023-10-12,4349.60986328125,15425.0302734375,7644.7998046875,32494.66015625
2023-10-13,4327.77978515625,15186.66015625,7599.60009765625,32315.990234375
2023-10-16,4373.6298828125,15237.990234375,7630.60009765625,31659.029296875
2023-10-17,4373.2001953125,15251.6904296875,7675.2001953125,32040.2890625
2023-10-18,4314.60009765625,15094.91015625,7588.0,32042.25
2023-10-19,4278.0,15045.23046875,7499.5,31430.619140625
2023-10-20,4224.16015625,14798.4697265625,7402.10009765625,31259.359375
2023-10-23,4217.0400390625,14800.7197265625,7374.7998046875,30999.55078125
2023-10-24,4247.68017578125,14879.9404296875,7389.7001953125,31062.349609375
2023-10-25,4186.77001953125,14892.1796875,7414.2998046875,31269.919921875
2023-10-26,4137.22998046875,14731.0498046875,7354.60009765625,30601.779296875
2023-10-27,4117.3701171875,14687.41015625,7291.2998046875,30991.689453125
2023-10-30,4166.81982421875,14716.5400390625,7327.39990234375,30696.9609375
2023-10-31,4193.7998046875,14810.33984375,7321.7001953125,30858.849609375
2023-11-01,4237.85986328125,14923.26953125,7342.39990234375,31601.650390625
2023-11-02,4317.77978515625,15143.599609375,7446.5,31949.890625
2023-11-03,4358.33984375,15189.25,7417.7001953125,
2023-11-06,4365.97998046875,15135.9697265625,7417.7998046875,32708.48046875
2023-11-07,4378.3798828125,15152.6396484375,7410.0,32271.8203125
2023-11-08,4382.77978515625,15229.599609375,7401.7001953125,32166.48046875
2023-11-09,4347.35009765625,15352.5400390625,7455.7001953125,32646.4609375
2023-11-10,4415.240234375,15234.3896484375,7360.60009765625,32568.109375
2023-11-13,4411.5498046875,15345.0,7425.7998046875,32585.109375
2023-11-14,4495.7001953125,15614.4296875,7440.5,32695.9296875
2023-11-15,4502.8798828125,15748.169921875,7486.89990234375,33519.69921875
2023-11-16,4508.240234375,15786.6103515625,7411.0,33424.41015625
2023-11-17,4514.02001953125,15919.16015625,7504.2998046875,33585.19921875
2023-11-20,4547.3798828125,15901.330078125,7496.39990234375,33388.03125
2023-11-21,4538.18994140625,15900.5302734375,7482.0,33354.140625
2023-11-22,4556.6201171875,15957.8203125,7469.5,33451.828125
2023-11-23,,15994.73046875,7483.60009765625,
2023-11-24,4559.33984375,16029.490234375,7488.2001953125,33625.53125
2023-11-27,4550.43017578125,15966.3701171875,7460.7001953125,33447.671875
2023-11-28,4554.89013671875,15992.669921875,7455.2001953125,33408.390625
2023-11-29,4550.580078125,16166.4501953125,7423.5,33321.21875
2023-11-30,4567.7998046875,16215.4296875,7453.7998046875,33486.890625
2023-12-01,4594.6298828125,16397.51953125,7529.39990234375,33431.51171875
2023-12-04,4569.77978515625,16404.759765625,7513.0,33231.26953125
2023-12-05,4567.18017578125,16533.109375,7489.7998046875,32775.8203125
2023-12-06,4549.33984375,16656.439453125,7515.39990234375,33445.8984375
2023-12-07,4585.58984375,16628.990234375,7513.7001953125,32858.30859375
2023-12-08,4604.3701171875,16759.220703125,7554.5,32307.859375
2023-12-11,4622.43994140625,16794.4296875,7544.89990234375,32791.80078125
2023-12-12,4643.7001953125,16791.740234375,7542.7998046875,32843.69921875
2023-12-13,4707.08984375,16766.05078125,7548.39990234375,32926.3515625
2023-12-14,4719.5498046875,16752.23046875,7649.0,32686.25
2023-12-15,4719.18994140625,16751.439453125,7576.39990234375,32970.55078125
2023-12-18,4740.56005859375,16650.55078125,7614.5,32758.98046875
2023-12-19,4768.3701171875,16744.41015625,7638.0,33219.390625
2023-12-20,4698.35009765625,16733.05078125,7715.7001953125,33675.94140625
2023-12-21,4746.75,16687.419921875,7694.7001953125,33140.46875
2023-12-22,4754.6298828125,16706.1796875,7697.5,33169.05078125
2023-12-25,,,,33254.03125
2023-12-26,4774.75,,,33305.8515625
2023-12-27,4781.580078125,16742.0703125,7725.0,33681.23828125
2023-12-28,4783.35009765625,16701.55078125,7722.7001953125,33539.62109375
2023-12-29,4769.830078125,16751.640625,7733.2001953125,33464.171875
2024-01-02,4742.830078125,16769.359375,7721.5,
2024-01-03,4704.81005859375,16538.390625,7682.2998046875,
2024-01-04,4688.68017578125,16617.2890625,7723.10009765625,33288.2890625
2024-01-05,4697.240234375,16594.2109375,7689.60009765625,33377.421875
2024-01-08,4763.5400390625,16716.470703125,7694.2001953125,
2024-01-09,4756.5,16688.359375,7684.0,33763.1796875
2024-01-10,4783.4501953125,16689.810546875,7651.7998046875,34441.71875
2024-01-11,4780.240234375,16547.029296875,7576.60009765625,35049.859375
2024-01-12,4783.830078125,16704.560546875,7624.89990234375,35577.109375
2024-01-15,,16622.220703125,7594.89990234375,35901.7890625
2024-01-16,4765.97998046875,16571.6796875,7558.2998046875,35619.1796875
2024-01-17,4739.2099609375,16431.689453125,7446.2998046875,35477.75
2024-01-18,4780.93994140625,16567.349609375,7459.10009765625,35466.171875
2024-01-19,4839.81005859375,16555.130859375,7461.89990234375,35963.26953125
2024-01-22,4850.43017578125,16683.359375,7487.7001953125,36546.94921875
2024-01-23,4864.60009765625,16627.08984375,7485.7001953125,36517.5703125
2024-01-24,4868.5498046875,16889.919921875,7527.7001953125,36226.48046875
2024-01-25,4894.16015625,16906.919921875,7529.7001953125,36236.46875
2024-01-26,4890.97021484375,16961.390625,7635.10009765625,35751.0703125
2024-01-29,4927.93017578125,16941.7109375,7632.7001953125,36026.94140625
2024-01-30,4924.97021484375,16972.33984375,7666.2998046875,36065.859375
2024-01-31,4845.64990234375,16903.759765625,7630.60009765625,36286.7109375
2024-02-01,4906.18994140625,16859.0390625,7622.2001953125,36011.4609375
2024-02-02,4958.60986328125,16918.2109375,7615.5,36158.01953125
2024-02-05,4942.81005859375,16904.060546875,7612.89990234375,36354.16015625
2024-02-06,4954.22998046875,17033.240234375,7681.0,36160.66015625
2024-02-07,4995.06005859375,16921.9609375,7628.7998046875,36119.921875
2024-02-08,4997.91015625,16963.830078125,7595.5,36863.28125
2024-02-09,5026.60986328125,16926.5,7572.60009765625,36897.421875
2024-02-12,5021.83984375,17037.349609375,7573.7001953125,
2024-02-13,4953.169921875,16880.830078125,7512.2998046875,37963.96875
2024-02-14,5000.6201171875,16945.48046875,7568.39990234375,37703.3203125
2024-02-15,5029.72998046875,17046.689453125,7597.5,38157.94140625
2024-02-16,5005.56982421875,17117.439453125,7711.7001953125,38487.23828125
2024-02-19,,17092.259765625,7728.5,38470.37890625
2024-02-20,4975.509765625,17068.4296875,7719.2001953125,38363.609375
2024-02-21,4981.7998046875,17118.119140625,7662.5,38262.16015625
2024-02-22,5087.02978515625,17370.44921875,7684.5,39098.6796875
2024-02-23,5088.7998046875,17419.330078125,7706.2998046875,
2024-02-26,5069.52978515625,17423.23046875,7684.2998046875,39233.7109375
2024-02-27,5078.18017578125,17556.490234375,7683.0,39239.51953125
2024-02-28,5069.759765625,17601.220703125,7625.0,39208.03125
2024-02-29,5096.27001953125,17678.189453125,7630.0,39166.19140625
2024-03-01,5137.080078125,17735.0703125,7682.5,39910.8203125
2024-03-04,5130.9501953125,17716.169921875,7640.2998046875,40109.23046875
2024-03-05,5078.64990234375,17698.400390625,7646.2001953125,40097.62890625
2024-03-06,5104.759765625,17716.7109375,7679.2998046875,40090.78125
2024-03-07,5157.35986328125,17842.849609375,7692.5,39598.7109375
2024-03-08,5123.68994140625,17814.509765625,7659.7001953125,39688.94140625
2024-03-11,5117.93994140625,17746.26953125,7669.2001953125,38820.48828125
2024-03-12,5175.27001953125,17965.109375,7747.7998046875,38797.51171875
2024-03-13,5165.31005859375,17961.380859375,7772.2001953125,38695.96875
2024-03-14,5150.47998046875,17942.0390625,7743.2001953125,38807.37890625
2024-03-15,5117.08984375,17936.650390625,7727.39990234375,38707.640625
2024-03-18,5149.419921875,17932.6796875,7722.60009765625,39740.44140625
2024-03-19,5178.509765625,17987.490234375,7738.2998046875,40003.6015625
2024-03-20,5224.6201171875,18015.130859375,7737.39990234375,
2024-03-21,5241.52978515625,18179.25,7882.60009765625,40815.66015625
2024-03-22,5234.18017578125,18205.939453125,7930.89990234375,40888.4296875
2024-03-25,5218.18994140625,18261.310546875,7917.60009765625,40414.12109375
2024-03-26,5203.580078125,18384.349609375,7931.0,40398.03125
2024-03-27,5248.490234375,18477.08984375,7932.0,40762.73046875
2024-03-28,5254.35009765625,18492.490234375,7952.60009765625,40168.0703125
2024-03-29,,,,40369.44140625
2024-04-01,5243.77001953125,,,39803.08984375
2024-04-02,5205.81005859375,18283.130859375,7935.10009765625,39838.91015625
2024-04-03,5211.490234375,18367.720703125,7937.39990234375,39451.8515625
2024-04-04,5147.2099609375,18403.130859375,7975.89990234375,39773.140625
2024-04-05,5204.33984375,18175.0390625,7911.2001953125,38992.078125
2024-04-08,5202.39013671875,18318.970703125,7943.5,39347.0390625
2024-04-09,5209.91015625,18076.689453125,7934.7998046875,39773.12890625
2024-04-10,5160.64013671875,18097.30078125,7961.2001953125,39581.80859375
2024-04-11,5199.06005859375,17954.48046875,7923.7998046875,39442.62890625
2024-04-12,5123.41015625,17930.3203125,7995.60009765625,39523.55078125
2024-04-15,5061.81982421875,18026.580078125,7965.5,39232.80078125
2024-04-16,5051.41015625,17766.23046875,7820.39990234375,38471.19921875
2024-04-17,5022.2099609375,17770.01953125,7848.0,37961.80078125
2024-04-18,5011.1201171875,17837.400390625,7877.10009765625,38079.69921875
2024-04-19,4967.22998046875,17737.359375,7895.89990234375,37068.3515625
2024-04-22,5010.60009765625,17860.80078125,8023.89990234375,37438.609375
2024-04-23,5070.5498046875,18137.650390625,8044.7998046875,37552.16015625
2024-04-24,5071.6298828125,18088.69921875,8040.39990234375,38460.078125
2024-04-25,5048.419921875,17917.279296875,8078.89990234375,37628.48046875
2024-04-26,5099.9599609375,18161.009765625,8139.7998046875,37934.76171875
2024-04-29,5116.169921875,18118.3203125,8147.0,
2024-04-30,5035.68994140625,17932.169921875,8144.10009765625,38405.66015625
2024-05-01,5018.39013671875,,8121.2001953125,38274.05078125
2024-05-02,5064.2001953125,17896.5,8172.2001953125,38236.0703125
2024-05-03,5127.7900390625,18001.599609375,8213.5,
2024-05-06,5180.740234375,18175.2109375,,
2024-05-07,5187.7001953125,18430.05078125,8313.7001953125,38835.1015625
2024-05-08,5187.669921875,18498.380859375,8354.099609375,38202.37109375
2024-05-09,5214.080078125,18686.599609375,8381.400390625,38073.98046875
2024-05-10,5222.68017578125,18772.849609375,8433.7998046875,38229.109375
2024-05-13,5221.419921875,18742.220703125,8415.0,38179.4609375
2024-05-14,5246.68017578125,18716.419921875,8428.099609375,38356.05859375
2024-05-15,5308.14990234375,18869.359375,8445.7998046875,38385.73046875
2024-05-16,5297.10009765625,18738.810546875,8438.7001953125,38920.26171875
2024-05-17,5303.27001953125,18704.419921875,8420.2998046875,38787.37890625
2024-05-20,5308.1298828125,18768.9609375,8424.2001953125,39069.6796875
2024-05-21,5321.41015625,18726.759765625,8416.5,38946.9296875
2024-05-22,5307.009765625,18680.19921875,8370.2998046875,38617.1015625
2024-05-23,5267.83984375,18691.3203125,8339.2001953125,39103.21875
2024-05-24,5304.72021484375,18693.369140625,8317.599609375,38646.109375
2024-05-27,,18774.7109375,,38900.01953125
2024-05-28,5306.0400390625,18677.869140625,8254.2001953125,38855.37109375
2024-05-29,5266.9501953125,18473.2890625,8183.10009765625,38556.87109375
2024-05-30,5235.47998046875,18496.7890625,8231.099609375,38054.12890625
2024-05-31,5277.509765625,18497.939453125,8275.400390625,38487.8984375
2024-06-03,5283.39990234375,18608.16015625,8262.7998046875,38923.03125
2024-06-04,5291.33984375,18405.640625,8232.0,38837.4609375
2024-06-05,5354.02978515625,18575.939453125,8247.0,38490.171875
2024-06-06,5352.9599609375,18652.669921875,8285.2998046875,38703.51171875
2024-06-07,5346.990234375,18557.26953125,8245.400390625,38683.9296875
2024-06-10,5360.7900390625,18494.890625,8228.5,39038.16015625
2024-06-11,5375.31982421875,18369.939453125,8147.7998046875,39134.7890625
2024-06-12,5421.02978515625,18630.859375,8215.5,38876.7109375
2024-06-13,5433.740234375,18265.6796875,8163.7001953125,38720.46875
2024-06-14,5431.60009765625,18002.01953125,8146.89990234375,38814.55859375
2024-06-17,5473.22998046875,18068.2109375,8142.2001953125,38102.44140625
2024-06-18,5487.02978515625,18131.970703125,8191.2998046875,38482.109375
2024-06-19,,18067.91015625,8205.099609375,38570.76171875
2024-06-20,5473.169921875,18254.1796875,8272.5,38633.01953125
2024-06-21,5464.6201171875,18163.51953125,8237.7001953125,38596.46875
2024-06-24,5447.8701171875,18325.580078125,8281.599609375,38804.6484375
2024-06-25,5469.2998046875,18177.619140625,8247.7998046875,39173.1484375
2024-06-26,5477.89990234375,18155.240234375,8225.2998046875,39667.0703125
2024-06-27,5482.8701171875,18210.55078125,8179.7001953125,39341.5390625
2024-06-28,5460.47998046875,18235.44921875,8164.10009765625,39583.078125
2024-07-01,5475.08984375,18290.66015625,8166.7998046875,39631.05859375
2024-07-02,5509.009765625,18164.060546875,8121.2001953125,40074.69140625
2024-07-03,5537.02001953125,18374.529296875,8171.10009765625,40580.76171875
2024-07-04,,18450.48046875,8241.2998046875,40913.6484375
2024-07-05,5567.18994140625,18475.44921875,8203.900390625,40912.37109375
2024-07-08,5572.85009765625,18472.05078125,8193.5,40780.69921875
2024-07-09,5576.97998046875,18236.189453125,8139.7998046875,41580.171875
2024-07-10,5633.91015625,18407.220703125,8193.5,41831.98828125
2024-07-11,5584.5400390625,18534.560546875,8223.2998046875,42224.01953125
2024-07-12,5615.35009765625,18748.1796875,8252.900390625,41190.6796875
2024-07-15,5631.22021484375,18590.890625,8183.0,
2024-07-16,5667.2001953125,18518.029296875,8164.89990234375,41275.078125
2024-07-17,5588.27001953125,18437.30078125,8187.5,41097.69140625
2024-07-18,5544.58984375,18354.759765625,8204.900390625,40126.3515625
2024-07-19,5505.0,18171.9296875,8155.7001953125,40063.7890625
2024-07-22,5564.41015625,18407.0703125,8198.7998046875,39599.0
2024-07-23,5555.740234375,18557.69921875,8167.39990234375,39594.390625
2024-07-24,5427.1298828125,18387.4609375,8153.7001953125,39154.8515625
2024-07-25,5399.22021484375,18298.720703125,8186.39990234375,37869.51171875
2024-07-26,5459.10009765625,18417.55078125,8285.7001953125,37667.41015625
2024-07-29,5463.5400390625,18320.669921875,8292.400390625,38468.62890625
2024-07-30,5436.43994140625,18411.1796875,8274.400390625,38525.94921875
2024-07-31,5522.2998046875,18508.650390625,8368.0,39101.8203125
2024-08-01,5446.68017578125,18083.05078125,8283.400390625,38126.328125
2024-08-02,5346.56005859375,17661.220703125,8174.7001953125,35909.69921875
2024-08-05,5186.330078125,17339.0,8008.2001953125,31458.419921875
2024-08-06,5240.02978515625,17354.3203125,8026.7001953125,34675.4609375
2024-08-07,5199.5,17615.150390625,8166.89990234375,35089.62109375
2024-08-08,5319.31005859375,17680.400390625,8145.0,34831.1484375
2024-08-09,5344.16015625,17722.880859375,8168.10009765625,35025.0
2024-08-12,5344.39013671875,17726.470703125,8210.2998046875,
2024-08-13,5434.43017578125,17812.05078125,8235.2001953125,36232.51171875
2024-08-14,5455.2099609375,17885.599609375,8281.099609375,36442.4296875
2024-08-15,5543.22021484375,18183.240234375,8347.400390625,36726.640625
2024-08-16,5554.25,18322.400390625,8311.400390625,38062.671875
2024-08-19,5608.25,18421.689453125,8356.900390625,37388.62109375
2024-08-20,5597.1201171875,18357.51953125,8273.2998046875,38062.921875
2024-08-21,5620.85009765625,18448.94921875,8283.400390625,37951.80078125
2024-08-22,5570.64013671875,18493.390625,8288.0,38211.01171875
2024-08-23,5634.60986328125,18633.099609375,8327.7998046875,38364.26953125
2024-08-26,5616.83984375,18617.01953125,,38110.21875
2024-08-27,5625.7998046875,18681.810546875,8345.5,38288.62109375
2024-08-28,5592.18017578125,18782.2890625,8343.900390625,38371.76171875
2024-08-29,5591.9599609375,18912.5703125,8379.599609375,38362.53125
2024-08-30,5648.39990234375,18906.919921875,8376.599609375,38647.75
2024-09-02,,18930.849609375,8363.7998046875,38700.87109375
2024-09-03,5528.93017578125,18747.109375,8298.5,38686.30859375
2024-09-04,5520.06982421875,18591.849609375,8269.599609375,37047.609375
2024-09-05,5503.41015625,18576.5,8241.7001953125,36657.08984375
2024-09-06,5408.419921875,18301.900390625,8181.5,36391.46875
2024-09-09,5471.0498046875,18443.560546875,8270.7998046875,36215.75
2024-09-10,5495.52001953125,18265.919921875,8206.0,36159.16015625
2024-09-11,5554.1298828125,18330.26953125,8193.900390625,35619.76953125
2024-09-12,5595.759765625,18518.390625,8241.0,36833.26953125
2024-09-13,5626.02001953125,18699.400390625,8273.099609375,36581.76171875
2024-09-16,5633.08984375,18633.109375,8278.400390625,
2024-09-17,5634.580078125,18726.080078125,8309.900390625,36203.21875
2024-09-18,5618.259765625,18711.490234375,8253.7001953125,36380.171875
2024-09-19,5713.64013671875,19002.380859375,8328.7001953125,37155.328125
2024-09-20,5702.5498046875,18720.009765625,8230.0,37723.91015625
2024-09-23,5718.56982421875,18846.7890625,8259.7001953125,
2024-09-24,5732.93017578125,18996.630859375,8282.7998046875,37940.58984375
2024-09-25,5722.259765625,18918.5,8268.7001953125,37870.26171875
2024-09-26,5745.3701171875,19238.359375,8284.900390625,38925.62890625
2024-09-27,5738.169921875,19473.630859375,8320.7998046875,39829.55859375
2024-09-30,5762.47998046875,19324.9296875,8237.0,37919.55078125
2024-10-01,5708.75,19213.140625,8276.7001953125,38651.96875
2024-10-02,5709.5400390625,19164.75,8290.900390625,37808.76171875
2024-10-03,5699.93994140625,19015.41015625,8282.5,38552.05859375
2024-10-04,5751.06982421875,19120.9296875,8280.599609375,38635.62109375
2024-10-07,5695.93994140625,19104.099609375,8303.599609375,39332.73828125
2024-10-08,5751.1298828125,19066.470703125,8190.60009765625,38937.5390625
2024-10-09,5792.0400390625,19254.9296875,8243.7001953125,39277.9609375
2024-10-10,5780.0498046875,19210.900390625,8237.7001953125,39380.890625
2024-10-11,5815.02978515625,19373.830078125,8253.7001953125,39605.80078125
2024-10-14,5859.85009765625,19508.2890625,8292.7001953125,
2024-10-15,5815.259765625,19486.189453125,8249.2998046875,39910.55078125
2024-10-16,5842.47021484375,19432.810546875,8329.099609375,39180.30078125
2024-10-17,5841.47021484375,19583.390625,8385.099609375,38911.19140625
2024-10-18,5864.669921875,19657.369140625,8358.2998046875,38981.75
2024-10-21,5853.97998046875,19461.189453125,8318.2001953125,38954.6015625
2024-10-22,5851.2001953125,19421.91015625,8306.5,38411.9609375
2024-10-23,5797.419921875,19377.619140625,8258.599609375,38104.859375
2024-10-24,5809.85986328125,19443.0,8269.400390625,38143.2890625
2024-10-25,5808.1201171875,19463.58984375,8248.7998046875,37913.921875
2024-10-28,5823.52001953125,19531.619140625,8285.599609375,38605.53125
2024-10-29,5832.919921875,19478.0703125,8219.599609375,38903.6796875
2024-10-30,5813.669921875,19257.33984375,8159.60009765625,39277.390625
2024-10-31,5705.4501953125,19077.5390625,8110.10009765625,39081.25
2024-11-01,5728.7998046875,19254.970703125,8177.2001953125,38053.671875
2024-11-04,5712.68994140625,19147.849609375,8184.2001953125,
2024-11-05,5782.759765625,19256.26953125,8172.39990234375,38474.8984375
2024-11-06,5929.0400390625,19039.310546875,8166.7001953125,39480.671875
2024-11-07,5973.10009765625,19362.51953125,8140.7001953125,39381.41015625
2024-11-08,5995.5400390625,19215.48046875,8072.39990234375,39500.37109375
2024-11-11,6001.35009765625,19448.599609375,8125.2001953125,39533.3203125
2024-11-12,5983.990234375,19033.640625,8025.7998046875,39376.08984375
2024-11-13,5985.3798828125,19003.109375,8030.2998046875,38721.66015625
2024-11-14,5949.169921875,19263.69921875,8071.2001953125,38535.69921875
2024-11-15,5870.6201171875,19210.810546875,8063.60009765625,38642.91015625
2024-11-18,5893.6201171875,19189.189453125,8109.2998046875,38220.8515625
2024-11-19,5916.97998046875,19060.310546875,8099.0,38414.4296875
2024-11-20,5917.10986328125,19004.779296875,8085.10009765625,38352.33984375
2024-11-21,5948.7099609375,19146.169921875,8149.2998046875,38026.171875
2024-11-22,5969.33984375,19322.58984375,8262.099609375,38283.8515625
2024-11-25,5987.3701171875,19405.19921875,8291.7001953125,38780.140625
2024-11-26,6021.6298828125,19295.98046875,8258.599609375,38442.0
2024-11-27,5998.740234375,19261.75,8274.7998046875,38134.96875
2024-11-28,,19425.73046875,8281.2001953125,38349.05859375
2024-11-29,6032.3798828125,19626.44921875,8287.2998046875,38208.03125
2024-12-02,6047.14990234375,19933.619140625,8312.900390625,38513.01953125
2024-12-03,6049.8798828125,20016.75,8359.400390625,39248.859375
2024-12-04,6086.490234375,20232.140625,8335.7998046875,39276.390625
2024-12-05,6075.10986328125,20358.80078125,8349.400390625,39395.6015625
2024-12-06,6090.27001953125,20384.609375,8308.599609375,39091.171875
2024-12-09,6052.85009765625,20345.9609375,8352.099609375,39160.5
2024-12-10,6034.91015625,20329.16015625,8280.400390625,39367.578125
2024-12-11,6084.18994140625,20399.16015625,8301.599609375,39372.23046875
2024-12-12,6051.25,20426.26953125,8311.7998046875,39849.140625
2024-12-13,6051.08984375,20405.919921875,8300.2998046875,39470.44140625
2024-12-16,6074.080078125,20313.810546875,8262.099609375,39457.48828125
2024-12-17,6050.60986328125,20246.369140625,8195.2001953125,39364.6796875
2024-12-18,5872.16015625,20242.5703125,8199.099609375,39081.7109375
2024-12-19,5867.080078125,19969.859375,8105.2998046875,38813.578125
2024-12-20,5930.85009765625,19884.75,8084.60009765625,38701.8984375
2024-12-23,5974.06982421875,19848.76953125,8102.7001953125,39161.33984375
2024-12-24,6040.0400390625,,8137.0,39036.8515625
2024-12-25,,,,39130.4296875
2024-12-26,6037.58984375,,,39568.05859375
2024-12-27,5970.83984375,19984.3203125,8149.7998046875,40281.16015625
2024-12-30,5906.93994140625,19909.140625,8121.0,39894.5390625
2024-12-31,5881.6298828125,,8173.0,
2025-01-02,5868.5498046875,20024.66015625,8260.099609375,
2025-01-03,5942.47021484375,19906.080078125,8224.0,
2025-01-06,5975.3798828125,20216.189453125,8249.7001953125,39307.05078125
2025-01-07,5909.02978515625,20340.5703125,8245.2998046875,40083.30078125
2025-01-08,5918.25,20329.939453125,8251.0,39981.05859375
2025-01-09,,20317.099609375,8319.7001953125,39605.08984375
2025-01-10,5827.0400390625,20214.7890625,8248.5,39190.3984375
2025-01-13,5836.22021484375,20132.849609375,8224.2001953125,
2025-01-14,5842.91015625,20271.330078125,8201.5,38474.30078125
2025-01-15,5949.91015625,20574.6796875,8301.099609375,38444.578125
2025-01-16,5937.33984375,20655.390625,8391.900390625,38572.6015625
2025-01-17,5996.66015625,20903.390625,8505.2001953125,38451.4609375
2025-01-20,,20990.310546875,8520.5,38902.5
2025-01-21,6049.240234375,21042.0,8548.2998046875,39027.98046875
2025-01-22,6086.3701171875,21254.26953125,8545.099609375,39646.25
2025-01-23,6118.7099609375,21411.529296875,8565.2001953125,39958.87109375
2025-01-24,6101.240234375,21394.9296875,8502.400390625,39931.98046875
2025-01-27,6012.27978515625,21282.1796875,8503.7001953125,39565.80078125
2025-01-28,6067.7001953125,21430.580078125,8533.900390625,39016.87109375
2025-01-29,6039.31005859375,21637.529296875,8557.7998046875,39414.78125
2025-01-30,6071.169921875,21727.19921875,8646.900390625,39513.96875
2025-01-31,6040.52978515625,21732.05078125,8674.0,39572.48828125
2025-02-03,5994.56982421875,21428.240234375,8583.599609375,38520.08984375
2025-02-04,6037.8798828125,21505.69921875,8570.7998046875,38798.37109375
2025-02-05,6061.47998046875,21585.9296875,8623.2998046875,38831.48046875
2025-02-06,6083.56982421875,21902.419921875,8727.2998046875,39066.53125
2025-02-07,6025.990234375,21787.0,8700.5,38787.01953125
2025-02-10,6066.43994140625,21911.740234375,8767.7998046875,38801.171875
2025-02-11,6068.5,22037.830078125,8777.400390625,
2025-02-12,6051.97021484375,22148.029296875,8807.400390625,38963.69921875
2025-02-13,6115.06982421875,22612.01953125,8764.7001953125,39461.46875
2025-02-14,6114.6298828125,22513.419921875,8732.5,39149.4296875
2025-02-17,,22798.08984375,8768.0,39174.25
2025-02-18,6129.580078125,22844.5,8766.7001953125,39270.3984375
2025-02-19,6144.14990234375,22433.630859375,8712.5,39164.609375
2025-02-20,6117.52001953125,22314.650390625,8663.0,38678.0390625
2025-02-21,6013.1298828125,22287.560546875,8659.400390625,38776.94140625
2025-02-24,5983.25,22425.9296875,8659.0,
2025-02-25,5955.25,22410.26953125,8668.7001953125,38237.7890625
2025-02-26,5956.06005859375,22794.109375,8731.5,38142.37109375
2025-02-27,5861.56982421875,22550.890625,8756.2001953125,38256.171875
2025-02-28,5954.5,22551.4296875,8809.7001953125,37155.5
2025-03-03,5849.72021484375,23147.01953125,8871.2998046875,37785.46875
2025-03-04,5778.14990234375,22326.810546875,8759.0,37331.1796875
2025-03-05,5842.6298828125,23081.029296875,8755.7998046875,37418.23828125
2025-03-06,5738.52001953125,23419.48046875,8682.7998046875,37704.9296875
2025-03-07,5770.2001953125,23008.939453125,8679.900390625,36887.171875
2025-03-10,5614.56005859375,22620.94921875,8600.2001953125,37028.26953125
2025-03-11,5572.06982421875,22328.76953125,8496.0,36793.109375
2025-03-12,5599.2998046875,22676.41015625,8541.0,36819.08984375
2025-03-13,5521.52001953125,22567.140625,8542.599609375,36790.03125
2025-03-14,5638.93994140625,22986.8203125,8632.2998046875,37053.1015625
2025-03-17,5675.1201171875,23154.5703125,8680.2998046875,37396.51953125
2025-03-18,5614.66015625,23380.69921875,8705.2001953125,37845.421875
2025-03-19,5675.2900390625,23288.060546875,8706.7001953125,37751.87890625
2025-03-20,5662.89013671875,22999.150390625,8702.0,
2025-03-21,5667.56005859375,22891.6796875,8646.7998046875,37677.05859375
2025-03-24,5767.56982421875,22852.66015625,8638.0,37608.48828125
2025-03-25,5776.64990234375,23109.7890625,8663.7998046875,37780.5390625
2025-03-26,5712.2001953125,22839.029296875,8689.599609375,38027.2890625
2025-03-27,5693.31005859375,22678.740234375,8666.099609375,37799.96875
2025-03-28,5580.93994140625,22461.51953125,8658.900390625,37120.328125
2025-03-31,5611.85009765625,22163.490234375,8582.7998046875,35617.55859375
2025-04-01,5633.06982421875,22539.98046875,8634.7998046875,35624.48046875
2025-04-02,5670.97021484375,22390.83984375,8608.5,35725.87109375
2025-04-03,5396.52001953125,21717.390625,8474.7001953125,34735.9296875
2025-04-04,5074.080078125,20641.720703125,8055.0,33780.578125
2025-04-07,5062.25,19789.619140625,7702.10009765625,31136.580078125
2025-04-08,4982.77001953125,20280.259765625,7910.5,33012.578125
2025-04-09,5456.89990234375,19670.880859375,7679.5,31714.029296875
2025-04-10,5268.0498046875,20562.73046875,7913.2998046875,34609.0
2025-04-11,5363.35986328125,20374.099609375,7964.2001953125,33585.578125
2025-04-14,5405.97021484375,20954.830078125,8134.2998046875,33982.359375
2025-04-15,5396.6298828125,21253.69921875,8249.099609375,34267.5390625
2025-04-16,5275.7001953125,21311.01953125,8275.599609375,33920.3984375
2025-04-17,5282.7001953125,21205.859375,8275.7001953125,34377.6015625
2025-04-18,,,,34730.28125
2025-04-21,5158.2001953125,,,34279.921875
2025-04-22,5287.759765625,21293.529296875,8328.599609375,34220.6015625
2025-04-23,5375.85986328125,21961.970703125,8403.2001953125,34868.62890625
2025-04-24,5484.77001953125,22064.509765625,8407.400390625,35039.1484375
2025-04-25,5525.2099609375,22242.44921875,8415.2998046875,35705.73828125
2025-04-28,5528.75,22271.669921875,8417.2998046875,35839.98828125
2025-04-29,5560.830078125,22425.830078125,8463.5,
2025-04-30,5569.06005859375,22496.98046875,8494.900390625,36045.37890625
2025-05-01,5604.14013671875,,8496.7998046875,36452.30078125
2025-05-02,5686.669921875,23086.650390625,8596.400390625,36830.69140625
2025-05-05,5650.3798828125,23344.5390625,,
2025-05-06,5606.91015625,23249.650390625,8597.400390625,
2025-05-07,5631.27978515625,23115.9609375,8559.2998046875,36779.66015625
2025-05-08,5663.93994140625,23352.689453125,8531.599609375,36928.62890625
2025-05-09,5659.91015625,23499.3203125,8554.7998046875,37503.328125
2025-05-12,5844.18994140625,23566.5390625,8605.0,37644.26171875
2025-05-13,5886.5498046875,23638.560546875,8602.900390625,38183.26171875
2025-05-14,5892.580078125,23527.009765625,8585.0,38128.12890625
2025-05-15,5916.93017578125,23695.58984375,8633.7998046875,37755.51171875
2025-05-16,5958.3798828125,23767.4296875,8684.599609375,37753.71875
2025-05-19,5963.60009765625,23934.98046875,8699.2998046875,37498.62890625
2025-05-20,5940.4599609375,24036.109375,8781.099609375,37529.48828125
2025-05-21,5844.60986328125,24122.400390625,8786.5,37298.98046875
2025-05-22,5842.009765625,23999.169921875,8739.2998046875,36985.87109375
2025-05-23,5802.81982421875,23629.580078125,8718.0,37160.46875
2025-05-26,,24027.650390625,,37531.53125
2025-05-27,5921.5400390625,24226.490234375,8778.099609375,37724.109375
2025-05-28,5888.5498046875,24038.189453125,8726.0,37722.3984375
2025-05-29,5912.169921875,23933.23046875,8716.5,38432.98046875
2025-05-30,5911.68994140625,23997.48046875,8772.400390625,37965.1015625
2025-06-02,5935.93994140625,23930.669921875,8774.2998046875,37470.671875
2025-06-03,5970.3701171875,24091.619140625,8787.0,37446.80859375
2025-06-04,5970.81005859375,24276.48046875,8801.2998046875,37747.44921875
2025-06-05,5939.2998046875,24323.580078125,8811.0,37554.48828125
2025-06-06,6000.35986328125,24304.4609375,8837.900390625,37741.609375
2025-06-09,6005.8798828125,24174.3203125,8832.2998046875,38088.5703125
2025-06-10,6038.81005859375,23987.560546875,8853.099609375,38211.51171875
2025-06-11,6022.240234375,23948.900390625,8864.400390625,38421.19140625
2025-06-12,6045.259765625,23771.44921875,8884.900390625,38173.08984375
2025-06-13,5976.97021484375,23516.23046875,8850.599609375,37834.25
2025-06-16,6033.10986328125,23699.119140625,8875.2001953125,38311.328125
2025-06-17,5982.72021484375,23434.650390625,8834.0,38536.73828125
2025-06-18,5980.8701171875,23317.810546875,8843.5,38885.1484375
2025-06-19,,23057.380859375,8791.7998046875,38488.33984375
2025-06-20,5967.83984375,23350.55078125,8774.7001953125,38403.23046875
2025-06-23,6025.169921875,23269.009765625,8758.0,38354.08984375
2025-06-24,6092.18017578125,23641.580078125,8759.0,38790.55859375
2025-06-25,6092.16015625,23498.330078125,8718.7998046875,38942.0703125
2025-06-26,6141.02001953125,23649.30078125,8735.599609375,39584.578125
2025-06-27,6173.06982421875,24033.220703125,8798.900390625,40150.7890625
2025-06-30,6204.9501953125,23909.609375,8761.0,40487.390625
2025-07-01,6198.009765625,23673.2890625,8785.2998046875,39986.328125
2025-07-02,6227.419921875,23790.109375,8774.7001953125,39762.48046875
2025-07-03,6279.35009765625,23934.130859375,8823.2001953125,39785.8984375
2025-07-04,,23787.44921875,8822.900390625,39810.87890625
2025-07-07,6229.97998046875,24073.669921875,8806.5,39587.6796875
2025-07-08,6225.52001953125,24206.91015625,8854.2001953125,39688.80859375
2025-07-09,6263.259765625,24549.560546875,8867.0,39821.28125
2025-07-10,6280.4599609375,24456.810546875,8975.7001953125,39646.359375
2025-07-11,6259.75,24255.310546875,8941.099609375,39569.6796875
2025-07-14,6268.56005859375,24160.640625,8998.099609375,39459.62109375
2025-07-15,6243.759765625,24060.2890625,8938.2998046875,39678.01953125
2025-07-16,6263.7001953125,24009.380859375,8926.599609375,39663.3984375
2025-07-17,6297.35986328125,24370.9296875,8972.599609375,39901.19140625
2025-07-18,6296.7900390625,24289.509765625,8992.099609375,39819.109375
2025-07-21,6305.60009765625,24307.80078125,9013.0,
2025-07-22,6309.6201171875,24041.900390625,9023.7998046875,39774.921875
2025-07-23,6358.91015625,24240.8203125,9061.5,41171.3203125
2025-07-24,6363.35009765625,24295.9296875,9138.400390625,41826.33984375
2025-07-25,6388.64013671875,24217.5,9120.2998046875,41456.23046875
2025-07-28,6389.77001953125,23970.359375,9081.400390625,40998.26953125
2025-07-29,6370.85986328125,24217.369140625,9136.2998046875,40674.55078125
2025-07-30,6362.89990234375,24262.220703125,9136.900390625,40654.69921875
2025-07-31,6339.39013671875,24065.470703125,9132.7998046875,41069.8203125
2025-08-01,6238.009765625,23425.970703125,9068.599609375,40799.6015625
2025-08-04,6329.93994140625,23757.689453125,9128.2998046875,40290.69921875
2025-08-05,6299.18994140625,23846.0703125,9142.7001953125,40549.5390625
2025-08-06,6345.06005859375,23924.359375,9164.2998046875,40794.859375
2025-08-07,6340.0,24192.5,9100.7998046875,41059.1484375
2025-08-08,6389.4501953125,24162.859375,9095.7001953125,41820.48046875
2025-08-11,6373.4501953125,24081.33984375,9129.7001953125,
2025-08-12,6445.759765625,24024.779296875,9147.7998046875,42718.171875
2025-08-13,6466.580078125,24185.58984375,9165.2001953125,43274.671875
2025-08-14,6468.5400390625,24377.5,9177.2001953125,42649.26171875
2025-08-15,6449.7998046875,24359.30078125,9138.900390625,43378.30859375
2025-08-18,6449.14990234375,24314.76953125,9157.7001953125,43714.30859375
2025-08-19,6411.3701171875,24423.0703125,9189.2001953125,43546.2890625
2025-08-20,6395.77978515625,24276.970703125,9288.099609375,42888.55078125
2025-08-21,6370.169921875,24293.33984375,9309.2001953125,42610.171875
2025-08-22,6466.91015625,24363.08984375,9321.400390625,42633.2890625
2025-08-25,6439.31982421875,24273.119140625,,42807.8203125
2025-08-26,6465.93994140625,24152.869140625,9265.7998046875,42394.3984375
2025-08-27,6481.39990234375,24046.2109375,9255.5,42520.26953125
2025-08-28,6501.85986328125,24039.919921875,9216.7998046875,42828.7890625
2025-08-29,6460.259765625,23902.2109375,9187.2998046875,42718.46875
2025-09-01,,24037.330078125,9196.2998046875,42188.7890625
2025-09-02,6415.5400390625,23487.330078125,9116.7001953125,42310.48828125
2025-09-03,6448.259765625,23594.80078125,9178.0,41938.890625
2025-09-04,6502.080078125,23770.330078125,9216.900390625,42580.26953125
2025-09-05,6481.5,23596.98046875,9208.2001953125,43018.75
2025-09-08,6495.14990234375,23807.130859375,9221.400390625,43643.80859375
2025-09-09,6512.60986328125,23718.44921875,9242.5,43459.2890625
2025-09-10,6532.0400390625,23632.94921875,9225.400390625,43837.671875
2025-09-11,6587.47021484375,23703.650390625,9297.599609375,44372.5
2025-09-12,6584.2900390625,23698.150390625,9283.2998046875,44768.12109375
2025-09-15,6615.27978515625,23748.859375,9277.0,
2025-09-16,6606.759765625,23329.240234375,9195.7001953125,44902.26953125
2025-09-17,6600.35009765625,23359.1796875,9208.400390625,44790.37890625
2025-09-18,6631.9599609375,23674.529296875,9228.099609375,45303.4296875
2025-09-19,6664.35986328125,23639.41015625,9216.7001953125,45045.80859375
2025-09-22,6693.75,23527.05078125,9226.7001953125,45493.66015625
2025-09-23,6656.919921875,23611.330078125,9223.2998046875,
2025-09-24,6637.97021484375,23666.810546875,9250.400390625,45630.30859375
2025-09-25,6604.72021484375,23534.830078125,9214.0,45754.9296875
2025-09-26,6643.7001953125,23739.470703125,9284.7998046875,45354.98828125
2025-09-29,6661.2099609375,23745.060546875,9299.7998046875,45043.75
2025-09-30,6688.4599609375,23880.720703125,9350.400390625,44932.62890625
2025-10-01,6711.2001953125,24113.619140625,9446.400390625,44550.8515625
2025-10-02,6715.35009765625,24422.560546875,9427.7001953125,44936.73046875
2025-10-03,6715.7900390625,24378.80078125,9491.2998046875,45769.5
2025-10-06,6740.27978515625,24378.2890625,9479.099609375,47944.76171875
2025-10-07,6714.58984375,24385.779296875,9483.599609375,47950.87890625
2025-10-08,6753.72021484375,24597.130859375,9548.900390625,47734.98828125
2025-10-09,6735.10986328125,24611.25,9509.400390625,48580.44140625
2025-10-10,6552.509765625,24241.4609375,9427.5,48088.80078125
2025-10-13,6654.72021484375,24387.9296875,9442.900390625,
2025-10-14,6644.31005859375,24236.939453125,9452.7998046875,46847.3203125
2025-10-15,6671.06005859375,24181.369140625,9424.7998046875,47672.671875
2025-10-16,6629.06982421875,24272.189453125,9436.099609375,48277.73828125
2025-10-17,6664.009765625,23830.990234375,9354.599609375,47582.1484375
2025-10-20,6735.1298828125,24258.80078125,9403.599609375,49185.5
2025-10-21,6735.35009765625,24330.029296875,9427.0,49316.05859375
2025-10-22,6699.39990234375,24151.130859375,9515.0,49307.7890625
2025-10-23,6738.43994140625,24207.7890625,9578.599609375,48641.609375
2025-10-24,6791.68994140625,24239.890625,9645.599609375,49299.6484375
2025-10-27,6875.16015625,24308.779296875,9653.7998046875,50512.3203125
2025-10-28,6890.89013671875,24278.630859375,9696.7001953125,50219.1796875
2025-10-29,6890.58984375,24124.2109375,9756.099609375,51307.6484375
2025-10-30,6822.33984375,24118.890625,9760.099609375,51325.609375
2025-10-31,6840.2001953125,23958.30078125,9717.2998046875,52411.33984375
2025-11-03,6851.97021484375,24132.41015625,9701.400390625,
2025-11-04,6771.5498046875,23949.109375,9715.0,51497.19921875
2025-11-05,6796.2900390625,24049.740234375,9777.099609375,50212.26953125
2025-11-06,6720.31982421875,23734.01953125,9735.7998046875,50883.6796875
2025-11-07,6728.7998046875,23569.9609375,9682.599609375,50276.37109375
2025-11-10,6832.43017578125,23959.990234375,9787.2001953125,50911.76171875
2025-11-11,6846.60986328125,24088.060546875,9899.599609375,50842.9296875
2025-11-12,6850.919921875,24381.4609375,9911.400390625,51063.30859375
2025-11-13,6737.490234375,24041.619140625,9807.7001953125,51281.828125
2025-11-14,6734.10986328125,23876.55078125,9698.400390625,50376.53125
2025-11-17,6672.41015625,23590.51953125,9675.400390625,50323.91015625
2025-11-18,6617.31982421875,23180.529296875,9552.2998046875,48702.98046875
2025-11-19,6642.16015625,23162.919921875,9507.400390625,48537.69921875
2025-11-20,6538.759765625,23278.849609375,9527.7001953125,49823.94140625
2025-11-21,6602.990234375,23091.869140625,9539.7001953125,48625.87890625
2025-11-24,6705.1201171875,23239.1796875,9534.900390625,
2025-11-25,6765.8798828125,23464.630859375,9609.5,48659.51953125
2025-11-26,6812.60986328125,23726.220703125,9691.599609375,49559.0703125
2025-11-27,,23767.9609375,9693.900390625,50167.1015625
2025-11-28,6849.08984375,23836.7890625,9720.5,50253.91015625
2025-12-01,6812.6298828125,23589.439453125,9702.5,49303.28125
2025-12-02,6829.3701171875,23710.859375,9701.7998046875,49303.44921875
2025-12-03,6849.72021484375,23693.7109375,9692.099609375,49864.6796875
2025-12-04,6857.1201171875,23882.029296875,9710.900390625,51028.421875
2025-12-05,6870.39990234375,24028.140625,9667.0,50491.87109375
2025-12-08,6846.509765625,24046.009765625,9645.099609375,50581.94140625
2025-12-09,6840.509765625,24162.650390625,9642.0,50655.1015625
2025-12-10,6886.68017578125,24130.140625,9655.5,50602.80078125
2025-12-11,6901.0,24294.609375,9703.2001953125,50148.8203125
2025-12-12,6827.41015625,24186.490234375,9649.0,50836.55078125
2025-12-15,6816.509765625,24229.91015625,9751.2998046875,50168.109375
2025-12-16,6800.259765625,24076.869140625,9684.7998046875,49383.2890625
2025-12-17,6721.43017578125,23960.58984375,9774.2998046875,49512.28125
2025-12-18,6774.759765625,24199.5,9837.7998046875,49001.5
2025-12-19,6834.5,24288.400390625,9897.400390625,49507.2109375
2025-12-22,6878.490234375,24283.970703125,9866.0,50402.390625
2025-12-23,6909.7900390625,24340.060546875,9889.2001953125,50412.87109375
2025-12-24,6932.0498046875,,9870.7001953125,50344.1015625
2025-12-25,,,,50407.7890625
2025-12-26,6929.93994140625,,,50750.390625
2025-12-29,6905.740234375,24351.119140625,9866.5,50526.921875
2025-12-30,6896.240234375,24490.41015625,9940.7001953125,50339.48046875
2025-12-31,6845.5,,9931.400390625,
2026-01-02,6858.47021484375,24539.33984375,9951.099609375,
2026-01-05,6902.0498046875,24868.689453125,10004.599609375,51832.80078125
2026-01-06,6944.81982421875,24892.19921875,10122.7001953125,52518.078125
2026-01-07,6920.93017578125,25122.259765625,10048.2001953125,51961.98046875
2026-01-08,6921.4599609375,25127.4609375,10044.7001953125,51117.26171875
2026-01-09,6966.27978515625,25261.640625,10124.599609375,51939.890625
2026-01-12,6977.27001953125,25405.33984375,10140.7001953125,
2026-01-13,6963.740234375,25420.66015625,10137.400390625,53549.16015625
2026-01-14,6926.60009765625,25286.240234375,10184.400390625,54341.23046875
2026-01-15,6944.47021484375,25352.390625,10238.900390625,54110.5
2026-01-16,6940.009765625,25297.130859375,10235.2998046875,53936.171875
2026-01-19,,24959.060546875,10195.400390625,53583.5703125
2026-01-20,6796.85986328125,24703.119140625,10126.7998046875,52991.1015625
2026-01-21,6875.6201171875,24560.98046875,10138.099609375,52774.640625
2026-01-22,6913.35009765625,24856.470703125,10150.099609375,53688.890625
2026-01-23,6915.60986328125,24900.7109375,10143.400390625,53846.87109375
2026-01-26,6950.22998046875,24933.080078125,10148.900390625,52885.25
2026-01-27,6978.60009765625,24894.439453125,10207.7998046875,53333.5390625
2026-01-28,6978.02978515625,24822.7890625,10154.400390625,53358.7109375
2026-01-29,6969.009765625,24309.4609375,10171.7998046875,53375.6015625
2026-01-30,6939.02978515625,24538.810546875,10223.5,53322.8515625
2026-02-02,6976.43994140625,24797.51953125,10341.599609375,52655.1796875
2026-02-03,6917.81005859375,24780.7890625,10314.599609375,54720.66015625
2026-02-04,6882.72021484375,24603.0390625,10402.2998046875,54293.359375
2026-02-05,6798.39990234375,24491.060546875,10309.2001953125,53818.0390625
2026-02-06,6932.2998046875,24721.4609375,10369.7998046875,54253.6796875
2026-02-09,6964.81982421875,25014.869140625,10386.2001953125,56363.94140625
2026-02-10,6941.81005859375,24987.849609375,10353.7998046875,57650.5390625
2026-02-11,6941.47021484375,24856.150390625,10472.099609375,
2026-02-12,6832.759765625,24852.689453125,10402.400390625,57639.83984375
2026-02-13,6836.169921875,24914.880859375,10446.400390625,56941.96875
2026-02-16,,24800.91015625,10473.7001953125,56806.41015625
2026-02-17,6843.22021484375,24998.400390625,10556.2001953125,56566.48828125
2026-02-18,6881.31005859375,25278.2109375,10686.2001953125,57143.83984375
2026-02-19,6861.89013671875,25043.5703125,10627.0,57467.828125
2026-02-20,6909.509765625,25260.689453125,10686.900390625,56825.69921875
2026-02-23,6837.75,24991.970703125,10684.7001953125,
2026-02-24,6890.06982421875,24986.25,10680.599609375,57321.08984375
2026-02-25,6946.1298828125,25175.939453125,10806.400390625,58583.12109375
2026-02-26,6908.85986328125,25289.01953125,10846.7001953125,58753.390625
2026-02-27,6878.8798828125,25284.259765625,10910.599609375,58850.26953125
2026-03-02,6881.6201171875,24638.0,10780.099609375,58057.23828125
2026-03-03,6816.6298828125,23790.650390625,10484.099609375,56279.05078125
2026-03-04,6869.5,24205.359375,10567.7001953125,54245.5390625
2026-03-05,6830.7099609375,23815.75,10413.900390625,55278.05859375
2026-03-06,6740.02001953125,23591.029296875,10284.7998046875,55620.83984375
2026-03-09,6795.990234375,23409.369140625,10249.5,52728.71875
2026-03-10,6781.47998046875,23968.630859375,10412.2001953125,54248.390625
2026-03-11,6775.7998046875,23640.029296875,10353.7998046875,55025.37109375
2026-03-12,6672.6201171875,23589.650390625,10305.2001953125,54452.9609375
2026-03-13,6632.18994140625,23447.2890625,10261.2001953125,53819.609375
2026-03-16,6699.3798828125,23564.009765625,10317.7001953125,53751.1484375
2026-03-17,6716.08984375,23730.919921875,10403.599609375,53700.390625
2026-03-18,6624.7001953125,23502.25,10305.2998046875,55239.3984375
2026-03-19,6606.490234375,22839.560546875,10063.5,53372.53125
2026-03-20,6506.47998046875,22380.189453125,9918.2998046875,
2026-03-23,6581.0,22653.859375,9894.2001953125,51515.48828125
2026-03-24,6556.3701171875,22636.91015625,9965.2001953125,52252.28125
2026-03-25,6591.89990234375,22957.080078125,10106.7998046875,53749.62109375
2026-03-26,6477.16015625,22612.970703125,9972.2001953125,53603.6484375
2026-03-27,6368.85009765625,22300.75,9967.400390625,53373.0703125
2026-03-30,6343.72021484375,22562.880859375,10128.0,51885.8515625
2026-03-31,6528.52001953125,22680.0390625,10176.5,51063.71875
2026-04-01,6575.31982421875,23298.890625,10364.7998046875,53739.6796875
2026-04-02,6582.68994140625,23168.080078125,10436.2998046875,52463.26953125
2026-04-03,,,,53123.48828125
2026-04-06,6611.830078125,,,53413.6796875
2026-04-07,6616.85009765625,22921.58984375,10348.7998046875,53429.55859375
2026-04-08,6782.81005859375,24080.630859375,10608.900390625,56308.421875
2026-04-09,6824.66015625,23806.990234375,10603.5,55895.3203125
2026-04-10,6816.89013671875,23803.94921875,10600.5,56924.109375
2026-04-13,6886.240234375,23742.439453125,10583.0,56502.76953125
2026-04-14,6967.3798828125,24044.220703125,10609.099609375,57877.390625
2026-04-15,7022.9501953125,24066.69921875,10559.599609375,58134.23828125
2026-04-16,7041.27978515625,24154.470703125,10590.0,59518.33984375
2026-04-17,7126.06005859375,24702.240234375,10667.599609375,58475.8984375
2026-04-20,7109.14013671875,24417.80078125,10609.099609375,58824.890625
2026-04-21,7064.009765625,24270.869140625,10498.099609375,59349.171875
2026-04-22,7137.89990234375,24194.900390625,10476.5,59585.859375
2026-04-23,7108.39990234375,24155.44921875,10457.0,59140.23046875
2026-04-24,7165.080078125,24128.98046875,10379.099609375,59716.1796875
2026-04-27,7173.91015625,24083.529296875,10321.099609375,60537.359375
2026-04-28,7138.7998046875,24018.259765625,10332.7998046875,59917.4609375
2026-04-29,7135.9501953125,23954.560546875,10213.099609375,
2026-04-30,7209.009765625,24292.380859375,10378.7998046875,59284.921875
2026-05-01,7230.1201171875,,10363.900390625,59513.12109375
2026-05-04,7200.75,23991.26953125,,
2026-05-05,7259.22021484375,24401.69921875,10219.099609375,
2026-05-06,7365.1201171875,24918.689453125,10438.7001953125,
2026-05-07,7337.10986328125,24663.609375,10277.0,62833.83984375
2026-05-08,7398.93017578125,24338.630859375,10233.099609375,62713.6484375
2026-05-11,7412.83984375,24350.279296875,10269.400390625,62417.87890625
2026-05-12,7400.9599609375,23954.9296875,10265.2998046875,62742.5703125
2026-05-13,7444.25,24136.810546875,10325.400390625,63272.109375
2026-05-14,7501.240234375,24456.259765625,10372.900390625,62654.05078125
2026-05-15,7408.5,23950.5703125,10195.400390625,61409.2890625
2026-05-18,7403.0498046875,24307.919921875,10323.7998046875,60815.94921875
2026-05-19,7353.60986328125,24400.650390625,10330.599609375,60550.58984375
2026-05-20,7432.97021484375,24737.240234375,10432.2998046875,59804.41015625
2026-05-21,7445.72021484375,24606.76953125,10443.5,61684.140625
2026-05-22,7473.47021484375,24888.560546875,10466.2998046875,63339.0703125
2026-05-25,,25389.099609375,,65158.19140625
2026-05-26,7519.1201171875,25184.890625,10491.400390625,64996.08984375
2026-05-27,7520.35986328125,25177.80078125,10505.0,64999.41015625
2026-05-28,7563.6298828125,25092.25,10426.0,64693.12109375
2026-05-29,7580.06005859375,25104.69921875,10409.2998046875,66329.5
2026-06-01,7599.9599609375,25003.0390625,10339.0,66934.328125
2026-06-02,7609.77978515625,25124.169921875,10373.5,66734.2421875
2026-06-03,7553.68017578125,24795.939453125,10332.2998046875,68402.1328125
2026-06-04,7584.31005859375,24944.94921875,10360.2998046875,67470.6875
2026-06-05,7383.740234375,24759.05078125,10368.099609375,66588.1171875
2026-06-08,7405.72998046875,24616.220703125,10373.2001953125,64024.6015625
2026-06-09,7386.64990234375,24433.060546875,10227.2998046875,65416.62890625
2026-06-10,7266.990234375,24195.310546875,10254.7998046875,64179.26953125
2026-06-11,7394.2998046875,24209.7109375,10303.900390625,64217.26953125
2026-06-12,7431.4599609375,24635.30078125,10471.7001953125,66020.0390625
2026-06-15,7554.2900390625,24894.009765625,10430.599609375,69317.5
2026-06-16,7511.35009765625,24910.41015625,10494.2001953125,69404.5
2026-06-17,7420.10009765625,24934.669921875,10508.599609375,69902.25
2026-06-18,7500.580078125,25026.80078125,10399.7001953125,71053.4921875
2026-06-19,,24985.8203125,10363.2998046875,71250.0625
2026-06-22,7472.7900390625,25139.689453125,10437.900390625,72353.9609375
2026-06-23,7365.4599609375,24893.580078125,10428.900390625,69788.3828125
2026-06-24,7358.22021484375,24740.359375,10461.599609375,69174.96875
2026-06-25,7357.490234375,24994.830078125,10529.900390625,72366.34375
2026-06-26,7354.02001953125,24671.220703125,10508.0,69360.8828125
2026-06-29,7440.43017578125,24626.890625,10484.2001953125,69468.109375
2026-06-30,7499.35986328125,24995.810546875,10497.099609375,70062.3203125
2026-07-01,7483.22998046875,25040.279296875,10478.2998046875,70474.9609375
2026-07-02,7483.240234375,25580.880859375,10652.900390625,68733.1484375
2026-07-03,,25779.310546875,10679.0,69744.0703125
2026-07-06,7537.43017578125,25817.890625,10651.7998046875,69737.6875
2026-07-07,7503.85009765625,25465.25,10665.900390625,68256.9609375
2026-07-08,7482.7099609375,24897.44921875,10489.0,66819.046875
2026-07-09,7543.64013671875,25118.26953125,10472.5,67743.8515625
2026-07-10,7575.39013671875,25067.08984375,10497.2998046875,68557.7265625
2026-07-13,7515.33984375,25114.25,10498.2998046875,67242.7265625
2026-07-14,7543.58984375,25147.029296875,10529.400390625,67743.5
2026-07-15,7572.39990234375,24999.529296875,10515.900390625,68751.5078125
2026-07-16,7533.77001953125,24915.490234375,10572.2001953125,66835.5390625
2026-07-17,7457.68994140625,24830.98046875,10600.400390625,64141.12109375
2026-07-20,7443.27978515625,24846.689453125,10524.7998046875,
2026-07-21,7509.2001953125,25011.349609375,10585.900390625,66232.1875
2026-07-22,7498.9599609375,25155.41015625,10717.0,66115.6015625
2026-07-23,7408.2998046875,24763.119140625,10639.2001953125,66422.6015625
2026-07-24,7411.97998046875,25099.0,10736.2001953125,64611.1484375
2026-07-27,7413.18017578125,25361.029296875,10781.7998046875,64931.19140625
2026-07-28,7428.77978515625,25464.009765625,10871.0,62364.921875
2026-07-29,7316.14990234375,25460.48046875,10908.400390625,61434.19140625
2026-07-30,7437.6298828125,25612.029296875,10897.2998046875,61867.4296875
2026-07-31,7489.72021484375,25629.240234375,10868.099609375,64362.01953125
2026-08-03,7600.5,26001.310546875,10857.7001953125,63754.8984375
2026-08-04,7736.52001953125,26202.349609375,10879.400390625,63957.53125
2026-08-05,7723.5498046875,26126.30078125,10888.2998046875,66300.4375
2026-08-06,7709.9599609375,26140.130859375,10867.900390625,65683.2578125
2026-08-07,7757.64013671875,26319.44921875,10901.099609375,65606.7109375
2026-08-10,7753.10986328125,26323.880859375,10862.5,66970.21875
2026-08-11,7728.2001953125,26391.419921875,10844.2001953125,
2026-08-12,7748.5,26331.0703125,10833.2001953125,67524.0625
2026-08-13,7798.990234375,26299.740234375,10772.7001953125,68308.59375
2026-08-14,7785.759765625,26440.310546875,10750.099609375,68713.796875
2026-08-17,7745.06005859375,26338.609375,10720.2998046875,69220.25
2026-08-18,7691.759765625,26128.359375,10728.0,67460.7265625
2026-08-19,7707.97998046875,26091.330078125,10743.400390625,65326.421875
2026-08-20,7641.16015625,25983.0390625,10748.2001953125,66216.7890625
2026-08-21,7674.3701171875,26136.560546875,10816.599609375,66016.359375
2026-08-24,7652.85986328125,26106.599609375,10854.2998046875,65528.08984375
2026-08-25,7677.27978515625,26266.140625,10886.2001953125,65856.4296875
2026-08-26,7675.7001953125,26285.9609375,10878.099609375,66262.15625
2026-08-27,7730.990234375,26367.240234375,10792.5,66131.9765625
2026-08-28,7711.759765625,26569.990234375,10824.2998046875,66405.5625
2026-08-31,7686.14013671875,26258.109375,,66311.9296875
2026-09-01,7631.47021484375,25970.109375,10789.2998046875,66215.34375
2026-09-02,7666.60009765625,25839.330078125,10756.5,64325.640625
2026-09-03,7747.7099609375,26003.3203125,10831.5,64214.48046875
2026-09-04,7718.60009765625,26046.400390625,10831.099609375,65020.94140625
2026-09-07,,26006.529296875,10822.099609375,66399.84375
2026-09-08,7673.52001953125,26007.630859375,10811.7001953125,65269.328125
2026-09-09,7636.35986328125,25576.44921875,10670.099609375,65142.78125
2026-09-10,7591.7001953125,25361.150390625,10608.900390625,65270.94921875
2026-09-11,7656.97998046875,25568.560546875,10650.400390625,64011.33984375
2026-09-14,7619.97998046875,25440.810546875,10697.599609375,63492.98828125
2026-09-15,7585.72998046875,25402.279296875,10658.099609375,63484.1015625
